ISO-10303-21;
HEADER;
/* Generated by software containing ST-Developer
 * from STEP Tools, Inc. (www.steptools.com) 
 */

FILE_DESCRIPTION(
/* description */ (''),
/* implementation_level */ '2;1');

FILE_NAME(
/* name */ 'e8e10e02-7c55-429e-90bc-784e6813aa8a.stp',
/* time_stamp */ '2026-03-08T14:50:32Z',
/* author */ (''),
/* organization */ (''),
/* preprocessor_version */ 'ST-DEVELOPER v20.1',
/* originating_system */ 'Autodesk Translation Framework v14.24.0.0',
/* authorisation */ '');

FILE_SCHEMA (('AUTOMOTIVE_DESIGN { 1 0 10303 214 3 1 1 }'));
ENDSEC;

DATA;
#10=MECHANICAL_DESIGN_GEOMETRIC_PRESENTATION_REPRESENTATION('',(#13),#5069);
#11=SHAPE_REPRESENTATION_RELATIONSHIP('SRR','None',#5076,#12);
#12=ADVANCED_BREP_SHAPE_REPRESENTATION('',(#14),#5068);
#13=STYLED_ITEM('',(#5086),#14);
#14=MANIFOLD_SOLID_BREP('Solid1',#1869);
#15=(
BOUNDED_SURFACE()
B_SPLINE_SURFACE(1,2,((#2843,#2844,#2845,#2846,#2847),(#2848,#2849,#2850,
#2851,#2852)),.UNSPECIFIED.,.F.,.F.,.F.)
B_SPLINE_SURFACE_WITH_KNOTS((2,2),(3,2,3),(0.0315789473684211,0.652631578947368),
(0.137758343228337,1.16459533982318,2.19143233641802),.UNSPECIFIED.)
GEOMETRIC_REPRESENTATION_ITEM()
RATIONAL_B_SPLINE_SURFACE(((1.,0.871070578310621,1.,0.871070578310621,1.),
(1.,0.871070578310621,1.,0.871070578310621,1.)))
REPRESENTATION_ITEM('')
SURFACE()
);
#16=(
BOUNDED_SURFACE()
B_SPLINE_SURFACE(1,2,((#2898,#2899,#2900,#2901,#2902),(#2903,#2904,#2905,
#2906,#2907)),.UNSPECIFIED.,.F.,.F.,.F.)
B_SPLINE_SURFACE_WITH_KNOTS((2,2),(3,2,3),(0.0315789473684211,0.652631578947368),
(-2.19143233641803,-1.16459533982318,-0.137758343228337),.UNSPECIFIED.)
GEOMETRIC_REPRESENTATION_ITEM()
RATIONAL_B_SPLINE_SURFACE(((1.,0.87107057831062,1.,0.87107057831062,1.),
(1.,0.87107057831062,1.,0.87107057831062,1.)))
REPRESENTATION_ITEM('')
SURFACE()
);
#17=(
BOUNDED_SURFACE()
B_SPLINE_SURFACE(1,2,((#3092,#3093,#3094,#3095,#3096),(#3097,#3098,#3099,
#3100,#3101)),.UNSPECIFIED.,.F.,.F.,.F.)
B_SPLINE_SURFACE_WITH_KNOTS((2,2),(3,2,3),(0.0265200253960743,0.548080524852202),
(0.561346852849625,1.37558782890163,2.18982880495363),.UNSPECIFIED.)
GEOMETRIC_REPRESENTATION_ITEM()
RATIONAL_B_SPLINE_SURFACE(((1.,0.918264819371371,1.,0.918264819371371,1.),
(1.,0.918264819371371,1.,0.918264819371371,1.)))
REPRESENTATION_ITEM('')
SURFACE()
);
#18=(
BOUNDED_SURFACE()
B_SPLINE_SURFACE(1,2,((#3769,#3770,#3771,#3772,#3773),(#3774,#3775,#3776,
#3777,#3778)),.UNSPECIFIED.,.F.,.F.,.F.)
B_SPLINE_SURFACE_WITH_KNOTS((2,2),(3,2,3),(0.0265200253960743,0.548080524852202),
(-2.18982880495457,-1.3755878289021,-0.561346852849624),.UNSPECIFIED.)
GEOMETRIC_REPRESENTATION_ITEM()
RATIONAL_B_SPLINE_SURFACE(((1.,0.918264819371278,1.,0.918264819371278,1.),
(1.,0.918264819371278,1.,0.918264819371278,1.)))
REPRESENTATION_ITEM('')
SURFACE()
);
#19=B_SPLINE_SURFACE_WITH_KNOTS('',3,3,((#2723,#2724,#2725,#2726,#2727,
#2728,#2729,#2730,#2731,#2732,#2733,#2734,#2735),(#2736,#2737,#2738,#2739,
#2740,#2741,#2742,#2743,#2744,#2745,#2746,#2747,#2748),(#2749,#2750,#2751,
#2752,#2753,#2754,#2755,#2756,#2757,#2758,#2759,#2760,#2761),(#2762,#2763,
#2764,#2765,#2766,#2767,#2768,#2769,#2770,#2771,#2772,#2773,#2774),(#2775,
#2776,#2777,#2778,#2779,#2780,#2781,#2782,#2783,#2784,#2785,#2786,#2787)),
 .UNSPECIFIED.,.F.,.F.,.F.,(4,1,4),(4,1,1,1,1,1,1,1,1,1,4),(0.,0.571428571428571,
1.),(9.40039999402188,12.4752059284569,15.5500118628919,17.5998824858485,
18.6248177973269,19.6497531088052,21.6996237317619,23.2370266989794,24.7744296661969,
27.8492356006319,30.9240415350669),.UNSPECIFIED.);
#20=B_SPLINE_SURFACE_WITH_KNOTS('',3,3,((#2953,#2954,#2955,#2956,#2957,
#2958,#2959,#2960,#2961,#2962,#2963,#2964,#2965,#2966,#2967),(#2968,#2969,
#2970,#2971,#2972,#2973,#2974,#2975,#2976,#2977,#2978,#2979,#2980,#2981,
#2982),(#2983,#2984,#2985,#2986,#2987,#2988,#2989,#2990,#2991,#2992,#2993,
#2994,#2995,#2996,#2997),(#2998,#2999,#3000,#3001,#3002,#3003,#3004,#3005,
#3006,#3007,#3008,#3009,#3010,#3011,#3012),(#3013,#3014,#3015,#3016,#3017,
#3018,#3019,#3020,#3021,#3022,#3023,#3024,#3025,#3026,#3027)),
 .UNSPECIFIED.,.F.,.F.,.F.,(4,1,4),(4,1,1,1,1,1,1,1,1,1,1,1,4),(0.,0.571428571428571,
1.),(10.4813103814575,13.9903425843493,15.7448586857952,17.4993747872411,
18.6690521882051,21.0084069901329,22.1780843910969,23.3477617920608,24.5174391930248,
26.2719552944707,28.0264713959166,31.5355035988084,35.0445358017002),
 .UNSPECIFIED.);
#21=B_SPLINE_SURFACE_WITH_KNOTS('',3,3,((#3144,#3145,#3146,#3147),(#3148,
#3149,#3150,#3151),(#3152,#3153,#3154,#3155),(#3156,#3157,#3158,#3159)),
 .UNSPECIFIED.,.F.,.F.,.F.,(4,4),(4,4),(0.,1.),(-1.800000000001,-0.299999999999999),
 .UNSPECIFIED.);
#22=B_SPLINE_SURFACE_WITH_KNOTS('',3,3,((#3183,#3184,#3185,#3186,#3187,
#3188,#3189,#3190,#3191,#3192,#3193,#3194),(#3195,#3196,#3197,#3198,#3199,
#3200,#3201,#3202,#3203,#3204,#3205,#3206),(#3207,#3208,#3209,#3210,#3211,
#3212,#3213,#3214,#3215,#3216,#3217,#3218),(#3219,#3220,#3221,#3222,#3223,
#3224,#3225,#3226,#3227,#3228,#3229,#3230)),.UNSPECIFIED.,.F.,.F.,.F.,(4,
4),(4,2,2,2,2,4),(0.,1.),(5.65542673266271E-17,0.115652766503398,0.232150501412941,
0.350360776457741,0.413028268410884,0.475775217735747),.UNSPECIFIED.);
#23=B_SPLINE_SURFACE_WITH_KNOTS('',3,3,((#3267,#3268,#3269,#3270),(#3271,
#3272,#3273,#3274),(#3275,#3276,#3277,#3278),(#3279,#3280,#3281,#3282)),
 .UNSPECIFIED.,.F.,.F.,.F.,(4,4),(4,4),(0.,1.),(-4.04426100374337,-4.00804924059699),
 .UNSPECIFIED.);
#24=B_SPLINE_SURFACE_WITH_KNOTS('',3,3,((#3291,#3292,#3293,#3294,#3295,
#3296,#3297,#3298,#3299,#3300),(#3301,#3302,#3303,#3304,#3305,#3306,#3307,
#3308,#3309,#3310),(#3311,#3312,#3313,#3314,#3315,#3316,#3317,#3318,#3319,
#3320),(#3321,#3322,#3323,#3324,#3325,#3326,#3327,#3328,#3329,#3330)),
 .UNSPECIFIED.,.F.,.F.,.F.,(4,4),(4,2,2,2,4),(0.,1.),(0.0435477949346133,
0.122182418585222,0.243081934859908,0.361236782532016,0.478225977609549),
 .UNSPECIFIED.);
#25=B_SPLINE_SURFACE_WITH_KNOTS('',3,3,((#3345,#3346,#3347,#3348),(#3349,
#3350,#3351,#3352),(#3353,#3354,#3355,#3356),(#3357,#3358,#3359,#3360)),
 .UNSPECIFIED.,.F.,.F.,.F.,(4,4),(4,4),(0.,1.),(0.3,1.8),.UNSPECIFIED.);
#26=B_SPLINE_SURFACE_WITH_KNOTS('',3,3,((#3412,#3413,#3414,#3415),(#3416,
#3417,#3418,#3419),(#3420,#3421,#3422,#3423),(#3424,#3425,#3426,#3427)),
 .UNSPECIFIED.,.F.,.F.,.F.,(4,4),(4,4),(0.,1.),(0.,0.0435477949346156),
 .UNSPECIFIED.);
#27=B_SPLINE_SURFACE_WITH_KNOTS('',3,3,((#3436,#3437,#3438,#3439,#3440,
#3441,#3442,#3443,#3444,#3445,#3446,#3447,#3448),(#3449,#3450,#3451,#3452,
#3453,#3454,#3455,#3456,#3457,#3458,#3459,#3460,#3461),(#3462,#3463,#3464,
#3465,#3466,#3467,#3468,#3469,#3470,#3471,#3472,#3473,#3474),(#3475,#3476,
#3477,#3478,#3479,#3480,#3481,#3482,#3483,#3484,#3485,#3486,#3487),(#3488,
#3489,#3490,#3491,#3492,#3493,#3494,#3495,#3496,#3497,#3498,#3499,#3500)),
 .UNSPECIFIED.,.F.,.F.,.F.,(4,1,4),(4,1,1,1,1,1,1,1,1,1,4),(0.,0.571428571428571,
1.),(10.4805137919497,13.9895459946158,17.498578197282,18.6682555981707,
21.0076103999481,22.1772878008368,24.5166426026142,26.2711587039473,28.0256748052804,
31.5347070079465,35.0437392106126),.UNSPECIFIED.);
#28=B_SPLINE_SURFACE_WITH_KNOTS('',3,3,((#3543,#3544,#3545,#3546),(#3547,
#3548,#3549,#3550),(#3551,#3552,#3553,#3554),(#3555,#3556,#3557,#3558)),
 .UNSPECIFIED.,.F.,.F.,.F.,(4,4),(4,4),(0.,1.),(-1.8,-0.3),
 .UNSPECIFIED.);
#29=B_SPLINE_SURFACE_WITH_KNOTS('',3,3,((#3576,#3577,#3578,#3579,#3580,
#3581,#3582,#3583,#3584,#3585,#3586,#3587),(#3588,#3589,#3590,#3591,#3592,
#3593,#3594,#3595,#3596,#3597,#3598,#3599),(#3600,#3601,#3602,#3603,#3604,
#3605,#3606,#3607,#3608,#3609,#3610,#3611),(#3612,#3613,#3614,#3615,#3616,
#3617,#3618,#3619,#3620,#3621,#3622,#3623)),.UNSPECIFIED.,.F.,.F.,.F.,(4,
4),(4,2,2,2,2,4),(0.,1.),(0.,0.114733158045952,0.230831886939293,0.349647222589038,
0.413528198699678,0.434053840243045),.UNSPECIFIED.);
#30=B_SPLINE_SURFACE_WITH_KNOTS('',3,3,((#3644,#3645,#3646,#3647),(#3648,
#3649,#3650,#3651),(#3652,#3653,#3654,#3655),(#3656,#3657,#3658,#3659)),
 .UNSPECIFIED.,.F.,.F.,.F.,(4,4),(4,4),(0.,1.),(0.434053840243044,0.477505566730333),
 .UNSPECIFIED.);
#31=B_SPLINE_SURFACE_WITH_KNOTS('',3,3,((#3664,#3665,#3666,#3667,#3668,
#3669,#3670,#3671,#3672,#3673),(#3674,#3675,#3676,#3677,#3678,#3679,#3680,
#3681,#3682,#3683),(#3684,#3685,#3686,#3687,#3688,#3689,#3690,#3691,#3692,
#3693),(#3694,#3695,#3696,#3697,#3698,#3699,#3700,#3701,#3702,#3703)),
 .UNSPECIFIED.,.F.,.F.,.F.,(4,4),(4,2,2,2,4),(0.,1.),(0.,0.120582502962062,
0.240158190223173,0.357923167829329,0.476363756357076),.UNSPECIFIED.);
#32=B_SPLINE_SURFACE_WITH_KNOTS('',3,3,((#3718,#3719,#3720,#3721),(#3722,
#3723,#3724,#3725),(#3726,#3727,#3728,#3729),(#3730,#3731,#3732,#3733)),
 .UNSPECIFIED.,.F.,.F.,.F.,(4,4),(4,4),(0.,1.),(0.3,1.800000000001),
 .UNSPECIFIED.);
#33=B_SPLINE_SURFACE_WITH_KNOTS('',3,3,((#3749,#3750,#3751,#3752),(#3753,
#3754,#3755,#3756),(#3757,#3758,#3759,#3760),(#3761,#3762,#3763,#3764)),
 .UNSPECIFIED.,.F.,.F.,.F.,(4,4),(4,4),(0.,1.),(4.67196369516165,4.70817545864398),
 .UNSPECIFIED.);
#34=B_SPLINE_SURFACE_WITH_KNOTS('',3,3,((#3809,#3810,#3811,#3812),(#3813,
#3814,#3815,#3816),(#3817,#3818,#3819,#3820),(#3821,#3822,#3823,#3824)),
 .UNSPECIFIED.,.F.,.F.,.F.,(4,4),(4,4),(0.,1.),(4.7,6.2),.UNSPECIFIED.);
#35=B_SPLINE_SURFACE_WITH_KNOTS('',3,3,((#3842,#3843,#3844,#3845,#3846,
#3847,#3848,#3849,#3850,#3851,#3852,#3853),(#3854,#3855,#3856,#3857,#3858,
#3859,#3860,#3861,#3862,#3863,#3864,#3865),(#3866,#3867,#3868,#3869,#3870,
#3871,#3872,#3873,#3874,#3875,#3876,#3877),(#3878,#3879,#3880,#3881,#3882,
#3883,#3884,#3885,#3886,#3887,#3888,#3889)),.UNSPECIFIED.,.F.,.F.,.F.,(4,
4),(4,2,2,2,2,4),(0.,1.),(7.57762066593915E-16,0.114733158046974,0.230831886944679,
0.349647222599595,0.413528198704512,0.434053840243101),.UNSPECIFIED.);
#36=B_SPLINE_SURFACE_WITH_KNOTS('',3,3,((#3925,#3926,#3927,#3928),(#3929,
#3930,#3931,#3932),(#3933,#3934,#3935,#3936),(#3937,#3938,#3939,#3940)),
 .UNSPECIFIED.,.F.,.F.,.F.,(4,4),(4,4),(0.,1.),(0.434053840243101,0.477505566730382),
 .UNSPECIFIED.);
#37=B_SPLINE_SURFACE_WITH_KNOTS('',3,3,((#3949,#3950,#3951,#3952,#3953,
#3954,#3955,#3956,#3957,#3958),(#3959,#3960,#3961,#3962,#3963,#3964,#3965,
#3966,#3967,#3968),(#3969,#3970,#3971,#3972,#3973,#3974,#3975,#3976,#3977,
#3978),(#3979,#3980,#3981,#3982,#3983,#3984,#3985,#3986,#3987,#3988)),
 .UNSPECIFIED.,.F.,.F.,.F.,(4,4),(4,2,2,2,4),(0.,1.),(0.,0.120582502961457,
0.240158190220985,0.357923167825474,0.476363756357024),.UNSPECIFIED.);
#38=B_SPLINE_SURFACE_WITH_KNOTS('',3,3,((#4003,#4004,#4005,#4006),(#4007,
#4008,#4009,#4010),(#4011,#4012,#4013,#4014),(#4015,#4016,#4017,#4018)),
 .UNSPECIFIED.,.F.,.F.,.F.,(4,4),(4,4),(0.,1.),(-6.2,-4.7),
 .UNSPECIFIED.);
#39=B_SPLINE_SURFACE_WITH_KNOTS('',3,3,((#4034,#4035,#4036,#4037),(#4038,
#4039,#4040,#4041),(#4042,#4043,#4044,#4045),(#4046,#4047,#4048,#4049)),
 .UNSPECIFIED.,.F.,.F.,.F.,(4,4),(4,4),(0.,1.),(4.67196369516165,4.70817545864398),
 .UNSPECIFIED.);
#40=B_SPLINE_SURFACE_WITH_KNOTS('',3,3,((#4075,#4076,#4077,#4078),(#4079,
#4080,#4081,#4082),(#4083,#4084,#4085,#4086),(#4087,#4088,#4089,#4090)),
 .UNSPECIFIED.,.F.,.F.,.F.,(4,4),(4,4),(0.,1.),(4.7,6.2),.UNSPECIFIED.);
#41=B_SPLINE_SURFACE_WITH_KNOTS('',3,3,((#4108,#4109,#4110,#4111,#4112,
#4113,#4114,#4115,#4116,#4117,#4118,#4119),(#4120,#4121,#4122,#4123,#4124,
#4125,#4126,#4127,#4128,#4129,#4130,#4131),(#4132,#4133,#4134,#4135,#4136,
#4137,#4138,#4139,#4140,#4141,#4142,#4143),(#4144,#4145,#4146,#4147,#4148,
#4149,#4150,#4151,#4152,#4153,#4154,#4155)),.UNSPECIFIED.,.F.,.F.,.F.,(4,
4),(4,2,2,2,2,4),(0.,1.),(2.80464788785904E-17,0.11565276650367,0.232150501414455,
0.350360776460913,0.413028268412188,0.475775217735627),.UNSPECIFIED.);
#42=B_SPLINE_SURFACE_WITH_KNOTS('',3,3,((#4176,#4177,#4178,#4179),(#4180,
#4181,#4182,#4183),(#4184,#4185,#4186,#4187),(#4188,#4189,#4190,#4191)),
 .UNSPECIFIED.,.F.,.F.,.F.,(4,4),(4,4),(0.,1.),(-4.04426100374337,-4.008049240597),
 .UNSPECIFIED.);
#43=B_SPLINE_SURFACE_WITH_KNOTS('',3,3,((#4196,#4197,#4198,#4199,#4200,
#4201,#4202,#4203,#4204,#4205),(#4206,#4207,#4208,#4209,#4210,#4211,#4212,
#4213,#4214,#4215),(#4216,#4217,#4218,#4219,#4220,#4221,#4222,#4223,#4224,
#4225),(#4226,#4227,#4228,#4229,#4230,#4231,#4232,#4233,#4234,#4235)),
 .UNSPECIFIED.,.F.,.F.,.F.,(4,4),(4,2,2,2,4),(0.,1.),(0.0435477949346136,
0.122182418584415,0.243081934854551,0.361236782521322,0.478225977609492),
 .UNSPECIFIED.);
#44=B_SPLINE_SURFACE_WITH_KNOTS('',3,3,((#4260,#4261,#4262,#4263),(#4264,
#4265,#4266,#4267),(#4268,#4269,#4270,#4271),(#4272,#4273,#4274,#4275)),
 .UNSPECIFIED.,.F.,.F.,.F.,(4,4),(4,4),(0.,1.),(-6.2,-4.7),
 .UNSPECIFIED.);
#45=B_SPLINE_SURFACE_WITH_KNOTS('',3,3,((#4291,#4292,#4293,#4294),(#4295,
#4296,#4297,#4298),(#4299,#4300,#4301,#4302),(#4303,#4304,#4305,#4306)),
 .UNSPECIFIED.,.F.,.F.,.F.,(4,4),(4,4),(0.,1.),(0.,0.0435477949346144),
 .UNSPECIFIED.);
#46=B_SPLINE_SURFACE_WITH_KNOTS('',3,3,((#4311,#4312,#4313,#4314,#4315,
#4316,#4317,#4318,#4319,#4320,#4321,#4322,#4323),(#4324,#4325,#4326,#4327,
#4328,#4329,#4330,#4331,#4332,#4333,#4334,#4335,#4336),(#4337,#4338,#4339,
#4340,#4341,#4342,#4343,#4344,#4345,#4346,#4347,#4348,#4349),(#4350,#4351,
#4352,#4353,#4354,#4355,#4356,#4357,#4358,#4359,#4360,#4361,#4362),(#4363,
#4364,#4365,#4366,#4367,#4368,#4369,#4370,#4371,#4372,#4373,#4374,#4375)),
 .UNSPECIFIED.,.F.,.F.,.F.,(4,1,4),(4,1,1,1,1,1,1,1,1,1,4),(0.,0.571428571428571,
1.),(9.40152512664864,12.4763310608622,15.5511369950757,17.6010076178848,
18.6259429292893,19.6508782406938,21.7007488635028,23.2381518306096,24.7755547977164,
27.8503607319299,30.9251666661435),.UNSPECIFIED.);
#47=B_SPLINE_SURFACE_WITH_KNOTS('',3,3,((#4406,#4407,#4408,#4409,#4410,
#4411),(#4412,#4413,#4414,#4415,#4416,#4417),(#4418,#4419,#4420,#4421,#4422,
#4423),(#4424,#4425,#4426,#4427,#4428,#4429),(#4430,#4431,#4432,#4433,#4434,
#4435)),.UNSPECIFIED.,.F.,.F.,.F.,(4,1,4),(4,1,1,4),(0.,0.571428571428571,
1.),(0.523239015423396,1.94582568181518,4.79099901459876,10.4813456801659),
 .UNSPECIFIED.);
#48=B_SPLINE_SURFACE_WITH_KNOTS('',3,3,((#4598,#4599,#4600,#4601,#4602,
#4603),(#4604,#4605,#4606,#4607,#4608,#4609),(#4610,#4611,#4612,#4613,#4614,
#4615),(#4616,#4617,#4618,#4619,#4620,#4621),(#4622,#4623,#4624,#4625,#4626,
#4627)),.UNSPECIFIED.,.F.,.F.,.F.,(4,1,4),(4,1,1,4),(0.,0.571428571428571,
1.),(32.1281974382811,36.1444943311824,38.8220255931165,41.4995568550507),
 .UNSPECIFIED.);
#49=B_SPLINE_SURFACE_WITH_KNOTS('',3,3,((#4641,#4642,#4643,#4644,#4645,
#4646),(#4647,#4648,#4649,#4650,#4651,#4652),(#4653,#4654,#4655,#4656,#4657,
#4658),(#4659,#4660,#4661,#4662,#4663,#4664),(#4665,#4666,#4667,#4668,#4669,
#4670)),.UNSPECIFIED.,.F.,.F.,.F.,(4,1,4),(4,1,1,4),(0.,0.571428571428571,
1.),(35.0444931501123,39.3122531495011,42.1574264824269,45.0025998153527),
 .UNSPECIFIED.);
#50=B_SPLINE_SURFACE_WITH_KNOTS('',3,3,((#4691,#4692,#4693,#4694,#4695,
#4696,#4697),(#4698,#4699,#4700,#4701,#4702,#4703,#4704),(#4705,#4706,#4707,
#4708,#4709,#4710,#4711),(#4712,#4713,#4714,#4715,#4716,#4717,#4718),(#4719,
#4720,#4721,#4722,#4723,#4724,#4725)),.UNSPECIFIED.,.F.,.F.,.F.,(4,1,4),
(4,1,1,1,4),(0.,0.571428571428571,1.),(1.36381468164198,2.70258031260907,
5.38011157454323,8.0576428364774,10.7351740984116),.UNSPECIFIED.);
#51=B_SPLINE_SURFACE_WITH_KNOTS('',3,3,((#4747,#4748,#4749,#4750,#4751,
#4752),(#4753,#4754,#4755,#4756,#4757,#4758),(#4759,#4760,#4761,#4762,#4763,
#4764),(#4765,#4766,#4767,#4768,#4769,#4770),(#4771,#4772,#4773,#4774,#4775,
#4776)),.UNSPECIFIED.,.F.,.F.,.F.,(4,1,4),(4,1,1,4),(0.,0.571428571428571,
1.),(31.8495457549259,35.8658431041551,38.5433746703079,41.2209062364606),
 .UNSPECIFIED.);
#52=B_SPLINE_SURFACE_WITH_KNOTS('',3,3,((#4916,#4917,#4918,#4919,#4920,
#4921),(#4922,#4923,#4924,#4925,#4926,#4927),(#4928,#4929,#4930,#4931,#4932,
#4933),(#4934,#4935,#4936,#4937,#4938,#4939),(#4940,#4941,#4942,#4943,#4944,
#4945)),.UNSPECIFIED.,.F.,.F.,.F.,(4,1,4),(4,1,1,4),(0.,0.571428571428571,
1.),(0.523239015415707,1.9458256818072,4.7909990145902,10.4813456801562),
 .UNSPECIFIED.);
#53=B_SPLINE_SURFACE_WITH_KNOTS('',3,3,((#4952,#4953,#4954,#4955,#4956,
#4957,#4958),(#4959,#4960,#4961,#4962,#4963,#4964,#4965),(#4966,#4967,#4968,
#4969,#4970,#4971,#4972),(#4973,#4974,#4975,#4976,#4977,#4978,#4979),(#4980,
#4981,#4982,#4983,#4984,#4985,#4986)),.UNSPECIFIED.,.F.,.F.,.F.,(4,1,4),
(4,1,1,1,4),(0.,0.571428571428571,1.),(1.08516217712744,2.42392796020383,
5.10145952635661,7.77899109250939,10.4565226586622),.UNSPECIFIED.);
#54=B_SPLINE_SURFACE_WITH_KNOTS('',3,3,((#5008,#5009,#5010,#5011,#5012,
#5013),(#5014,#5015,#5016,#5017,#5018,#5019),(#5020,#5021,#5022,#5023,#5024,
#5025),(#5026,#5027,#5028,#5029,#5030,#5031),(#5032,#5033,#5034,#5035,#5036,
#5037)),.UNSPECIFIED.,.F.,.F.,.F.,(4,1,4),(4,1,1,4),(0.,0.571428571428571,
1.),(35.0436965717422,40.7340432376026,43.5792165705327,45.0018032369978),
 .UNSPECIFIED.);
#55=B_SPLINE_CURVE_WITH_KNOTS('',3,(#2431,#2432,#2433,#2434,#2435,#2436,
#2437,#2438,#2439,#2440,#2441,#2442,#2443,#2444,#2445,#2446,#2447,#2448,
#2449,#2450,#2451,#2452,#2453,#2454,#2455,#2456,#2457,#2458,#2459,#2460,
#2461,#2462,#2463,#2464,#2465,#2466,#2467,#2468,#2469,#2470,#2471,#2472,
#2473),.UNSPECIFIED.,.F.,.F.,(4,3,3,3,3,3,3,3,3,3,3,3,3,3,4),(-0.384788592966316,
-0.349985667241859,-0.314294102944998,-0.278132567855722,-0.241340395852166,
-0.209622617496655,-0.175123276057459,-0.140312568769919,-0.105216040632628,
-0.0861882377110548,-0.0511960457645119,-0.0333583042661435,-0.0134576794870572,
-0.00554286771061071,0.),.UNSPECIFIED.);
#56=B_SPLINE_CURVE_WITH_KNOTS('',3,(#2475,#2476,#2477,#2478,#2479,#2480,
#2481,#2482),.UNSPECIFIED.,.F.,.F.,(4,2,2,4),(1.68933157338444,1.89023124704722,
2.09113092071,2.17212313881159),.UNSPECIFIED.);
#57=B_SPLINE_CURVE_WITH_KNOTS('',3,(#2490,#2491,#2492,#2493,#2494,#2495,
#2496,#2497,#2498,#2499,#2500,#2501,#2502,#2503,#2504,#2505,#2506,#2507,
#2508,#2509,#2510,#2511),.UNSPECIFIED.,.F.,.F.,(4,3,3,3,3,3,3,4),(-9.77367530659132,
-9.19329065349961,-6.75015229629089,-5.52858311768653,-4.30701393908218,
-3.08544476047782,-1.25309099257128,-0.0619217501773583),.UNSPECIFIED.);
#58=B_SPLINE_CURVE_WITH_KNOTS('',3,(#2518,#2519,#2520,#2521,#2522,#2523,
#2524),.UNSPECIFIED.,.F.,.F.,(4,3,4),(-2.59192659219554,-1.91219600621597,
-0.248756727702196),.UNSPECIFIED.);
#59=B_SPLINE_CURVE_WITH_KNOTS('',3,(#2534,#2535,#2536,#2537,#2538,#2539),
 .UNSPECIFIED.,.F.,.F.,(4,2,4),(1.36631169006989,1.4888200972461,1.68971977090889),
 .UNSPECIFIED.);
#60=B_SPLINE_CURVE_WITH_KNOTS('',3,(#2541,#2542,#2543,#2544,#2545,#2546,
#2547,#2548,#2549,#2550,#2551,#2552,#2553,#2554,#2555,#2556),
 .UNSPECIFIED.,.F.,.F.,(4,2,2,2,2,2,2,4),(-0.515280706350499,-0.512629141956135,
-0.50968718546352,-0.503577709790221,-0.486466178405088,-0.354127603691022,
-0.18322850534963,0.),.UNSPECIFIED.);
#61=B_SPLINE_CURVE_WITH_KNOTS('',3,(#2562,#2563,#2564,#2565,#2566,#2567,
#2568,#2569,#2570,#2571,#2572,#2573,#2574,#2575,#2576,#2577,#2578,#2579,
#2580),.UNSPECIFIED.,.F.,.F.,(4,3,3,3,3,3,4),(-9.78601132113196,-8.56058883366963,
-6.74233405226109,-4.31799434371636,-3.105824489444,-0.681484780899271,
-0.062147220573129),.UNSPECIFIED.);
#62=B_SPLINE_CURVE_WITH_KNOTS('',3,(#2586,#2587,#2588,#2589,#2590,#2591,
#2592,#2593,#2594,#2595,#2596,#2597,#2598,#2599,#2600,#2601,#2602,#2603,
#2604,#2605,#2606,#2607,#2608,#2609,#2610),.UNSPECIFIED.,.F.,.F.,(4,3,3,
3,3,3,3,3,4),(-0.14244979394959,-0.107232275321642,-0.0966182854353009,
-0.0754587139090333,-0.0536832582845739,-0.0466931900709122,-0.0286280871868311,
-0.0202431622983729,0.),.UNSPECIFIED.);
#63=B_SPLINE_CURVE_WITH_KNOTS('',3,(#2612,#2613,#2614,#2615,#2616,#2617,
#2618,#2619,#2620,#2621,#2622,#2623),.UNSPECIFIED.,.F.,.F.,(4,2,2,2,2,4),
(-0.284477607942404,-0.269842665211996,-0.254432586777976,-0.219044577609454,
-0.130621032547075,-0.125442600176259),.UNSPECIFIED.);
#64=B_SPLINE_CURVE_WITH_KNOTS('',3,(#2627,#2628,#2629,#2630,#2631,#2632,
#2633,#2634,#2635,#2636,#2637,#2638),.UNSPECIFIED.,.F.,.F.,(4,2,2,2,2,4),
(-0.389246107220138,-0.226257263506226,-0.0966182854355012,-0.0466931900711541,
-0.0202431622984297,0.),.UNSPECIFIED.);
#65=B_SPLINE_CURVE_WITH_KNOTS('',3,(#2642,#2643,#2644,#2645,#2646,#2647,
#2648,#2649,#2650,#2651,#2652,#2653),.UNSPECIFIED.,.F.,.F.,(4,2,2,2,2,4),
(-0.920099212274438,-0.884731946762022,-0.84711338983194,-0.759066198091938,
-0.574012188504864,-0.242170458680508),.UNSPECIFIED.);
#66=B_SPLINE_CURVE_WITH_KNOTS('',3,(#2657,#2658,#2659,#2660,#2661,#2662,
#2663,#2664,#2665,#2666,#2667,#2668,#2669,#2670),.UNSPECIFIED.,.F.,.F.,
(4,2,2,2,2,2,4),(-0.364180069023424,-0.361690418508583,-0.359019182849709,
-0.352224227341659,-0.336138976140204,-0.225570391107996,0.),
 .UNSPECIFIED.);
#67=B_SPLINE_CURVE_WITH_KNOTS('',3,(#2675,#2676,#2677,#2678,#2679,#2680,
#2681,#2682),.UNSPECIFIED.,.F.,.F.,(4,2,2,4),(-0.481620380336927,-0.375079558309587,
-0.187539779154793,0.),.UNSPECIFIED.);
#68=B_SPLINE_CURVE_WITH_KNOTS('',3,(#2691,#2692,#2693,#2694,#2695,#2696),
 .UNSPECIFIED.,.F.,.F.,(4,2,4),(0.,0.187539779154794,0.322195127489685),
 .UNSPECIFIED.);
#69=B_SPLINE_CURVE_WITH_KNOTS('',3,(#2698,#2699,#2700,#2701,#2702,#2703,
#2704,#2705,#2706,#2707,#2708,#2709,#2710,#2711,#2712,#2713),
 .UNSPECIFIED.,.F.,.F.,(4,2,2,2,2,2,2,4),(-0.51731225627591,-0.302355056063989,
-0.159086031882484,-0.0731297564515849,-0.0262998366814536,-0.0107132009128133,
-0.0044307180750969,0.),.UNSPECIFIED.);
#70=B_SPLINE_CURVE_WITH_KNOTS('',3,(#2715,#2716,#2717,#2718,#2719,#2720,
#2721),.UNSPECIFIED.,.F.,.F.,(4,3,4),(-3.14815355434126,-1.18126114269198,
-0.20808695541311),.UNSPECIFIED.);
#71=B_SPLINE_CURVE_WITH_KNOTS('',3,(#2789,#2790,#2791,#2792,#2793,#2794,
#2795,#2796),.UNSPECIFIED.,.F.,.F.,(4,1,1,1,1,4),(-19.0424736941061,-18.6248177973269,
-17.5998824858485,-15.5500118628919,-12.4752059284569,-9.46565768334934),
 .UNSPECIFIED.);
#72=B_SPLINE_CURVE_WITH_KNOTS('',3,(#2798,#2799,#2800,#2801,#2802,#2803,
#2804,#2805,#2806,#2807,#2808,#2809),.UNSPECIFIED.,.F.,.F.,(4,2,2,2,2,4),
(-0.434053840243045,-0.413528198699678,-0.349647222589038,-0.230831886939293,
-0.114733158045952,0.),.UNSPECIFIED.);
#73=B_SPLINE_CURVE_WITH_KNOTS('',3,(#2811,#2812,#2813,#2814,#2815,#2816,
#2817,#2818,#2819,#2820,#2821,#2822,#2823),.UNSPECIFIED.,.F.,.F.,(4,1,1,
1,1,1,1,1,1,1,4),(9.40039999402188,12.4752059284569,15.5500118628919,17.5998824858485,
18.6248177973269,19.6497531088052,21.6996237317619,23.2370266989794,24.7744296661969,
27.8492356006319,30.9240415350669),.UNSPECIFIED.);
#74=B_SPLINE_CURVE_WITH_KNOTS('',3,(#2825,#2826,#2827,#2828,#2829,#2830,
#2831,#2832,#2833,#2834),.UNSPECIFIED.,.F.,.F.,(4,2,2,2,4),(-0.478225977609549,
-0.361236782532016,-0.243081934859908,-0.122182418585222,-0.0435477949346133),
 .UNSPECIFIED.);
#75=B_SPLINE_CURVE_WITH_KNOTS('',3,(#2835,#2836,#2837,#2838,#2839,#2840,
#2841,#2842),.UNSPECIFIED.,.F.,.F.,(4,1,1,1,1,4),(-30.8587839303193,-27.8492356006319,
-24.7744296661969,-23.2370266989794,-21.6996237317619,-21.2818764458236),
 .UNSPECIFIED.);
#76=B_SPLINE_CURVE_WITH_KNOTS('',3,(#2854,#2855,#2856,#2857,#2858,#2859,
#2860,#2861),.UNSPECIFIED.,.F.,.F.,(4,1,1,1,1,4),(9.46678284219812,12.4763310608622,
15.5511369950757,17.6010076178848,18.6259429292893,19.0435926964747),
 .UNSPECIFIED.);
#77=B_SPLINE_CURVE_WITH_KNOTS('',3,(#2863,#2864,#2865,#2866),
 .UNSPECIFIED.,.F.,.F.,(4,4),(4.7,6.2),.UNSPECIFIED.);
#78=B_SPLINE_CURVE_WITH_KNOTS('',3,(#2868,#2869,#2870,#2871),
 .UNSPECIFIED.,.F.,.F.,(4,4),(31.8495457549259,32.0550039834435),
 .UNSPECIFIED.);
#79=B_SPLINE_CURVE_WITH_KNOTS('',3,(#2873,#2874,#2875,#2876,#2877,#2878),
 .UNSPECIFIED.,.F.,.F.,(4,1,1,4),(-41.1419933665838,-38.5433746703079,-35.8658431041551,
-32.0550039834435),.UNSPECIFIED.);
#80=B_SPLINE_CURVE_WITH_KNOTS('',3,(#2882,#2883,#2884,#2885,#2886,#2887,
#2888),.UNSPECIFIED.,.F.,.F.,(4,1,1,1,4),(-10.2510672384918,-7.77899109250939,
-5.10145952635661,-2.42392796020383,-1.16407129413481),.UNSPECIFIED.);
#81=B_SPLINE_CURVE_WITH_KNOTS('',3,(#2890,#2891,#2892,#2893),
 .UNSPECIFIED.,.F.,.F.,(4,4),(10.2510672384918,10.4565226586622),
 .UNSPECIFIED.);
#82=B_SPLINE_CURVE_WITH_KNOTS('',3,(#2894,#2895,#2896,#2897),
 .UNSPECIFIED.,.F.,.F.,(4,4),(0.3,1.8),.UNSPECIFIED.);
#83=B_SPLINE_CURVE_WITH_KNOTS('',3,(#2909,#2910,#2911,#2912),
 .UNSPECIFIED.,.F.,.F.,(4,4),(-1.8,-0.3),.UNSPECIFIED.);
#84=B_SPLINE_CURVE_WITH_KNOTS('',3,(#2914,#2915,#2916,#2917),
 .UNSPECIFIED.,.F.,.F.,(4,4),(32.1281974382811,32.3336557145625),
 .UNSPECIFIED.);
#85=B_SPLINE_CURVE_WITH_KNOTS('',3,(#2919,#2920,#2921,#2922,#2923,#2924),
 .UNSPECIFIED.,.F.,.F.,(4,1,1,4),(-41.4206445755402,-38.8220255931165,-36.1444943311824,
-32.3336557145625),.UNSPECIFIED.);
#86=B_SPLINE_CURVE_WITH_KNOTS('',3,(#2928,#2929,#2930,#2931,#2932,#2933,
#2934),.UNSPECIFIED.,.F.,.F.,(4,1,1,1,4),(-10.5297186725901,-8.0576428364774,
-5.38011157454323,-2.70258031260907,-1.44272336259681),.UNSPECIFIED.);
#87=B_SPLINE_CURVE_WITH_KNOTS('',3,(#2936,#2937,#2938,#2939),
 .UNSPECIFIED.,.F.,.F.,(4,4),(10.5297186725901,10.7351740984116),
 .UNSPECIFIED.);
#88=B_SPLINE_CURVE_WITH_KNOTS('',3,(#2941,#2942,#2943,#2944),
 .UNSPECIFIED.,.F.,.F.,(4,4),(-6.2,-4.7),.UNSPECIFIED.);
#89=B_SPLINE_CURVE_WITH_KNOTS('',3,(#2945,#2946,#2947,#2948,#2949,#2950,
#2951,#2952),.UNSPECIFIED.,.F.,.F.,(4,1,1,1,1,4),(21.2830004162769,21.7007488635028,
23.2381518306096,24.7755547977164,27.8503607319299,30.8599090818817),
 .UNSPECIFIED.);
#90=B_SPLINE_CURVE_WITH_KNOTS('',3,(#3029,#3030,#3031,#3032,#3033,#3034),
 .UNSPECIFIED.,.F.,.F.,(4,1,1,4),(27.7632783484666,28.0264713959166,31.5355035988084,
35.0445358017002),.UNSPECIFIED.);
#91=B_SPLINE_CURVE_WITH_KNOTS('',3,(#3036,#3037,#3038,#3039,#3040,#3041,
#3042,#3043,#3044,#3045,#3046,#3047),.UNSPECIFIED.,.F.,.F.,(4,2,2,2,2,4),
(-0.475775217735627,-0.413028268412188,-0.350360776460913,-0.232150501414455,
-0.11565276650367,-2.80464788785904E-17),.UNSPECIFIED.);
#92=B_SPLINE_CURVE_WITH_KNOTS('',3,(#3049,#3050,#3051,#3052),
 .UNSPECIFIED.,.F.,.F.,(4,4),(4.008049240597,4.04426100374337),
 .UNSPECIFIED.);
#93=B_SPLINE_CURVE_WITH_KNOTS('',3,(#3054,#3055,#3056,#3057,#3058,#3059,
#3060,#3061,#3062,#3063,#3064,#3065,#3066,#3067,#3068),.UNSPECIFIED.,.F.,
 .F.,(4,1,1,1,1,1,1,1,1,1,1,1,4),(-34.9860785276479,-31.5355035988084,-28.0264713959166,
-26.2719552944707,-24.5174391930248,-23.3477617920608,-22.1780843910969,
-21.0084069901329,-18.6690521882051,-17.4993747872411,-15.7448586857952,
-13.9903425843493,-10.5397670257782),.UNSPECIFIED.);
#94=B_SPLINE_CURVE_WITH_KNOTS('',3,(#3070,#3071,#3072,#3073),
 .UNSPECIFIED.,.F.,.F.,(4,4),(-4.70817545830802,-4.67196369516165),
 .UNSPECIFIED.);
#95=B_SPLINE_CURVE_WITH_KNOTS('',3,(#3075,#3076,#3077,#3078,#3079,#3080,
#3081,#3082,#3083,#3084),.UNSPECIFIED.,.F.,.F.,(4,2,2,2,4),(-0.476363756357024,
-0.357923167825474,-0.240158190220985,-0.120582502961457,0.),
 .UNSPECIFIED.);
#96=B_SPLINE_CURVE_WITH_KNOTS('',3,(#3085,#3086,#3087,#3088,#3089,#3090,
#3091),.UNSPECIFIED.,.F.,.F.,(4,1,1,1,4),(10.4813103814575,13.9903425843493,
15.7448586857952,17.4993747872411,17.7620830613632),.UNSPECIFIED.);
#97=B_SPLINE_CURVE_WITH_KNOTS('',3,(#3103,#3104,#3105,#3106,#3107,#3108),
 .UNSPECIFIED.,.F.,.F.,(4,1,1,4),(-35.0437392106126,-31.5347070079465,-28.0256748052804,
-27.886317680805),.UNSPECIFIED.);
#98=B_SPLINE_CURVE_WITH_KNOTS('',3,(#3110,#3111,#3112,#3113),
 .UNSPECIFIED.,.F.,.F.,(4,4),(-1.800000000001,-0.3),.UNSPECIFIED.);
#99=B_SPLINE_CURVE_WITH_KNOTS('',3,(#3115,#3116,#3117,#3118),
 .UNSPECIFIED.,.F.,.F.,(4,4),(35.0436965717422,35.2392826404721),
 .UNSPECIFIED.);
#100=B_SPLINE_CURVE_WITH_KNOTS('',3,(#3120,#3121,#3122,#3123,#3124,#3125),
 .UNSPECIFIED.,.F.,.F.,(4,1,1,4),(-45.0018032369978,-43.5792165705327,-40.7340432376026,
-35.2392826404721),.UNSPECIFIED.);
#101=B_SPLINE_CURVE_WITH_KNOTS('',3,(#3129,#3130,#3131,#3132,#3133,#3134),
 .UNSPECIFIED.,.F.,.F.,(4,1,1,4),(-10.2857596118974,-4.7909990145902,-1.9458256818072,
-0.523239015415707),.UNSPECIFIED.);
#102=B_SPLINE_CURVE_WITH_KNOTS('',3,(#3136,#3137,#3138,#3139),
 .UNSPECIFIED.,.F.,.F.,(4,4),(10.2857596118974,10.4813456801562),
 .UNSPECIFIED.);
#103=B_SPLINE_CURVE_WITH_KNOTS('',3,(#3140,#3141,#3142,#3143),
 .UNSPECIFIED.,.F.,.F.,(4,4),(-6.2,-4.7),.UNSPECIFIED.);
#104=B_SPLINE_CURVE_WITH_KNOTS('',3,(#3162,#3163,#3164,#3165,#3166,#3167,
#3168,#3169,#3170,#3171),.UNSPECIFIED.,.F.,.F.,(4,2,2,2,4),(-0.409232124254138,
-0.297546891536214,-0.193322598387479,-0.0915097200836625,0.),
 .UNSPECIFIED.);
#105=B_SPLINE_CURVE_WITH_KNOTS('',3,(#3173,#3174,#3175,#3176),
 .UNSPECIFIED.,.F.,.F.,(4,4),(-1.51817937613246,-0.299999999999999),
 .UNSPECIFIED.);
#106=B_SPLINE_CURVE_WITH_KNOTS('',3,(#3179,#3180,#3181,#3182),
 .UNSPECIFIED.,.F.,.F.,(4,4),(0.299999999999999,1.800000000001),
 .UNSPECIFIED.);
#107=B_SPLINE_CURVE_WITH_KNOTS('',3,(#3234,#3235,#3236,#3237,#3238,#3239,
#3240,#3241,#3242,#3243,#3244,#3245),.UNSPECIFIED.,.F.,.F.,(4,2,2,2,2,4),
(-0.475775217735747,-0.413028268410884,-0.350360776457741,-0.232150501412941,
-0.115652766503398,-5.65542673266271E-17),.UNSPECIFIED.);
#108=B_SPLINE_CURVE_WITH_KNOTS('',3,(#3246,#3247,#3248,#3249,#3250,#3251,
#3252,#3253,#3254,#3255,#3256,#3257),.UNSPECIFIED.,.F.,.F.,(4,2,2,2,2,4),
(5.65542673266271E-17,0.115652766503398,0.232150501412941,0.350360776457741,
0.413028268410884,0.475775217735747),.UNSPECIFIED.);
#109=B_SPLINE_CURVE_WITH_KNOTS('',3,(#3283,#3284,#3285,#3286),
 .UNSPECIFIED.,.F.,.F.,(4,4),(4.00804924059699,4.04426100374337),
 .UNSPECIFIED.);
#110=B_SPLINE_CURVE_WITH_KNOTS('',3,(#3287,#3288,#3289,#3290),
 .UNSPECIFIED.,.F.,.F.,(4,4),(-4.04426100374337,-4.00804924059699),
 .UNSPECIFIED.);
#111=B_SPLINE_CURVE_WITH_KNOTS('',3,(#3334,#3335,#3336,#3337,#3338,#3339,
#3340,#3341,#3342,#3343),.UNSPECIFIED.,.F.,.F.,(4,2,2,2,4),(0.0435477949346133,
0.122182418585222,0.243081934859908,0.361236782532016,0.478225977609549),
 .UNSPECIFIED.);
#112=B_SPLINE_CURVE_WITH_KNOTS('',3,(#3362,#3363,#3364,#3365,#3366,#3367,
#3368,#3369,#3370,#3371,#3372,#3373,#3374,#3375,#3376,#3377,#3378,#3379,
#3380,#3381,#3382,#3383,#3384,#3385,#3386,#3387,#3388,#3389,#3390,#3391,
#3392,#3393,#3394,#3395,#3396,#3397,#3398,#3399,#3400,#3401,#3402,#3403,
#3404,#3405,#3406,#3407),.UNSPECIFIED.,.F.,.F.,(4,3,3,3,3,3,3,3,3,3,3,3,
3,3,3,4),(-0.54603145946374,-0.506869647665239,-0.467707835866738,-0.433332168375977,
-0.397890758939737,-0.385597957078948,-0.340792504654706,-0.29460583694398,
-0.250804665607296,-0.248419169233254,-0.224294915938567,-0.178985702940486,
-0.132481518294284,-0.0857418073289813,-0.0394545668369433,0.),
 .UNSPECIFIED.);
#113=B_SPLINE_CURVE_WITH_KNOTS('',3,(#3408,#3409,#3410,#3411),
 .UNSPECIFIED.,.F.,.F.,(4,4),(0.3,1.51875043010741),.UNSPECIFIED.);
#114=B_SPLINE_CURVE_WITH_KNOTS('',3,(#3428,#3429,#3430,#3431),
 .UNSPECIFIED.,.F.,.F.,(4,4),(-0.0435477949346156,0.),.UNSPECIFIED.);
#115=B_SPLINE_CURVE_WITH_KNOTS('',3,(#3432,#3433,#3434,#3435),
 .UNSPECIFIED.,.F.,.F.,(4,4),(0.,0.0435477949346156),.UNSPECIFIED.);
#116=B_SPLINE_CURVE_WITH_KNOTS('',3,(#3501,#3502,#3503,#3504,#3505,#3506),
 .UNSPECIFIED.,.F.,.F.,(4,1,1,4),(-17.6378227344303,-17.498578197282,-13.9895459946158,
-10.4805137919497),.UNSPECIFIED.);
#117=B_SPLINE_CURVE_WITH_KNOTS('',3,(#3508,#3509,#3510,#3511,#3512,#3513,
#3514,#3515,#3516,#3517,#3518,#3519,#3520),.UNSPECIFIED.,.F.,.F.,(4,1,1,
1,1,1,1,1,1,1,4),(10.5389710471435,13.9895459946158,17.498578197282,18.6682555981707,
21.0076103999481,22.1772878008368,24.5166426026142,26.2711587039473,28.0256748052804,
31.5347070079465,34.9852818302449),.UNSPECIFIED.);
#118=B_SPLINE_CURVE_WITH_KNOTS('',3,(#3522,#3523,#3524,#3525),
 .UNSPECIFIED.,.F.,.F.,(4,4),(-4.70817545830802,-4.67196369516165),
 .UNSPECIFIED.);
#119=B_SPLINE_CURVE_WITH_KNOTS('',3,(#3526,#3527,#3528,#3529,#3530,#3531,
#3532,#3533,#3534,#3535),.UNSPECIFIED.,.F.,.F.,(4,2,2,2,4),(-0.476363756357076,
-0.357923167829329,-0.240158190223173,-0.120582502962062,0.),
 .UNSPECIFIED.);
#120=B_SPLINE_CURVE_WITH_KNOTS('',3,(#3538,#3539,#3540,#3541),
 .UNSPECIFIED.,.F.,.F.,(4,4),(-0.477505566730333,-0.434053840243044),
 .UNSPECIFIED.);
#121=B_SPLINE_CURVE_WITH_KNOTS('',3,(#3560,#3561,#3562,#3563,#3564,#3565,
#3566,#3567,#3568,#3569),.UNSPECIFIED.,.F.,.F.,(4,2,2,2,4),(-0.448394212843123,
-0.287160960193285,-0.161084929059409,-0.0738179647880092,0.),
 .UNSPECIFIED.);
#122=B_SPLINE_CURVE_WITH_KNOTS('',3,(#3571,#3572,#3573,#3574),
 .UNSPECIFIED.,.F.,.F.,(4,4),(-1.51875043010741,-0.3),.UNSPECIFIED.);
#123=B_SPLINE_CURVE_WITH_KNOTS('',3,(#3626,#3627,#3628,#3629,#3630,#3631,
#3632,#3633,#3634,#3635,#3636,#3637),.UNSPECIFIED.,.F.,.F.,(4,2,2,2,2,4),
(0.,0.114733158045952,0.230831886939293,0.349647222589038,0.413528198699678,
0.434053840243045),.UNSPECIFIED.);
#124=B_SPLINE_CURVE_WITH_KNOTS('',3,(#3660,#3661,#3662,#3663),
 .UNSPECIFIED.,.F.,.F.,(4,4),(0.434053840243044,0.477505566730333),
 .UNSPECIFIED.);
#125=B_SPLINE_CURVE_WITH_KNOTS('',3,(#3708,#3709,#3710,#3711,#3712,#3713,
#3714,#3715,#3716,#3717),.UNSPECIFIED.,.F.,.F.,(4,2,2,2,4),(0.,0.120582502962062,
0.240158190223173,0.357923167829329,0.476363756357076),.UNSPECIFIED.);
#126=B_SPLINE_CURVE_WITH_KNOTS('',3,(#3735,#3736,#3737,#3738,#3739,#3740,
#3741,#3742,#3743,#3744),.UNSPECIFIED.,.F.,.F.,(4,2,2,2,4),(-0.444616066431562,
-0.375950470260933,-0.305515085872451,-0.171434509692146,0.),
 .UNSPECIFIED.);
#127=B_SPLINE_CURVE_WITH_KNOTS('',3,(#3745,#3746,#3747,#3748),
 .UNSPECIFIED.,.F.,.F.,(4,4),(0.3,1.51817937613246),.UNSPECIFIED.);
#128=B_SPLINE_CURVE_WITH_KNOTS('',3,(#3765,#3766,#3767,#3768),
 .UNSPECIFIED.,.F.,.F.,(4,4),(4.67196369516165,4.70817545830802),
 .UNSPECIFIED.);
#129=B_SPLINE_CURVE_WITH_KNOTS('',3,(#3780,#3781,#3782,#3783),
 .UNSPECIFIED.,.F.,.F.,(4,4),(4.7,6.2),.UNSPECIFIED.);
#130=B_SPLINE_CURVE_WITH_KNOTS('',3,(#3785,#3786,#3787,#3788),
 .UNSPECIFIED.,.F.,.F.,(4,4),(35.0444931501123,35.2400800700284),
 .UNSPECIFIED.);
#131=B_SPLINE_CURVE_WITH_KNOTS('',3,(#3790,#3791,#3792,#3793,#3794,#3795),
 .UNSPECIFIED.,.F.,.F.,(4,1,1,4),(-45.0025998153527,-42.1574264824269,-39.3122531495011,
-35.2400800700284),.UNSPECIFIED.);
#132=B_SPLINE_CURVE_WITH_KNOTS('',3,(#3799,#3800,#3801,#3802,#3803,#3804),
 .UNSPECIFIED.,.F.,.F.,(4,1,1,4),(-10.2857596114369,-4.79099901459876,-1.94582568181518,
-0.523239015423396),.UNSPECIFIED.);
#133=B_SPLINE_CURVE_WITH_KNOTS('',3,(#3805,#3806,#3807,#3808),
 .UNSPECIFIED.,.F.,.F.,(4,4),(10.2857596114369,10.4813456801659),
 .UNSPECIFIED.);
#134=B_SPLINE_CURVE_WITH_KNOTS('',3,(#3826,#3827,#3828,#3829,#3830,#3831,
#3832,#3833,#3834,#3835),.UNSPECIFIED.,.F.,.F.,(4,2,2,2,4),(-0.448394212958299,
-0.28716101850349,-0.161084944468105,-0.0738179668532659,0.),
 .UNSPECIFIED.);
#135=B_SPLINE_CURVE_WITH_KNOTS('',3,(#3837,#3838,#3839,#3840),
 .UNSPECIFIED.,.F.,.F.,(4,4),(4.98124956989258,6.2),.UNSPECIFIED.);
#136=B_SPLINE_CURVE_WITH_KNOTS('',3,(#3893,#3894,#3895,#3896,#3897,#3898,
#3899,#3900,#3901,#3902,#3903,#3904),.UNSPECIFIED.,.F.,.F.,(4,2,2,2,2,4),
(-0.434053840243101,-0.413528198704512,-0.349647222599595,-0.230831886944679,
-0.114733158046974,-7.57762066593915E-16),.UNSPECIFIED.);
#137=B_SPLINE_CURVE_WITH_KNOTS('',3,(#3905,#3906,#3907,#3908,#3909,#3910,
#3911,#3912,#3913,#3914,#3915,#3916),.UNSPECIFIED.,.F.,.F.,(4,2,2,2,2,4),
(7.57762066593915E-16,0.114733158046974,0.230831886944679,0.349647222599595,
0.413528198704512,0.434053840243101),.UNSPECIFIED.);
#138=B_SPLINE_CURVE_WITH_KNOTS('',3,(#3941,#3942,#3943,#3944),
 .UNSPECIFIED.,.F.,.F.,(4,4),(-0.477505566730382,-0.434053840243101),
 .UNSPECIFIED.);
#139=B_SPLINE_CURVE_WITH_KNOTS('',3,(#3945,#3946,#3947,#3948),
 .UNSPECIFIED.,.F.,.F.,(4,4),(0.434053840243101,0.477505566730382),
 .UNSPECIFIED.);
#140=B_SPLINE_CURVE_WITH_KNOTS('',3,(#3993,#3994,#3995,#3996,#3997,#3998,
#3999,#4000,#4001,#4002),.UNSPECIFIED.,.F.,.F.,(4,2,2,2,4),(0.,0.120582502961457,
0.240158190220985,0.357923167825474,0.476363756357024),.UNSPECIFIED.);
#141=B_SPLINE_CURVE_WITH_KNOTS('',3,(#4020,#4021,#4022,#4023,#4024,#4025,
#4026,#4027,#4028,#4029),.UNSPECIFIED.,.F.,.F.,(4,2,2,2,4),(-0.444616066431945,
-0.375950470275299,-0.305515085889374,-0.17143450970481,0.),
 .UNSPECIFIED.);
#142=B_SPLINE_CURVE_WITH_KNOTS('',3,(#4030,#4031,#4032,#4033),
 .UNSPECIFIED.,.F.,.F.,(4,4),(-6.2,-4.98182062386753),.UNSPECIFIED.);
#143=B_SPLINE_CURVE_WITH_KNOTS('',3,(#4050,#4051,#4052,#4053),
 .UNSPECIFIED.,.F.,.F.,(4,4),(4.67196369516165,4.70817545830802),
 .UNSPECIFIED.);
#144=B_SPLINE_CURVE_WITH_KNOTS('',3,(#4058,#4059,#4060,#4061),
 .UNSPECIFIED.,.F.,.F.,(4,4),(-0.0435477949346144,0.),.UNSPECIFIED.);
#145=B_SPLINE_CURVE_WITH_KNOTS('',3,(#4062,#4063,#4064,#4065,#4066,#4067,
#4068,#4069,#4070,#4071,#4072,#4073,#4074),.UNSPECIFIED.,.F.,.F.,(4,1,1,
1,1,1,1,1,1,1,4),(-30.9251666661435,-27.8503607319299,-24.7755547977164,
-23.2381518306096,-21.7007488635028,-19.6508782406938,-18.6259429292893,
-17.6010076178848,-15.5511369950757,-12.4763310608622,-9.40152512664864),
 .UNSPECIFIED.);
#146=B_SPLINE_CURVE_WITH_KNOTS('',3,(#4092,#4093,#4094,#4095,#4096,#4097,
#4098,#4099,#4100,#4101),.UNSPECIFIED.,.F.,.F.,(4,2,2,2,4),(-0.409232124254149,
-0.297546891536209,-0.193322598387464,-0.0915097200836573,0.),
 .UNSPECIFIED.);
#147=B_SPLINE_CURVE_WITH_KNOTS('',3,(#4103,#4104,#4105,#4106),
 .UNSPECIFIED.,.F.,.F.,(4,4),(4.98182062386753,6.2),.UNSPECIFIED.);
#148=B_SPLINE_CURVE_WITH_KNOTS('',3,(#4158,#4159,#4160,#4161,#4162,#4163,
#4164,#4165,#4166,#4167,#4168,#4169),.UNSPECIFIED.,.F.,.F.,(4,2,2,2,2,4),
(2.80464788785904E-17,0.11565276650367,0.232150501414455,0.350360776460913,
0.413028268412188,0.475775217735627),.UNSPECIFIED.);
#149=B_SPLINE_CURVE_WITH_KNOTS('',3,(#4192,#4193,#4194,#4195),
 .UNSPECIFIED.,.F.,.F.,(4,4),(-4.04426100374337,-4.008049240597),
 .UNSPECIFIED.);
#150=B_SPLINE_CURVE_WITH_KNOTS('',3,(#4239,#4240,#4241,#4242,#4243,#4244,
#4245,#4246,#4247,#4248),.UNSPECIFIED.,.F.,.F.,(4,2,2,2,4),(0.0435477949346136,
0.122182418584415,0.243081934854551,0.361236782521322,0.478225977609492),
 .UNSPECIFIED.);
#151=B_SPLINE_CURVE_WITH_KNOTS('',3,(#4250,#4251,#4252,#4253,#4254,#4255,
#4256,#4257,#4258,#4259),.UNSPECIFIED.,.F.,.F.,(4,2,2,2,4),(-0.478225977609492,
-0.361236782521322,-0.243081934854551,-0.122182418584415,-0.0435477949346136),
 .UNSPECIFIED.);
#152=B_SPLINE_CURVE_WITH_KNOTS('',3,(#4277,#4278,#4279,#4280,#4281,#4282,
#4283,#4284,#4285,#4286),.UNSPECIFIED.,.F.,.F.,(4,2,2,2,4),(-0.54603145632848,
-0.467707819423822,-0.385597939200438,-0.224294882101488,0.),
 .UNSPECIFIED.);
#153=B_SPLINE_CURVE_WITH_KNOTS('',3,(#4287,#4288,#4289,#4290),
 .UNSPECIFIED.,.F.,.F.,(4,4),(-6.2,-4.98124956989258),.UNSPECIFIED.);
#154=B_SPLINE_CURVE_WITH_KNOTS('',3,(#4307,#4308,#4309,#4310),
 .UNSPECIFIED.,.F.,.F.,(4,4),(0.,0.0435477949346144),.UNSPECIFIED.);
#155=B_SPLINE_CURVE_WITH_KNOTS('',3,(#4378,#4379,#4380,#4381,#4382,#4383,
#4384,#4385,#4386,#4387,#4388,#4389,#4390),.UNSPECIFIED.,.F.,.F.,(4,3,3,
3,4),(0.369279516755568,0.400139812502692,0.413028268412349,0.444401743074032,
0.475775217735715),.UNSPECIFIED.);
#156=B_SPLINE_CURVE_WITH_KNOTS('',3,(#4393,#4394,#4395,#4396,#4397,#4398,
#4399,#4400,#4401,#4402,#4403,#4404,#4405),.UNSPECIFIED.,.F.,.F.,(4,3,3,
3,4),(0.,0.0303781473020066,0.0612921872356906,0.0925674622102969,0.109198184899728),
 .UNSPECIFIED.);
#157=B_SPLINE_CURVE_WITH_KNOTS('',3,(#4437,#4438,#4439,#4440,#4441,#4442,
#4443,#4444,#4445,#4446,#4447,#4448,#4449,#4450,#4451,#4452,#4453,#4454,
#4455,#4456,#4457,#4458,#4459,#4460,#4461,#4462,#4463,#4464,#4465,#4466,
#4467,#4468,#4469,#4470,#4471,#4472,#4473,#4474,#4475,#4476,#4477,#4478,
#4479,#4480,#4481,#4482,#4483,#4484,#4485,#4486,#4487,#4488,#4489,#4490,
#4491),.UNSPECIFIED.,.F.,.F.,(4,3,3,3,3,3,3,3,3,3,3,3,3,3,3,3,3,3,4),(0.,
0.0297526180904833,0.0600228409823106,0.0905690229415462,0.113234711078437,
0.14360199828192,0.174267913433327,0.203742797663697,0.228576807567274,
0.258526934648978,0.289121024710945,0.320358835080666,0.34830450000124,
0.379792020502646,0.41130534211175,0.414658441240959,0.446265597449799,
0.477298662320406,0.481247301339407),.UNSPECIFIED.);
#158=B_SPLINE_CURVE_WITH_KNOTS('',3,(#4493,#4494,#4495,#4496,#4497,#4498),
 .UNSPECIFIED.,.F.,.F.,(4,1,1,4),(0.605989844414271,1.94582568181518,4.79099901459876,
10.3365459186875),.UNSPECIFIED.);
#159=B_SPLINE_CURVE_WITH_KNOTS('',3,(#4499,#4500,#4501,#4502,#4503,#4504,
#4505,#4506,#4507,#4508,#4509,#4510,#4511),.UNSPECIFIED.,.F.,.F.,(4,3,3,
3,4),(0.369279516755624,0.400140055725149,0.413028268412416,0.44440174307411,
0.475775217735804),.UNSPECIFIED.);
#160=B_SPLINE_CURVE_WITH_KNOTS('',3,(#4516,#4517,#4518,#4519,#4520,#4521),
 .UNSPECIFIED.,.F.,.F.,(4,1,1,4),(32.3981762682806,36.1444943311824,38.8220255931165,
41.4995568550507),.UNSPECIFIED.);
#161=B_SPLINE_CURVE_WITH_KNOTS('',3,(#4525,#4526,#4527,#4528,#4529,#4530,
#4531,#4532,#4533,#4534,#4535,#4536,#4537,#4538,#4539,#4540,#4541,#4542,
#4543,#4544,#4545,#4546,#4547,#4548,#4549,#4550,#4551,#4552,#4553,#4554,
#4555,#4556,#4557,#4558,#4559,#4560,#4561,#4562,#4563,#4564,#4565,#4566,
#4567,#4568,#4569,#4570,#4571,#4572,#4573),.UNSPECIFIED.,.F.,.F.,(4,3,3,
3,3,3,3,3,3,3,3,3,3,3,3,3,4),(0.,0.0315627417244731,0.0630895499647651,
0.0947717611161607,0.126250966897892,0.157577916642563,0.188619470959043,
0.219144710639799,0.249669950320554,0.278198003855143,0.308886813263105,
0.339414731051857,0.368215619622938,0.398817017906955,0.429312393670245,
0.459056225655551,0.482294605815493),.UNSPECIFIED.);
#162=B_SPLINE_CURVE_WITH_KNOTS('',3,(#4576,#4577,#4578,#4579,#4580,#4581,
#4582,#4583,#4584,#4585,#4586,#4587),.UNSPECIFIED.,.F.,.F.,(4,2,2,2,2,4),
(0.,0.113566531291827,0.229122725464087,0.348677620761018,0.414240801297792,
0.479950048846854),.UNSPECIFIED.);
#163=B_SPLINE_CURVE_WITH_KNOTS('',3,(#4588,#4589,#4590,#4591,#4592,#4593,
#4594,#4595,#4596,#4597),.UNSPECIFIED.,.F.,.F.,(4,2,2,2,4),(0.,0.12459582752855,
0.247281711170177,0.365860560387519,0.480866029583093),.UNSPECIFIED.);
#164=B_SPLINE_CURVE_WITH_KNOTS('',3,(#4628,#4629,#4630,#4631,#4632,#4633,
#4634,#4635,#4636,#4637,#4638,#4639,#4640),.UNSPECIFIED.,.F.,.F.,(4,3,3,
3,4),(0.,0.0303790262356087,0.0612937090020274,0.0925689429684557,0.109198184898569),
 .UNSPECIFIED.);
#165=B_SPLINE_CURVE_WITH_KNOTS('',3,(#4672,#4673,#4674,#4675,#4676,#4677,
#4678,#4679,#4680,#4681,#4682,#4683,#4684),.UNSPECIFIED.,.F.,.F.,(4,3,3,
3,4),(0.,0.0301645948549072,0.0608745716024194,0.0919694438748623,0.106805894466055),
 .UNSPECIFIED.);
#166=B_SPLINE_CURVE_WITH_KNOTS('',3,(#4685,#4686,#4687,#4688,#4689,#4690),
 .UNSPECIFIED.,.F.,.F.,(4,1,1,4),(35.1892933117251,39.3122531495011,42.1574264824269,
44.9198441905896),.UNSPECIFIED.);
#167=B_SPLINE_CURVE_WITH_KNOTS('',3,(#4727,#4728,#4729,#4730,#4731,#4732,
#4733),.UNSPECIFIED.,.F.,.F.,(4,1,1,1,4),(1.36381468164198,2.70258031260907,
5.38011157454323,8.0576428364774,10.4651998380615),.UNSPECIFIED.);
#168=B_SPLINE_CURVE_WITH_KNOTS('',3,(#4734,#4735,#4736,#4737,#4738,#4739,
#4740,#4741,#4742,#4743,#4744,#4745,#4746),.UNSPECIFIED.,.F.,.F.,(4,3,3,
3,4),(0.368638324358236,0.399705810535981,0.413528203694373,0.445516885241228,
0.477505566788083),.UNSPECIFIED.);
#169=B_SPLINE_CURVE_WITH_KNOTS('',3,(#4778,#4779,#4780,#4781,#4782,#4783,
#4784,#4785,#4786,#4787),.UNSPECIFIED.,.F.,.F.,(4,2,2,2,4),(0.,0.124595827766032,
0.247281712851508,0.365860563723054,0.480866029585705),.UNSPECIFIED.);
#170=B_SPLINE_CURVE_WITH_KNOTS('',3,(#4788,#4789,#4790,#4791,#4792,#4793),
 .UNSPECIFIED.,.F.,.F.,(4,1,1,4),(32.1195245264188,35.8658431041551,38.5433746703079,
41.2209062364606),.UNSPECIFIED.);
#171=B_SPLINE_CURVE_WITH_KNOTS('',3,(#4797,#4798,#4799,#4800,#4801,#4802,
#4803,#4804,#4805,#4806,#4807,#4808,#4809,#4810,#4811,#4812,#4813,#4814,
#4815,#4816,#4817,#4818,#4819,#4820,#4821,#4822,#4823,#4824,#4825,#4826,
#4827,#4828,#4829,#4830,#4831,#4832,#4833,#4834,#4835,#4836,#4837,#4838,
#4839,#4840,#4841,#4842,#4843,#4844,#4845,#4846,#4847,#4848,#4849,#4850,
#4851),.UNSPECIFIED.,.F.,.F.,(4,3,3,3,3,3,3,3,3,3,3,3,3,3,3,3,3,3,4),(0.,
0.0297519852634946,0.0600216539512092,0.090567823418119,0.113234711078437,
0.143601485239138,0.17426749472918,0.203742797663697,0.228576807567273,
0.258527910038506,0.289122826324794,0.320360952618309,0.348304500001226,
0.37979236792231,0.411305527103177,0.414658441240938,0.446265375629233,
0.47729787686952,0.481247301339395),.UNSPECIFIED.);
#172=B_SPLINE_CURVE_WITH_KNOTS('',3,(#4853,#4854,#4855,#4856,#4857,#4858,
#4859,#4860,#4861,#4862,#4863,#4864,#4865,#4866,#4867,#4868,#4869,#4870,
#4871,#4872,#4873,#4874,#4875,#4876,#4877,#4878,#4879,#4880,#4881,#4882,
#4883,#4884,#4885,#4886,#4887,#4888,#4889,#4890,#4891,#4892,#4893,#4894,
#4895,#4896,#4897,#4898,#4899,#4900,#4901),.UNSPECIFIED.,.F.,.F.,(4,3,3,
3,3,3,3,3,3,3,3,3,3,3,3,3,4),(0.,0.0315627417249307,0.063089858961949,0.0947717795559541,
0.126250966899723,0.157577644973826,0.188618590410703,0.219144270368771,
0.249669950326839,0.27819800385518,0.308886597511208,0.339414960248978,
0.368215619633342,0.398817049819795,0.429312837864165,0.459057284638927,
0.482294605815482),.UNSPECIFIED.);
#173=B_SPLINE_CURVE_WITH_KNOTS('',3,(#4904,#4905,#4906,#4907,#4908,#4909,
#4910,#4911,#4912,#4913,#4914,#4915),.UNSPECIFIED.,.F.,.F.,(4,2,2,2,2,4),
(0.,0.11356653097632,0.229122723786998,0.348677617426594,0.414240799769649,
0.479950048831512),.UNSPECIFIED.);
#174=B_SPLINE_CURVE_WITH_KNOTS('',3,(#4946,#4947,#4948,#4949,#4950,#4951),
 .UNSPECIFIED.,.F.,.F.,(4,1,1,4),(0.605989870591605,1.9458256818072,4.7909990145902,
10.3365459182468),.UNSPECIFIED.);
#175=B_SPLINE_CURVE_WITH_KNOTS('',3,(#4988,#4989,#4990,#4991,#4992,#4993,
#4994),.UNSPECIFIED.,.F.,.F.,(4,1,1,1,4),(1.08516217712744,2.42392796020383,
5.10145952635661,7.77899109250939,10.1865483854576),.UNSPECIFIED.);
#176=B_SPLINE_CURVE_WITH_KNOTS('',3,(#4995,#4996,#4997,#4998,#4999,#5000,
#5001,#5002,#5003,#5004,#5005,#5006,#5007),.UNSPECIFIED.,.F.,.F.,(4,3,3,
3,4),(0.368638324342262,0.399706113625081,0.41352820267447,0.445516884725342,
0.477505566776213),.UNSPECIFIED.);
#177=B_SPLINE_CURVE_WITH_KNOTS('',3,(#5039,#5040,#5041,#5042,#5043,#5044,
#5045,#5046,#5047,#5048,#5049,#5050,#5051),.UNSPECIFIED.,.F.,.F.,(4,3,3,
3,4),(0.,0.0301652150412892,0.0608756328350128,0.0919704397102995,0.106805894466046),
 .UNSPECIFIED.);
#178=B_SPLINE_CURVE_WITH_KNOTS('',3,(#5052,#5053,#5054,#5055,#5056,#5057),
 .UNSPECIFIED.,.F.,.F.,(4,1,1,4),(35.1884963332216,40.7340432376026,43.5792165705327,
44.9190524075469),.UNSPECIFIED.);
#179=CIRCLE('',#1907,1.1);
#180=CIRCLE('',#1908,1.1);
#181=CIRCLE('',#1911,1.1);
#182=CIRCLE('',#1912,1.1);
#183=CIRCLE('',#1915,1.1);
#184=CIRCLE('',#1916,1.1);
#185=CIRCLE('',#1919,1.1);
#186=CIRCLE('',#1920,1.1);
#187=CIRCLE('',#1928,4.99999999999998);
#188=CIRCLE('',#1933,4.99999999999999);
#189=CIRCLE('',#1937,5.);
#190=CIRCLE('',#1940,5.);
#191=CYLINDRICAL_SURFACE('',#1906,1.1);
#192=CYLINDRICAL_SURFACE('',#1910,1.1);
#193=CYLINDRICAL_SURFACE('',#1914,1.1);
#194=CYLINDRICAL_SURFACE('',#1918,1.1);
#195=CYLINDRICAL_SURFACE('',#1927,4.99999999999998);
#196=CYLINDRICAL_SURFACE('',#1932,4.99999999999999);
#197=CYLINDRICAL_SURFACE('',#1936,5.);
#198=CYLINDRICAL_SURFACE('',#1939,5.);
#199=FACE_BOUND('',#324,.T.);
#200=FACE_BOUND('',#327,.T.);
#201=FACE_BOUND('',#331,.T.);
#202=FACE_BOUND('',#334,.T.);
#203=FACE_BOUND('',#355,.T.);
#204=FACE_BOUND('',#356,.T.);
#205=FACE_BOUND('',#357,.T.);
#206=FACE_BOUND('',#358,.T.);
#207=FACE_BOUND('',#363,.T.);
#208=FACE_BOUND('',#372,.T.);
#209=FACE_BOUND('',#415,.T.);
#210=FACE_BOUND('',#421,.T.);
#211=FACE_OUTER_BOUND('',#315,.T.);
#212=FACE_OUTER_BOUND('',#316,.T.);
#213=FACE_OUTER_BOUND('',#317,.T.);
#214=FACE_OUTER_BOUND('',#318,.T.);
#215=FACE_OUTER_BOUND('',#319,.T.);
#216=FACE_OUTER_BOUND('',#320,.T.);
#217=FACE_OUTER_BOUND('',#321,.T.);
#218=FACE_OUTER_BOUND('',#322,.T.);
#219=FACE_OUTER_BOUND('',#323,.T.);
#220=FACE_OUTER_BOUND('',#325,.T.);
#221=FACE_OUTER_BOUND('',#326,.T.);
#222=FACE_OUTER_BOUND('',#328,.T.);
#223=FACE_OUTER_BOUND('',#329,.T.);
#224=FACE_OUTER_BOUND('',#330,.T.);
#225=FACE_OUTER_BOUND('',#332,.T.);
#226=FACE_OUTER_BOUND('',#333,.T.);
#227=FACE_OUTER_BOUND('',#335,.T.);
#228=FACE_OUTER_BOUND('',#336,.T.);
#229=FACE_OUTER_BOUND('',#337,.T.);
#230=FACE_OUTER_BOUND('',#338,.T.);
#231=FACE_OUTER_BOUND('',#339,.T.);
#232=FACE_OUTER_BOUND('',#340,.T.);
#233=FACE_OUTER_BOUND('',#341,.T.);
#234=FACE_OUTER_BOUND('',#342,.T.);
#235=FACE_OUTER_BOUND('',#343,.T.);
#236=FACE_OUTER_BOUND('',#344,.T.);
#237=FACE_OUTER_BOUND('',#345,.T.);
#238=FACE_OUTER_BOUND('',#346,.T.);
#239=FACE_OUTER_BOUND('',#347,.T.);
#240=FACE_OUTER_BOUND('',#348,.T.);
#241=FACE_OUTER_BOUND('',#349,.T.);
#242=FACE_OUTER_BOUND('',#350,.T.);
#243=FACE_OUTER_BOUND('',#351,.T.);
#244=FACE_OUTER_BOUND('',#352,.T.);
#245=FACE_OUTER_BOUND('',#353,.T.);
#246=FACE_OUTER_BOUND('',#354,.T.);
#247=FACE_OUTER_BOUND('',#359,.T.);
#248=FACE_OUTER_BOUND('',#360,.T.);
#249=FACE_OUTER_BOUND('',#361,.T.);
#250=FACE_OUTER_BOUND('',#362,.T.);
#251=FACE_OUTER_BOUND('',#364,.T.);
#252=FACE_OUTER_BOUND('',#365,.T.);
#253=FACE_OUTER_BOUND('',#366,.T.);
#254=FACE_OUTER_BOUND('',#367,.T.);
#255=FACE_OUTER_BOUND('',#368,.T.);
#256=FACE_OUTER_BOUND('',#369,.T.);
#257=FACE_OUTER_BOUND('',#370,.T.);
#258=FACE_OUTER_BOUND('',#371,.T.);
#259=FACE_OUTER_BOUND('',#373,.T.);
#260=FACE_OUTER_BOUND('',#374,.T.);
#261=FACE_OUTER_BOUND('',#375,.T.);
#262=FACE_OUTER_BOUND('',#376,.T.);
#263=FACE_OUTER_BOUND('',#377,.T.);
#264=FACE_OUTER_BOUND('',#378,.T.);
#265=FACE_OUTER_BOUND('',#379,.T.);
#266=FACE_OUTER_BOUND('',#380,.T.);
#267=FACE_OUTER_BOUND('',#381,.T.);
#268=FACE_OUTER_BOUND('',#382,.T.);
#269=FACE_OUTER_BOUND('',#383,.T.);
#270=FACE_OUTER_BOUND('',#384,.T.);
#271=FACE_OUTER_BOUND('',#385,.T.);
#272=FACE_OUTER_BOUND('',#386,.T.);
#273=FACE_OUTER_BOUND('',#387,.T.);
#274=FACE_OUTER_BOUND('',#388,.T.);
#275=FACE_OUTER_BOUND('',#389,.T.);
#276=FACE_OUTER_BOUND('',#390,.T.);
#277=FACE_OUTER_BOUND('',#391,.T.);
#278=FACE_OUTER_BOUND('',#392,.T.);
#279=FACE_OUTER_BOUND('',#393,.T.);
#280=FACE_OUTER_BOUND('',#394,.T.);
#281=FACE_OUTER_BOUND('',#395,.T.);
#282=FACE_OUTER_BOUND('',#396,.T.);
#283=FACE_OUTER_BOUND('',#397,.T.);
#284=FACE_OUTER_BOUND('',#398,.T.);
#285=FACE_OUTER_BOUND('',#399,.T.);
#286=FACE_OUTER_BOUND('',#400,.T.);
#287=FACE_OUTER_BOUND('',#401,.T.);
#288=FACE_OUTER_BOUND('',#402,.T.);
#289=FACE_OUTER_BOUND('',#403,.T.);
#290=FACE_OUTER_BOUND('',#404,.T.);
#291=FACE_OUTER_BOUND('',#405,.T.);
#292=FACE_OUTER_BOUND('',#406,.T.);
#293=FACE_OUTER_BOUND('',#407,.T.);
#294=FACE_OUTER_BOUND('',#408,.T.);
#295=FACE_OUTER_BOUND('',#409,.T.);
#296=FACE_OUTER_BOUND('',#410,.T.);
#297=FACE_OUTER_BOUND('',#411,.T.);
#298=FACE_OUTER_BOUND('',#412,.T.);
#299=FACE_OUTER_BOUND('',#413,.T.);
#300=FACE_OUTER_BOUND('',#414,.T.);
#301=FACE_OUTER_BOUND('',#416,.T.);
#302=FACE_OUTER_BOUND('',#417,.T.);
#303=FACE_OUTER_BOUND('',#418,.T.);
#304=FACE_OUTER_BOUND('',#419,.T.);
#305=FACE_OUTER_BOUND('',#420,.T.);
#306=FACE_OUTER_BOUND('',#422,.T.);
#307=FACE_OUTER_BOUND('',#423,.T.);
#308=FACE_OUTER_BOUND('',#424,.T.);
#309=FACE_OUTER_BOUND('',#425,.T.);
#310=FACE_OUTER_BOUND('',#426,.T.);
#311=FACE_OUTER_BOUND('',#427,.T.);
#312=FACE_OUTER_BOUND('',#428,.T.);
#313=FACE_OUTER_BOUND('',#429,.T.);
#314=FACE_OUTER_BOUND('',#430,.T.);
#315=EDGE_LOOP('',(#1161,#1162,#1163,#1164));
#316=EDGE_LOOP('',(#1165,#1166,#1167,#1168));
#317=EDGE_LOOP('',(#1169,#1170,#1171,#1172));
#318=EDGE_LOOP('',(#1173,#1174,#1175,#1176));
#319=EDGE_LOOP('',(#1177,#1178,#1179,#1180));
#320=EDGE_LOOP('',(#1181,#1182,#1183,#1184));
#321=EDGE_LOOP('',(#1185,#1186,#1187,#1188));
#322=EDGE_LOOP('',(#1189,#1190,#1191,#1192));
#323=EDGE_LOOP('',(#1193,#1194,#1195,#1196));
#324=EDGE_LOOP('',(#1197,#1198,#1199,#1200));
#325=EDGE_LOOP('',(#1201,#1202,#1203,#1204));
#326=EDGE_LOOP('',(#1205,#1206,#1207,#1208));
#327=EDGE_LOOP('',(#1209,#1210,#1211,#1212));
#328=EDGE_LOOP('',(#1213,#1214,#1215,#1216));
#329=EDGE_LOOP('',(#1217,#1218,#1219,#1220));
#330=EDGE_LOOP('',(#1221,#1222,#1223,#1224));
#331=EDGE_LOOP('',(#1225,#1226,#1227,#1228));
#332=EDGE_LOOP('',(#1229,#1230,#1231,#1232));
#333=EDGE_LOOP('',(#1233,#1234,#1235,#1236));
#334=EDGE_LOOP('',(#1237,#1238,#1239,#1240));
#335=EDGE_LOOP('',(#1241,#1242,#1243,#1244));
#336=EDGE_LOOP('',(#1245,#1246,#1247,#1248));
#337=EDGE_LOOP('',(#1249,#1250,#1251,#1252));
#338=EDGE_LOOP('',(#1253,#1254,#1255,#1256));
#339=EDGE_LOOP('',(#1257,#1258,#1259,#1260));
#340=EDGE_LOOP('',(#1261,#1262,#1263,#1264));
#341=EDGE_LOOP('',(#1265,#1266,#1267,#1268));
#342=EDGE_LOOP('',(#1269,#1270,#1271,#1272));
#343=EDGE_LOOP('',(#1273));
#344=EDGE_LOOP('',(#1274,#1275,#1276,#1277));
#345=EDGE_LOOP('',(#1278));
#346=EDGE_LOOP('',(#1279,#1280,#1281,#1282));
#347=EDGE_LOOP('',(#1283));
#348=EDGE_LOOP('',(#1284,#1285,#1286,#1287));
#349=EDGE_LOOP('',(#1288));
#350=EDGE_LOOP('',(#1289,#1290,#1291,#1292));
#351=EDGE_LOOP('',(#1293,#1294,#1295,#1296));
#352=EDGE_LOOP('',(#1297,#1298,#1299,#1300));
#353=EDGE_LOOP('',(#1301,#1302,#1303,#1304));
#354=EDGE_LOOP('',(#1305,#1306,#1307,#1308));
#355=EDGE_LOOP('',(#1309));
#356=EDGE_LOOP('',(#1310));
#357=EDGE_LOOP('',(#1311));
#358=EDGE_LOOP('',(#1312));
#359=EDGE_LOOP('',(#1313,#1314,#1315,#1316,#1317));
#360=EDGE_LOOP('',(#1318,#1319,#1320,#1321));
#361=EDGE_LOOP('',(#1322,#1323));
#362=EDGE_LOOP('',(#1324,#1325,#1326,#1327));
#363=EDGE_LOOP('',(#1328,#1329,#1330,#1331));
#364=EDGE_LOOP('',(#1332,#1333,#1334,#1335,#1336));
#365=EDGE_LOOP('',(#1337,#1338,#1339,#1340));
#366=EDGE_LOOP('',(#1341,#1342,#1343,#1344,#1345,#1346,#1347,#1348));
#367=EDGE_LOOP('',(#1349,#1350,#1351,#1352,#1353));
#368=EDGE_LOOP('',(#1354,#1355,#1356,#1357));
#369=EDGE_LOOP('',(#1358,#1359,#1360,#1361,#1362));
#370=EDGE_LOOP('',(#1363,#1364));
#371=EDGE_LOOP('',(#1365,#1366,#1367,#1368,#1369,#1370,#1371,#1372));
#372=EDGE_LOOP('',(#1373,#1374,#1375,#1376));
#373=EDGE_LOOP('',(#1377,#1378,#1379,#1380,#1381,#1382,#1383,#1384));
#374=EDGE_LOOP('',(#1385,#1386,#1387,#1388,#1389,#1390,#1391,#1392,#1393,
#1394));
#375=EDGE_LOOP('',(#1395,#1396,#1397,#1398,#1399,#1400,#1401,#1402,#1403,
#1404));
#376=EDGE_LOOP('',(#1405,#1406,#1407,#1408,#1409,#1410,#1411,#1412,#1413,
#1414));
#377=EDGE_LOOP('',(#1415,#1416,#1417,#1418,#1419,#1420,#1421,#1422,#1423,
#1424,#1425,#1426));
#378=EDGE_LOOP('',(#1427,#1428,#1429,#1430));
#379=EDGE_LOOP('',(#1431,#1432,#1433,#1434));
#380=EDGE_LOOP('',(#1435,#1436,#1437,#1438));
#381=EDGE_LOOP('',(#1439,#1440,#1441,#1442));
#382=EDGE_LOOP('',(#1443,#1444,#1445,#1446));
#383=EDGE_LOOP('',(#1447,#1448,#1449,#1450));
#384=EDGE_LOOP('',(#1451,#1452,#1453,#1454));
#385=EDGE_LOOP('',(#1455,#1456,#1457,#1458,#1459,#1460,#1461,#1462,#1463,
#1464));
#386=EDGE_LOOP('',(#1465,#1466,#1467,#1468,#1469,#1470));
#387=EDGE_LOOP('',(#1471,#1472,#1473,#1474));
#388=EDGE_LOOP('',(#1475,#1476,#1477,#1478));
#389=EDGE_LOOP('',(#1479,#1480,#1481,#1482));
#390=EDGE_LOOP('',(#1483,#1484,#1485,#1486));
#391=EDGE_LOOP('',(#1487,#1488,#1489,#1490));
#392=EDGE_LOOP('',(#1491,#1492,#1493,#1494));
#393=EDGE_LOOP('',(#1495,#1496,#1497,#1498));
#394=EDGE_LOOP('',(#1499,#1500,#1501,#1502,#1503,#1504,#1505,#1506,#1507,
#1508,#1509,#1510));
#395=EDGE_LOOP('',(#1511,#1512,#1513,#1514));
#396=EDGE_LOOP('',(#1515,#1516,#1517,#1518));
#397=EDGE_LOOP('',(#1519,#1520,#1521,#1522));
#398=EDGE_LOOP('',(#1523,#1524,#1525,#1526));
#399=EDGE_LOOP('',(#1527,#1528,#1529,#1530));
#400=EDGE_LOOP('',(#1531,#1532,#1533,#1534));
#401=EDGE_LOOP('',(#1535,#1536,#1537,#1538));
#402=EDGE_LOOP('',(#1539,#1540,#1541,#1542,#1543,#1544));
#403=EDGE_LOOP('',(#1545,#1546,#1547,#1548));
#404=EDGE_LOOP('',(#1549,#1550,#1551,#1552));
#405=EDGE_LOOP('',(#1553,#1554,#1555,#1556));
#406=EDGE_LOOP('',(#1557,#1558,#1559,#1560));
#407=EDGE_LOOP('',(#1561,#1562,#1563,#1564));
#408=EDGE_LOOP('',(#1565,#1566,#1567,#1568));
#409=EDGE_LOOP('',(#1569,#1570,#1571,#1572));
#410=EDGE_LOOP('',(#1573,#1574,#1575,#1576,#1577,#1578,#1579,#1580));
#411=EDGE_LOOP('',(#1581,#1582,#1583,#1584,#1585,#1586,#1587,#1588,#1589,
#1590));
#412=EDGE_LOOP('',(#1591,#1592,#1593,#1594,#1595,#1596));
#413=EDGE_LOOP('',(#1597,#1598,#1599,#1600));
#414=EDGE_LOOP('',(#1601,#1602,#1603,#1604,#1605,#1606,#1607,#1608));
#415=EDGE_LOOP('',(#1609,#1610,#1611,#1612));
#416=EDGE_LOOP('',(#1613,#1614,#1615,#1616,#1617,#1618));
#417=EDGE_LOOP('',(#1619,#1620,#1621,#1622,#1623,#1624));
#418=EDGE_LOOP('',(#1625,#1626,#1627,#1628,#1629,#1630));
#419=EDGE_LOOP('',(#1631,#1632,#1633,#1634,#1635,#1636));
#420=EDGE_LOOP('',(#1637,#1638,#1639,#1640,#1641,#1642,#1643,#1644));
#421=EDGE_LOOP('',(#1645,#1646,#1647,#1648));
#422=EDGE_LOOP('',(#1649,#1650,#1651,#1652,#1653,#1654));
#423=EDGE_LOOP('',(#1655,#1656,#1657,#1658,#1659,#1660));
#424=EDGE_LOOP('',(#1661,#1662,#1663,#1664,#1665,#1666));
#425=EDGE_LOOP('',(#1667,#1668,#1669,#1670));
#426=EDGE_LOOP('',(#1671,#1672,#1673,#1674,#1675,#1676,#1677,#1678,#1679,
#1680));
#427=EDGE_LOOP('',(#1681,#1682,#1683,#1684,#1685,#1686,#1687,#1688,#1689,
#1690));
#428=EDGE_LOOP('',(#1691,#1692,#1693,#1694,#1695,#1696,#1697,#1698,#1699,
#1700));
#429=EDGE_LOOP('',(#1701,#1702,#1703,#1704));
#430=EDGE_LOOP('',(#1705,#1706,#1707,#1708));
#431=LINE('',#2255,#569);
#432=LINE('',#2257,#570);
#433=LINE('',#2259,#571);
#434=LINE('',#2260,#572);
#435=LINE('',#2263,#573);
#436=LINE('',#2265,#574);
#437=LINE('',#2266,#575);
#438=LINE('',#2269,#576);
#439=LINE('',#2271,#577);
#440=LINE('',#2272,#578);
#441=LINE('',#2274,#579);
#442=LINE('',#2275,#580);
#443=LINE('',#2279,#581);
#444=LINE('',#2281,#582);
#445=LINE('',#2283,#583);
#446=LINE('',#2284,#584);
#447=LINE('',#2287,#585);
#448=LINE('',#2289,#586);
#449=LINE('',#2290,#587);
#450=LINE('',#2293,#588);
#451=LINE('',#2295,#589);
#452=LINE('',#2296,#590);
#453=LINE('',#2298,#591);
#454=LINE('',#2299,#592);
#455=LINE('',#2303,#593);
#456=LINE('',#2305,#594);
#457=LINE('',#2307,#595);
#458=LINE('',#2308,#596);
#459=LINE('',#2311,#597);
#460=LINE('',#2313,#598);
#461=LINE('',#2314,#599);
#462=LINE('',#2317,#600);
#463=LINE('',#2319,#601);
#464=LINE('',#2320,#602);
#465=LINE('',#2322,#603);
#466=LINE('',#2323,#604);
#467=LINE('',#2328,#605);
#468=LINE('',#2330,#606);
#469=LINE('',#2332,#607);
#470=LINE('',#2333,#608);
#471=LINE('',#2336,#609);
#472=LINE('',#2338,#610);
#473=LINE('',#2339,#611);
#474=LINE('',#2342,#612);
#475=LINE('',#2344,#613);
#476=LINE('',#2345,#614);
#477=LINE('',#2347,#615);
#478=LINE('',#2348,#616);
#479=LINE('',#2353,#617);
#480=LINE('',#2355,#618);
#481=LINE('',#2357,#619);
#482=LINE('',#2358,#620);
#483=LINE('',#2361,#621);
#484=LINE('',#2363,#622);
#485=LINE('',#2364,#623);
#486=LINE('',#2367,#624);
#487=LINE('',#2369,#625);
#488=LINE('',#2370,#626);
#489=LINE('',#2372,#627);
#490=LINE('',#2373,#628);
#491=LINE('',#2379,#629);
#492=LINE('',#2386,#630);
#493=LINE('',#2393,#631);
#494=LINE('',#2400,#632);
#495=LINE('',#2406,#633);
#496=LINE('',#2408,#634);
#497=LINE('',#2410,#635);
#498=LINE('',#2411,#636);
#499=LINE('',#2414,#637);
#500=LINE('',#2416,#638);
#501=LINE('',#2417,#639);
#502=LINE('',#2420,#640);
#503=LINE('',#2422,#641);
#504=LINE('',#2423,#642);
#505=LINE('',#2425,#643);
#506=LINE('',#2426,#644);
#507=LINE('',#2484,#645);
#508=LINE('',#2487,#646);
#509=LINE('',#2513,#647);
#510=LINE('',#2514,#648);
#511=LINE('',#2525,#649);
#512=LINE('',#2528,#650);
#513=LINE('',#2530,#651);
#514=LINE('',#2531,#652);
#515=LINE('',#2558,#653);
#516=LINE('',#2582,#654);
#517=LINE('',#2583,#655);
#518=LINE('',#2625,#656);
#519=LINE('',#2640,#657);
#520=LINE('',#2654,#658);
#521=LINE('',#2674,#659);
#522=LINE('',#2685,#660);
#523=LINE('',#2687,#661);
#524=LINE('',#2688,#662);
#525=LINE('',#2880,#663);
#526=LINE('',#2926,#664);
#527=LINE('',#3127,#665);
#528=LINE('',#3178,#666);
#529=LINE('',#3233,#667);
#530=LINE('',#3261,#668);
#531=LINE('',#3263,#669);
#532=LINE('',#3265,#670);
#533=LINE('',#3266,#671);
#534=LINE('',#3332,#672);
#535=LINE('',#3344,#673);
#536=LINE('',#3542,#674);
#537=LINE('',#3575,#675);
#538=LINE('',#3625,#676);
#539=LINE('',#3640,#677);
#540=LINE('',#3642,#678);
#541=LINE('',#3643,#679);
#542=LINE('',#3705,#680);
#543=LINE('',#3707,#681);
#544=LINE('',#3797,#682);
#545=LINE('',#3841,#683);
#546=LINE('',#3892,#684);
#547=LINE('',#3919,#685);
#548=LINE('',#3921,#686);
#549=LINE('',#3923,#687);
#550=LINE('',#3924,#688);
#551=LINE('',#3990,#689);
#552=LINE('',#3992,#690);
#553=LINE('',#4056,#691);
#554=LINE('',#4107,#692);
#555=LINE('',#4157,#693);
#556=LINE('',#4172,#694);
#557=LINE('',#4174,#695);
#558=LINE('',#4175,#696);
#559=LINE('',#4237,#697);
#560=LINE('',#4249,#698);
#561=LINE('',#4392,#699);
#562=LINE('',#4514,#700);
#563=LINE('',#4522,#701);
#564=LINE('',#4575,#702);
#565=LINE('',#4796,#703);
#566=LINE('',#4903,#704);
#567=LINE('',#5059,#705);
#568=LINE('',#5063,#706);
#569=VECTOR('',#1963,10.);
#570=VECTOR('',#1964,10.);
#571=VECTOR('',#1965,10.);
#572=VECTOR('',#1966,10.);
#573=VECTOR('',#1969,10.);
#574=VECTOR('',#1970,10.);
#575=VECTOR('',#1971,10.);
#576=VECTOR('',#1974,10.);
#577=VECTOR('',#1975,10.);
#578=VECTOR('',#1976,10.);
#579=VECTOR('',#1979,10.);
#580=VECTOR('',#1980,10.);
#581=VECTOR('',#1983,10.);
#582=VECTOR('',#1984,10.);
#583=VECTOR('',#1985,10.);
#584=VECTOR('',#1986,10.);
#585=VECTOR('',#1989,10.);
#586=VECTOR('',#1990,10.);
#587=VECTOR('',#1991,10.);
#588=VECTOR('',#1994,10.);
#589=VECTOR('',#1995,10.);
#590=VECTOR('',#1996,10.);
#591=VECTOR('',#1999,10.);
#592=VECTOR('',#2000,10.);
#593=VECTOR('',#2003,10.);
#594=VECTOR('',#2004,10.);
#595=VECTOR('',#2005,10.);
#596=VECTOR('',#2006,10.);
#597=VECTOR('',#2009,10.);
#598=VECTOR('',#2010,10.);
#599=VECTOR('',#2011,10.);
#600=VECTOR('',#2014,10.);
#601=VECTOR('',#2015,10.);
#602=VECTOR('',#2016,10.);
#603=VECTOR('',#2019,10.);
#604=VECTOR('',#2020,10.);
#605=VECTOR('',#2025,10.);
#606=VECTOR('',#2026,10.);
#607=VECTOR('',#2027,10.);
#608=VECTOR('',#2028,10.);
#609=VECTOR('',#2031,10.);
#610=VECTOR('',#2032,10.);
#611=VECTOR('',#2033,10.);
#612=VECTOR('',#2036,10.);
#613=VECTOR('',#2037,10.);
#614=VECTOR('',#2038,10.);
#615=VECTOR('',#2041,10.);
#616=VECTOR('',#2042,10.);
#617=VECTOR('',#2047,10.);
#618=VECTOR('',#2048,10.);
#619=VECTOR('',#2049,10.);
#620=VECTOR('',#2050,10.);
#621=VECTOR('',#2053,10.);
#622=VECTOR('',#2054,10.);
#623=VECTOR('',#2055,10.);
#624=VECTOR('',#2058,10.);
#625=VECTOR('',#2059,10.);
#626=VECTOR('',#2060,10.);
#627=VECTOR('',#2063,10.);
#628=VECTOR('',#2064,10.);
#629=VECTOR('',#2071,1.1);
#630=VECTOR('',#2080,1.1);
#631=VECTOR('',#2089,1.1);
#632=VECTOR('',#2098,1.1);
#633=VECTOR('',#2105,10.);
#634=VECTOR('',#2106,10.);
#635=VECTOR('',#2107,10.);
#636=VECTOR('',#2108,10.);
#637=VECTOR('',#2111,10.);
#638=VECTOR('',#2112,10.);
#639=VECTOR('',#2113,10.);
#640=VECTOR('',#2116,10.);
#641=VECTOR('',#2117,10.);
#642=VECTOR('',#2118,10.);
#643=VECTOR('',#2121,10.);
#644=VECTOR('',#2122,10.);
#645=VECTOR('',#2127,10.);
#646=VECTOR('',#2130,10.);
#647=VECTOR('',#2133,10.);
#648=VECTOR('',#2134,10.);
#649=VECTOR('',#2137,10.);
#650=VECTOR('',#2140,10.);
#651=VECTOR('',#2141,10.);
#652=VECTOR('',#2142,10.);
#653=VECTOR('',#2145,10.);
#654=VECTOR('',#2150,10.);
#655=VECTOR('',#2151,10.);
#656=VECTOR('',#2154,10.);
#657=VECTOR('',#2155,10.);
#658=VECTOR('',#2156,10.);
#659=VECTOR('',#2161,10.);
#660=VECTOR('',#2164,10.);
#661=VECTOR('',#2165,10.);
#662=VECTOR('',#2166,10.);
#663=VECTOR('',#2175,10.);
#664=VECTOR('',#2176,10.);
#665=VECTOR('',#2177,10.);
#666=VECTOR('',#2178,10.);
#667=VECTOR('',#2179,10.);
#668=VECTOR('',#2182,10.);
#669=VECTOR('',#2183,10.);
#670=VECTOR('',#2184,10.);
#671=VECTOR('',#2185,10.);
#672=VECTOR('',#2186,10.);
#673=VECTOR('',#2187,10.);
#674=VECTOR('',#2190,10.);
#675=VECTOR('',#2191,10.);
#676=VECTOR('',#2192,10.);
#677=VECTOR('',#2195,10.);
#678=VECTOR('',#2196,10.);
#679=VECTOR('',#2197,10.);
#680=VECTOR('',#2198,10.);
#681=VECTOR('',#2199,10.);
#682=VECTOR('',#2200,10.);
#683=VECTOR('',#2201,10.);
#684=VECTOR('',#2202,10.);
#685=VECTOR('',#2205,10.);
#686=VECTOR('',#2206,10.);
#687=VECTOR('',#2207,10.);
#688=VECTOR('',#2208,10.);
#689=VECTOR('',#2209,10.);
#690=VECTOR('',#2210,10.);
#691=VECTOR('',#2213,10.);
#692=VECTOR('',#2214,10.);
#693=VECTOR('',#2215,10.);
#694=VECTOR('',#2218,10.);
#695=VECTOR('',#2219,10.);
#696=VECTOR('',#2220,10.);
#697=VECTOR('',#2221,10.);
#698=VECTOR('',#2222,10.);
#699=VECTOR('',#2225,10.);
#700=VECTOR('',#2228,10.);
#701=VECTOR('',#2229,10.);
#702=VECTOR('',#2232,10.);
#703=VECTOR('',#2235,10.);
#704=VECTOR('',#2236,10.);
#705=VECTOR('',#2239,10.);
#706=VECTOR('',#2246,10.);
#707=VERTEX_POINT('',#2253);
#708=VERTEX_POINT('',#2254);
#709=VERTEX_POINT('',#2256);
#710=VERTEX_POINT('',#2258);
#711=VERTEX_POINT('',#2262);
#712=VERTEX_POINT('',#2264);
#713=VERTEX_POINT('',#2268);
#714=VERTEX_POINT('',#2270);
#715=VERTEX_POINT('',#2277);
#716=VERTEX_POINT('',#2278);
#717=VERTEX_POINT('',#2280);
#718=VERTEX_POINT('',#2282);
#719=VERTEX_POINT('',#2286);
#720=VERTEX_POINT('',#2288);
#721=VERTEX_POINT('',#2292);
#722=VERTEX_POINT('',#2294);
#723=VERTEX_POINT('',#2301);
#724=VERTEX_POINT('',#2302);
#725=VERTEX_POINT('',#2304);
#726=VERTEX_POINT('',#2306);
#727=VERTEX_POINT('',#2310);
#728=VERTEX_POINT('',#2312);
#729=VERTEX_POINT('',#2316);
#730=VERTEX_POINT('',#2318);
#731=VERTEX_POINT('',#2326);
#732=VERTEX_POINT('',#2327);
#733=VERTEX_POINT('',#2329);
#734=VERTEX_POINT('',#2331);
#735=VERTEX_POINT('',#2335);
#736=VERTEX_POINT('',#2337);
#737=VERTEX_POINT('',#2341);
#738=VERTEX_POINT('',#2343);
#739=VERTEX_POINT('',#2351);
#740=VERTEX_POINT('',#2352);
#741=VERTEX_POINT('',#2354);
#742=VERTEX_POINT('',#2356);
#743=VERTEX_POINT('',#2360);
#744=VERTEX_POINT('',#2362);
#745=VERTEX_POINT('',#2366);
#746=VERTEX_POINT('',#2368);
#747=VERTEX_POINT('',#2376);
#748=VERTEX_POINT('',#2378);
#749=VERTEX_POINT('',#2383);
#750=VERTEX_POINT('',#2385);
#751=VERTEX_POINT('',#2390);
#752=VERTEX_POINT('',#2392);
#753=VERTEX_POINT('',#2397);
#754=VERTEX_POINT('',#2399);
#755=VERTEX_POINT('',#2404);
#756=VERTEX_POINT('',#2405);
#757=VERTEX_POINT('',#2407);
#758=VERTEX_POINT('',#2409);
#759=VERTEX_POINT('',#2413);
#760=VERTEX_POINT('',#2415);
#761=VERTEX_POINT('',#2419);
#762=VERTEX_POINT('',#2421);
#763=VERTEX_POINT('',#2429);
#764=VERTEX_POINT('',#2430);
#765=VERTEX_POINT('',#2474);
#766=VERTEX_POINT('',#2483);
#767=VERTEX_POINT('',#2485);
#768=VERTEX_POINT('',#2489);
#769=VERTEX_POINT('',#2512);
#770=VERTEX_POINT('',#2516);
#771=VERTEX_POINT('',#2517);
#772=VERTEX_POINT('',#2527);
#773=VERTEX_POINT('',#2529);
#774=VERTEX_POINT('',#2533);
#775=VERTEX_POINT('',#2540);
#776=VERTEX_POINT('',#2557);
#777=VERTEX_POINT('',#2561);
#778=VERTEX_POINT('',#2581);
#779=VERTEX_POINT('',#2585);
#780=VERTEX_POINT('',#2611);
#781=VERTEX_POINT('',#2624);
#782=VERTEX_POINT('',#2626);
#783=VERTEX_POINT('',#2639);
#784=VERTEX_POINT('',#2641);
#785=VERTEX_POINT('',#2656);
#786=VERTEX_POINT('',#2671);
#787=VERTEX_POINT('',#2673);
#788=VERTEX_POINT('',#2684);
#789=VERTEX_POINT('',#2686);
#790=VERTEX_POINT('',#2690);
#791=VERTEX_POINT('',#2788);
#792=VERTEX_POINT('',#2797);
#793=VERTEX_POINT('',#2810);
#794=VERTEX_POINT('',#2824);
#795=VERTEX_POINT('',#2853);
#796=VERTEX_POINT('',#2862);
#797=VERTEX_POINT('',#2867);
#798=VERTEX_POINT('',#2872);
#799=VERTEX_POINT('',#2879);
#800=VERTEX_POINT('',#2881);
#801=VERTEX_POINT('',#2889);
#802=VERTEX_POINT('',#2908);
#803=VERTEX_POINT('',#2913);
#804=VERTEX_POINT('',#2918);
#805=VERTEX_POINT('',#2925);
#806=VERTEX_POINT('',#2927);
#807=VERTEX_POINT('',#2935);
#808=VERTEX_POINT('',#2940);
#809=VERTEX_POINT('',#3028);
#810=VERTEX_POINT('',#3035);
#811=VERTEX_POINT('',#3048);
#812=VERTEX_POINT('',#3053);
#813=VERTEX_POINT('',#3069);
#814=VERTEX_POINT('',#3074);
#815=VERTEX_POINT('',#3102);
#816=VERTEX_POINT('',#3109);
#817=VERTEX_POINT('',#3114);
#818=VERTEX_POINT('',#3119);
#819=VERTEX_POINT('',#3126);
#820=VERTEX_POINT('',#3128);
#821=VERTEX_POINT('',#3135);
#822=VERTEX_POINT('',#3160);
#823=VERTEX_POINT('',#3161);
#824=VERTEX_POINT('',#3172);
#825=VERTEX_POINT('',#3177);
#826=VERTEX_POINT('',#3231);
#827=VERTEX_POINT('',#3232);
#828=VERTEX_POINT('',#3259);
#829=VERTEX_POINT('',#3260);
#830=VERTEX_POINT('',#3262);
#831=VERTEX_POINT('',#3264);
#832=VERTEX_POINT('',#3331);
#833=VERTEX_POINT('',#3333);
#834=VERTEX_POINT('',#3361);
#835=VERTEX_POINT('',#3507);
#836=VERTEX_POINT('',#3521);
#837=VERTEX_POINT('',#3537);
#838=VERTEX_POINT('',#3559);
#839=VERTEX_POINT('',#3570);
#840=VERTEX_POINT('',#3624);
#841=VERTEX_POINT('',#3639);
#842=VERTEX_POINT('',#3641);
#843=VERTEX_POINT('',#3704);
#844=VERTEX_POINT('',#3706);
#845=VERTEX_POINT('',#3734);
#846=VERTEX_POINT('',#3779);
#847=VERTEX_POINT('',#3784);
#848=VERTEX_POINT('',#3789);
#849=VERTEX_POINT('',#3796);
#850=VERTEX_POINT('',#3798);
#851=VERTEX_POINT('',#3825);
#852=VERTEX_POINT('',#3836);
#853=VERTEX_POINT('',#3890);
#854=VERTEX_POINT('',#3891);
#855=VERTEX_POINT('',#3918);
#856=VERTEX_POINT('',#3920);
#857=VERTEX_POINT('',#3922);
#858=VERTEX_POINT('',#3989);
#859=VERTEX_POINT('',#3991);
#860=VERTEX_POINT('',#4019);
#861=VERTEX_POINT('',#4055);
#862=VERTEX_POINT('',#4057);
#863=VERTEX_POINT('',#4091);
#864=VERTEX_POINT('',#4102);
#865=VERTEX_POINT('',#4156);
#866=VERTEX_POINT('',#4171);
#867=VERTEX_POINT('',#4173);
#868=VERTEX_POINT('',#4236);
#869=VERTEX_POINT('',#4238);
#870=VERTEX_POINT('',#4276);
#871=VERTEX_POINT('',#4377);
#872=VERTEX_POINT('',#4391);
#873=VERTEX_POINT('',#4436);
#874=VERTEX_POINT('',#4492);
#875=VERTEX_POINT('',#4513);
#876=VERTEX_POINT('',#4515);
#877=VERTEX_POINT('',#4524);
#878=VERTEX_POINT('',#4574);
#879=VERTEX_POINT('',#4671);
#880=VERTEX_POINT('',#4726);
#881=VERTEX_POINT('',#4777);
#882=VERTEX_POINT('',#4795);
#883=VERTEX_POINT('',#4852);
#884=VERTEX_POINT('',#4902);
#885=VERTEX_POINT('',#4987);
#886=VERTEX_POINT('',#5038);
#887=EDGE_CURVE('',#707,#708,#431,.T.);
#888=EDGE_CURVE('',#709,#707,#432,.T.);
#889=EDGE_CURVE('',#710,#709,#433,.T.);
#890=EDGE_CURVE('',#710,#708,#434,.T.);
#891=EDGE_CURVE('',#708,#711,#435,.T.);
#892=EDGE_CURVE('',#712,#710,#436,.T.);
#893=EDGE_CURVE('',#712,#711,#437,.T.);
#894=EDGE_CURVE('',#711,#713,#438,.T.);
#895=EDGE_CURVE('',#714,#712,#439,.T.);
#896=EDGE_CURVE('',#714,#713,#440,.T.);
#897=EDGE_CURVE('',#713,#707,#441,.T.);
#898=EDGE_CURVE('',#709,#714,#442,.T.);
#899=EDGE_CURVE('',#715,#716,#443,.T.);
#900=EDGE_CURVE('',#717,#715,#444,.T.);
#901=EDGE_CURVE('',#718,#717,#445,.T.);
#902=EDGE_CURVE('',#718,#716,#446,.T.);
#903=EDGE_CURVE('',#716,#719,#447,.T.);
#904=EDGE_CURVE('',#720,#718,#448,.T.);
#905=EDGE_CURVE('',#720,#719,#449,.T.);
#906=EDGE_CURVE('',#719,#721,#450,.T.);
#907=EDGE_CURVE('',#722,#720,#451,.T.);
#908=EDGE_CURVE('',#722,#721,#452,.T.);
#909=EDGE_CURVE('',#721,#715,#453,.T.);
#910=EDGE_CURVE('',#717,#722,#454,.T.);
#911=EDGE_CURVE('',#723,#724,#455,.T.);
#912=EDGE_CURVE('',#723,#725,#456,.T.);
#913=EDGE_CURVE('',#726,#725,#457,.T.);
#914=EDGE_CURVE('',#724,#726,#458,.T.);
#915=EDGE_CURVE('',#724,#727,#459,.T.);
#916=EDGE_CURVE('',#728,#726,#460,.T.);
#917=EDGE_CURVE('',#727,#728,#461,.T.);
#918=EDGE_CURVE('',#727,#729,#462,.T.);
#919=EDGE_CURVE('',#730,#728,#463,.T.);
#920=EDGE_CURVE('',#729,#730,#464,.T.);
#921=EDGE_CURVE('',#729,#723,#465,.T.);
#922=EDGE_CURVE('',#725,#730,#466,.T.);
#923=EDGE_CURVE('',#731,#732,#467,.T.);
#924=EDGE_CURVE('',#731,#733,#468,.T.);
#925=EDGE_CURVE('',#734,#733,#469,.T.);
#926=EDGE_CURVE('',#732,#734,#470,.T.);
#927=EDGE_CURVE('',#732,#735,#471,.T.);
#928=EDGE_CURVE('',#736,#734,#472,.T.);
#929=EDGE_CURVE('',#735,#736,#473,.T.);
#930=EDGE_CURVE('',#735,#737,#474,.T.);
#931=EDGE_CURVE('',#738,#736,#475,.T.);
#932=EDGE_CURVE('',#737,#738,#476,.T.);
#933=EDGE_CURVE('',#737,#731,#477,.T.);
#934=EDGE_CURVE('',#733,#738,#478,.T.);
#935=EDGE_CURVE('',#739,#740,#479,.T.);
#936=EDGE_CURVE('',#739,#741,#480,.T.);
#937=EDGE_CURVE('',#741,#742,#481,.T.);
#938=EDGE_CURVE('',#740,#742,#482,.T.);
#939=EDGE_CURVE('',#743,#739,#483,.T.);
#940=EDGE_CURVE('',#743,#744,#484,.T.);
#941=EDGE_CURVE('',#744,#741,#485,.T.);
#942=EDGE_CURVE('',#745,#743,#486,.T.);
#943=EDGE_CURVE('',#745,#746,#487,.T.);
#944=EDGE_CURVE('',#746,#744,#488,.T.);
#945=EDGE_CURVE('',#740,#745,#489,.T.);
#946=EDGE_CURVE('',#742,#746,#490,.T.);
#947=EDGE_CURVE('',#747,#747,#179,.T.);
#948=EDGE_CURVE('',#747,#748,#491,.T.);
#949=EDGE_CURVE('',#748,#748,#180,.T.);
#950=EDGE_CURVE('',#749,#749,#181,.T.);
#951=EDGE_CURVE('',#749,#750,#492,.T.);
#952=EDGE_CURVE('',#750,#750,#182,.T.);
#953=EDGE_CURVE('',#751,#751,#183,.T.);
#954=EDGE_CURVE('',#751,#752,#493,.T.);
#955=EDGE_CURVE('',#752,#752,#184,.T.);
#956=EDGE_CURVE('',#753,#753,#185,.T.);
#957=EDGE_CURVE('',#753,#754,#494,.T.);
#958=EDGE_CURVE('',#754,#754,#186,.T.);
#959=EDGE_CURVE('',#755,#756,#495,.T.);
#960=EDGE_CURVE('',#755,#757,#496,.T.);
#961=EDGE_CURVE('',#757,#758,#497,.T.);
#962=EDGE_CURVE('',#756,#758,#498,.T.);
#963=EDGE_CURVE('',#759,#755,#499,.T.);
#964=EDGE_CURVE('',#759,#760,#500,.T.);
#965=EDGE_CURVE('',#760,#757,#501,.T.);
#966=EDGE_CURVE('',#761,#759,#502,.T.);
#967=EDGE_CURVE('',#761,#762,#503,.T.);
#968=EDGE_CURVE('',#762,#760,#504,.T.);
#969=EDGE_CURVE('',#756,#761,#505,.T.);
#970=EDGE_CURVE('',#758,#762,#506,.T.);
#971=EDGE_CURVE('',#763,#764,#55,.T.);
#972=EDGE_CURVE('',#765,#763,#56,.T.);
#973=EDGE_CURVE('',#765,#766,#507,.T.);
#974=EDGE_CURVE('',#767,#766,#187,.T.);
#975=EDGE_CURVE('',#767,#764,#508,.T.);
#976=EDGE_CURVE('',#764,#768,#57,.T.);
#977=EDGE_CURVE('',#769,#767,#509,.T.);
#978=EDGE_CURVE('',#768,#769,#510,.T.);
#979=EDGE_CURVE('',#770,#771,#58,.T.);
#980=EDGE_CURVE('',#771,#770,#511,.T.);
#981=EDGE_CURVE('',#772,#765,#512,.T.);
#982=EDGE_CURVE('',#772,#773,#513,.T.);
#983=EDGE_CURVE('',#766,#773,#514,.T.);
#984=EDGE_CURVE('',#774,#772,#59,.T.);
#985=EDGE_CURVE('',#775,#774,#60,.T.);
#986=EDGE_CURVE('',#775,#776,#515,.T.);
#987=EDGE_CURVE('',#773,#776,#188,.T.);
#988=EDGE_CURVE('',#777,#775,#61,.T.);
#989=EDGE_CURVE('',#777,#778,#516,.T.);
#990=EDGE_CURVE('',#776,#778,#517,.T.);
#991=EDGE_CURVE('',#771,#779,#62,.T.);
#992=EDGE_CURVE('',#780,#770,#63,.T.);
#993=EDGE_CURVE('',#781,#780,#518,.T.);
#994=EDGE_CURVE('',#782,#781,#64,.T.);
#995=EDGE_CURVE('',#782,#783,#519,.T.);
#996=EDGE_CURVE('',#784,#783,#65,.T.);
#997=EDGE_CURVE('',#779,#784,#520,.T.);
#998=EDGE_CURVE('',#768,#785,#66,.T.);
#999=EDGE_CURVE('',#786,#769,#189,.T.);
#1000=EDGE_CURVE('',#787,#786,#521,.T.);
#1001=EDGE_CURVE('',#785,#787,#67,.T.);
#1002=EDGE_CURVE('',#787,#788,#522,.T.);
#1003=EDGE_CURVE('',#789,#786,#523,.T.);
#1004=EDGE_CURVE('',#788,#789,#524,.T.);
#1005=EDGE_CURVE('',#788,#790,#68,.T.);
#1006=EDGE_CURVE('',#778,#789,#190,.T.);
#1007=EDGE_CURVE('',#790,#777,#69,.T.);
#1008=EDGE_CURVE('',#783,#782,#70,.T.);
#1009=EDGE_CURVE('',#781,#791,#71,.T.);
#1010=EDGE_CURVE('',#792,#791,#72,.T.);
#1011=EDGE_CURVE('',#792,#793,#73,.T.);
#1012=EDGE_CURVE('',#794,#793,#74,.T.);
#1013=EDGE_CURVE('',#794,#784,#75,.T.);
#1014=EDGE_CURVE('',#795,#780,#76,.T.);
#1015=EDGE_CURVE('',#796,#795,#77,.T.);
#1016=EDGE_CURVE('',#796,#797,#78,.T.);
#1017=EDGE_CURVE('',#798,#797,#79,.T.);
#1018=EDGE_CURVE('',#799,#798,#525,.T.);
#1019=EDGE_CURVE('',#800,#799,#80,.T.);
#1020=EDGE_CURVE('',#800,#801,#81,.T.);
#1021=EDGE_CURVE('',#791,#801,#82,.T.);
#1022=EDGE_CURVE('',#802,#794,#83,.T.);
#1023=EDGE_CURVE('',#802,#803,#84,.T.);
#1024=EDGE_CURVE('',#804,#803,#85,.T.);
#1025=EDGE_CURVE('',#804,#805,#526,.T.);
#1026=EDGE_CURVE('',#806,#805,#86,.T.);
#1027=EDGE_CURVE('',#806,#807,#87,.T.);
#1028=EDGE_CURVE('',#808,#807,#88,.T.);
#1029=EDGE_CURVE('',#779,#808,#89,.T.);
#1030=EDGE_CURVE('',#785,#809,#90,.T.);
#1031=EDGE_CURVE('',#810,#809,#91,.T.);
#1032=EDGE_CURVE('',#811,#810,#92,.T.);
#1033=EDGE_CURVE('',#811,#812,#93,.T.);
#1034=EDGE_CURVE('',#813,#812,#94,.T.);
#1035=EDGE_CURVE('',#814,#813,#95,.T.);
#1036=EDGE_CURVE('',#814,#763,#96,.T.);
#1037=EDGE_CURVE('',#815,#790,#97,.T.);
#1038=EDGE_CURVE('',#816,#815,#98,.T.);
#1039=EDGE_CURVE('',#816,#817,#99,.T.);
#1040=EDGE_CURVE('',#818,#817,#100,.T.);
#1041=EDGE_CURVE('',#818,#819,#527,.T.);
#1042=EDGE_CURVE('',#820,#819,#101,.T.);
#1043=EDGE_CURVE('',#820,#821,#102,.T.);
#1044=EDGE_CURVE('',#809,#821,#103,.T.);
#1045=EDGE_CURVE('',#822,#823,#104,.F.);
#1046=EDGE_CURVE('',#823,#824,#105,.T.);
#1047=EDGE_CURVE('',#824,#825,#528,.T.);
#1048=EDGE_CURVE('',#825,#822,#106,.T.);
#1049=EDGE_CURVE('',#826,#827,#529,.T.);
#1050=EDGE_CURVE('',#827,#825,#107,.T.);
#1051=EDGE_CURVE('',#824,#826,#108,.T.);
#1052=EDGE_CURVE('',#828,#829,#530,.T.);
#1053=EDGE_CURVE('',#829,#830,#531,.T.);
#1054=EDGE_CURVE('',#830,#831,#532,.T.);
#1055=EDGE_CURVE('',#831,#828,#533,.T.);
#1056=EDGE_CURVE('',#828,#827,#109,.T.);
#1057=EDGE_CURVE('',#826,#829,#110,.T.);
#1058=EDGE_CURVE('',#793,#832,#534,.T.);
#1059=EDGE_CURVE('',#832,#833,#111,.T.);
#1060=EDGE_CURVE('',#833,#794,#535,.T.);
#1061=EDGE_CURVE('',#834,#802,#112,.F.);
#1062=EDGE_CURVE('',#833,#834,#113,.T.);
#1063=EDGE_CURVE('',#793,#831,#114,.T.);
#1064=EDGE_CURVE('',#830,#832,#115,.T.);
#1065=EDGE_CURVE('',#774,#825,#116,.T.);
#1066=EDGE_CURVE('',#828,#835,#117,.T.);
#1067=EDGE_CURVE('',#836,#835,#118,.T.);
#1068=EDGE_CURVE('',#815,#836,#119,.T.);
#1069=EDGE_CURVE('',#837,#792,#120,.T.);
#1070=EDGE_CURVE('',#835,#837,#536,.T.);
#1071=EDGE_CURVE('',#801,#838,#121,.F.);
#1072=EDGE_CURVE('',#838,#839,#122,.T.);
#1073=EDGE_CURVE('',#839,#791,#537,.T.);
#1074=EDGE_CURVE('',#840,#792,#538,.T.);
#1075=EDGE_CURVE('',#839,#840,#123,.T.);
#1076=EDGE_CURVE('',#841,#835,#539,.T.);
#1077=EDGE_CURVE('',#837,#842,#540,.T.);
#1078=EDGE_CURVE('',#842,#841,#541,.T.);
#1079=EDGE_CURVE('',#840,#842,#124,.T.);
#1080=EDGE_CURVE('',#843,#815,#542,.T.);
#1081=EDGE_CURVE('',#836,#844,#543,.T.);
#1082=EDGE_CURVE('',#844,#843,#125,.T.);
#1083=EDGE_CURVE('',#845,#816,#126,.F.);
#1084=EDGE_CURVE('',#843,#845,#127,.T.);
#1085=EDGE_CURVE('',#841,#844,#128,.T.);
#1086=EDGE_CURVE('',#846,#814,#129,.T.);
#1087=EDGE_CURVE('',#846,#847,#130,.T.);
#1088=EDGE_CURVE('',#848,#847,#131,.T.);
#1089=EDGE_CURVE('',#849,#848,#544,.T.);
#1090=EDGE_CURVE('',#850,#849,#132,.T.);
#1091=EDGE_CURVE('',#850,#822,#133,.T.);
#1092=EDGE_CURVE('',#807,#851,#134,.F.);
#1093=EDGE_CURVE('',#851,#852,#135,.T.);
#1094=EDGE_CURVE('',#852,#808,#545,.T.);
#1095=EDGE_CURVE('',#853,#854,#546,.T.);
#1096=EDGE_CURVE('',#854,#808,#136,.T.);
#1097=EDGE_CURVE('',#852,#853,#137,.T.);
#1098=EDGE_CURVE('',#855,#812,#547,.T.);
#1099=EDGE_CURVE('',#812,#856,#548,.T.);
#1100=EDGE_CURVE('',#856,#857,#549,.T.);
#1101=EDGE_CURVE('',#857,#855,#550,.T.);
#1102=EDGE_CURVE('',#856,#854,#138,.T.);
#1103=EDGE_CURVE('',#853,#857,#139,.T.);
#1104=EDGE_CURVE('',#858,#814,#551,.T.);
#1105=EDGE_CURVE('',#813,#859,#552,.T.);
#1106=EDGE_CURVE('',#859,#858,#140,.T.);
#1107=EDGE_CURVE('',#860,#846,#141,.F.);
#1108=EDGE_CURVE('',#858,#860,#142,.T.);
#1109=EDGE_CURVE('',#855,#859,#143,.T.);
#1110=EDGE_CURVE('',#861,#811,#553,.T.);
#1111=EDGE_CURVE('',#862,#861,#144,.T.);
#1112=EDGE_CURVE('',#854,#862,#145,.T.);
#1113=EDGE_CURVE('',#821,#863,#146,.F.);
#1114=EDGE_CURVE('',#863,#864,#147,.T.);
#1115=EDGE_CURVE('',#864,#809,#554,.T.);
#1116=EDGE_CURVE('',#865,#810,#555,.T.);
#1117=EDGE_CURVE('',#864,#865,#148,.T.);
#1118=EDGE_CURVE('',#811,#866,#556,.T.);
#1119=EDGE_CURVE('',#866,#867,#557,.T.);
#1120=EDGE_CURVE('',#867,#861,#558,.T.);
#1121=EDGE_CURVE('',#865,#866,#149,.T.);
#1122=EDGE_CURVE('',#862,#868,#559,.T.);
#1123=EDGE_CURVE('',#868,#869,#150,.T.);
#1124=EDGE_CURVE('',#869,#795,#560,.T.);
#1125=EDGE_CURVE('',#795,#862,#151,.T.);
#1126=EDGE_CURVE('',#870,#796,#152,.F.);
#1127=EDGE_CURVE('',#869,#870,#153,.T.);
#1128=EDGE_CURVE('',#867,#868,#154,.T.);
#1129=EDGE_CURVE('',#871,#863,#155,.F.);
#1130=EDGE_CURVE('',#871,#872,#561,.T.);
#1131=EDGE_CURVE('',#870,#872,#156,.F.);
#1132=EDGE_CURVE('',#849,#873,#157,.T.);
#1133=EDGE_CURVE('',#873,#874,#158,.T.);
#1134=EDGE_CURVE('',#874,#823,#159,.F.);
#1135=EDGE_CURVE('',#875,#873,#562,.T.);
#1136=EDGE_CURVE('',#876,#875,#160,.T.);
#1137=EDGE_CURVE('',#874,#876,#563,.T.);
#1138=EDGE_CURVE('',#877,#848,#161,.T.);
#1139=EDGE_CURVE('',#877,#878,#564,.T.);
#1140=EDGE_CURVE('',#805,#878,#162,.T.);
#1141=EDGE_CURVE('',#875,#804,#163,.T.);
#1142=EDGE_CURVE('',#834,#876,#164,.F.);
#1143=EDGE_CURVE('',#860,#879,#165,.F.);
#1144=EDGE_CURVE('',#879,#877,#166,.T.);
#1145=EDGE_CURVE('',#878,#880,#167,.T.);
#1146=EDGE_CURVE('',#880,#851,#168,.F.);
#1147=EDGE_CURVE('',#881,#798,#169,.T.);
#1148=EDGE_CURVE('',#872,#881,#170,.T.);
#1149=EDGE_CURVE('',#881,#882,#565,.T.);
#1150=EDGE_CURVE('',#819,#882,#171,.T.);
#1151=EDGE_CURVE('',#883,#818,#172,.T.);
#1152=EDGE_CURVE('',#883,#884,#566,.T.);
#1153=EDGE_CURVE('',#799,#884,#173,.T.);
#1154=EDGE_CURVE('',#882,#871,#174,.T.);
#1155=EDGE_CURVE('',#884,#885,#175,.T.);
#1156=EDGE_CURVE('',#885,#838,#176,.F.);
#1157=EDGE_CURVE('',#845,#886,#177,.F.);
#1158=EDGE_CURVE('',#886,#883,#178,.T.);
#1159=EDGE_CURVE('',#885,#886,#567,.T.);
#1160=EDGE_CURVE('',#880,#879,#568,.T.);
#1161=ORIENTED_EDGE('',*,*,#887,.F.);
#1162=ORIENTED_EDGE('',*,*,#888,.F.);
#1163=ORIENTED_EDGE('',*,*,#889,.F.);
#1164=ORIENTED_EDGE('',*,*,#890,.T.);
#1165=ORIENTED_EDGE('',*,*,#891,.F.);
#1166=ORIENTED_EDGE('',*,*,#890,.F.);
#1167=ORIENTED_EDGE('',*,*,#892,.F.);
#1168=ORIENTED_EDGE('',*,*,#893,.T.);
#1169=ORIENTED_EDGE('',*,*,#894,.F.);
#1170=ORIENTED_EDGE('',*,*,#893,.F.);
#1171=ORIENTED_EDGE('',*,*,#895,.F.);
#1172=ORIENTED_EDGE('',*,*,#896,.T.);
#1173=ORIENTED_EDGE('',*,*,#897,.F.);
#1174=ORIENTED_EDGE('',*,*,#896,.F.);
#1175=ORIENTED_EDGE('',*,*,#898,.F.);
#1176=ORIENTED_EDGE('',*,*,#888,.T.);
#1177=ORIENTED_EDGE('',*,*,#899,.F.);
#1178=ORIENTED_EDGE('',*,*,#900,.F.);
#1179=ORIENTED_EDGE('',*,*,#901,.F.);
#1180=ORIENTED_EDGE('',*,*,#902,.T.);
#1181=ORIENTED_EDGE('',*,*,#903,.F.);
#1182=ORIENTED_EDGE('',*,*,#902,.F.);
#1183=ORIENTED_EDGE('',*,*,#904,.F.);
#1184=ORIENTED_EDGE('',*,*,#905,.T.);
#1185=ORIENTED_EDGE('',*,*,#906,.F.);
#1186=ORIENTED_EDGE('',*,*,#905,.F.);
#1187=ORIENTED_EDGE('',*,*,#907,.F.);
#1188=ORIENTED_EDGE('',*,*,#908,.T.);
#1189=ORIENTED_EDGE('',*,*,#909,.F.);
#1190=ORIENTED_EDGE('',*,*,#908,.F.);
#1191=ORIENTED_EDGE('',*,*,#910,.F.);
#1192=ORIENTED_EDGE('',*,*,#900,.T.);
#1193=ORIENTED_EDGE('',*,*,#911,.F.);
#1194=ORIENTED_EDGE('',*,*,#912,.T.);
#1195=ORIENTED_EDGE('',*,*,#913,.F.);
#1196=ORIENTED_EDGE('',*,*,#914,.F.);
#1197=ORIENTED_EDGE('',*,*,#894,.T.);
#1198=ORIENTED_EDGE('',*,*,#897,.T.);
#1199=ORIENTED_EDGE('',*,*,#887,.T.);
#1200=ORIENTED_EDGE('',*,*,#891,.T.);
#1201=ORIENTED_EDGE('',*,*,#915,.F.);
#1202=ORIENTED_EDGE('',*,*,#914,.T.);
#1203=ORIENTED_EDGE('',*,*,#916,.F.);
#1204=ORIENTED_EDGE('',*,*,#917,.F.);
#1205=ORIENTED_EDGE('',*,*,#918,.F.);
#1206=ORIENTED_EDGE('',*,*,#917,.T.);
#1207=ORIENTED_EDGE('',*,*,#919,.F.);
#1208=ORIENTED_EDGE('',*,*,#920,.F.);
#1209=ORIENTED_EDGE('',*,*,#895,.T.);
#1210=ORIENTED_EDGE('',*,*,#892,.T.);
#1211=ORIENTED_EDGE('',*,*,#889,.T.);
#1212=ORIENTED_EDGE('',*,*,#898,.T.);
#1213=ORIENTED_EDGE('',*,*,#921,.F.);
#1214=ORIENTED_EDGE('',*,*,#920,.T.);
#1215=ORIENTED_EDGE('',*,*,#922,.F.);
#1216=ORIENTED_EDGE('',*,*,#912,.F.);
#1217=ORIENTED_EDGE('',*,*,#922,.T.);
#1218=ORIENTED_EDGE('',*,*,#919,.T.);
#1219=ORIENTED_EDGE('',*,*,#916,.T.);
#1220=ORIENTED_EDGE('',*,*,#913,.T.);
#1221=ORIENTED_EDGE('',*,*,#923,.F.);
#1222=ORIENTED_EDGE('',*,*,#924,.T.);
#1223=ORIENTED_EDGE('',*,*,#925,.F.);
#1224=ORIENTED_EDGE('',*,*,#926,.F.);
#1225=ORIENTED_EDGE('',*,*,#907,.T.);
#1226=ORIENTED_EDGE('',*,*,#904,.T.);
#1227=ORIENTED_EDGE('',*,*,#901,.T.);
#1228=ORIENTED_EDGE('',*,*,#910,.T.);
#1229=ORIENTED_EDGE('',*,*,#927,.F.);
#1230=ORIENTED_EDGE('',*,*,#926,.T.);
#1231=ORIENTED_EDGE('',*,*,#928,.F.);
#1232=ORIENTED_EDGE('',*,*,#929,.F.);
#1233=ORIENTED_EDGE('',*,*,#930,.F.);
#1234=ORIENTED_EDGE('',*,*,#929,.T.);
#1235=ORIENTED_EDGE('',*,*,#931,.F.);
#1236=ORIENTED_EDGE('',*,*,#932,.F.);
#1237=ORIENTED_EDGE('',*,*,#906,.T.);
#1238=ORIENTED_EDGE('',*,*,#909,.T.);
#1239=ORIENTED_EDGE('',*,*,#899,.T.);
#1240=ORIENTED_EDGE('',*,*,#903,.T.);
#1241=ORIENTED_EDGE('',*,*,#933,.F.);
#1242=ORIENTED_EDGE('',*,*,#932,.T.);
#1243=ORIENTED_EDGE('',*,*,#934,.F.);
#1244=ORIENTED_EDGE('',*,*,#924,.F.);
#1245=ORIENTED_EDGE('',*,*,#934,.T.);
#1246=ORIENTED_EDGE('',*,*,#931,.T.);
#1247=ORIENTED_EDGE('',*,*,#928,.T.);
#1248=ORIENTED_EDGE('',*,*,#925,.T.);
#1249=ORIENTED_EDGE('',*,*,#935,.F.);
#1250=ORIENTED_EDGE('',*,*,#936,.T.);
#1251=ORIENTED_EDGE('',*,*,#937,.T.);
#1252=ORIENTED_EDGE('',*,*,#938,.F.);
#1253=ORIENTED_EDGE('',*,*,#939,.F.);
#1254=ORIENTED_EDGE('',*,*,#940,.T.);
#1255=ORIENTED_EDGE('',*,*,#941,.T.);
#1256=ORIENTED_EDGE('',*,*,#936,.F.);
#1257=ORIENTED_EDGE('',*,*,#942,.F.);
#1258=ORIENTED_EDGE('',*,*,#943,.T.);
#1259=ORIENTED_EDGE('',*,*,#944,.T.);
#1260=ORIENTED_EDGE('',*,*,#940,.F.);
#1261=ORIENTED_EDGE('',*,*,#945,.F.);
#1262=ORIENTED_EDGE('',*,*,#938,.T.);
#1263=ORIENTED_EDGE('',*,*,#946,.T.);
#1264=ORIENTED_EDGE('',*,*,#943,.F.);
#1265=ORIENTED_EDGE('',*,*,#946,.F.);
#1266=ORIENTED_EDGE('',*,*,#937,.F.);
#1267=ORIENTED_EDGE('',*,*,#941,.F.);
#1268=ORIENTED_EDGE('',*,*,#944,.F.);
#1269=ORIENTED_EDGE('',*,*,#947,.F.);
#1270=ORIENTED_EDGE('',*,*,#948,.T.);
#1271=ORIENTED_EDGE('',*,*,#949,.T.);
#1272=ORIENTED_EDGE('',*,*,#948,.F.);
#1273=ORIENTED_EDGE('',*,*,#949,.F.);
#1274=ORIENTED_EDGE('',*,*,#950,.F.);
#1275=ORIENTED_EDGE('',*,*,#951,.T.);
#1276=ORIENTED_EDGE('',*,*,#952,.T.);
#1277=ORIENTED_EDGE('',*,*,#951,.F.);
#1278=ORIENTED_EDGE('',*,*,#952,.F.);
#1279=ORIENTED_EDGE('',*,*,#953,.F.);
#1280=ORIENTED_EDGE('',*,*,#954,.T.);
#1281=ORIENTED_EDGE('',*,*,#955,.T.);
#1282=ORIENTED_EDGE('',*,*,#954,.F.);
#1283=ORIENTED_EDGE('',*,*,#955,.F.);
#1284=ORIENTED_EDGE('',*,*,#956,.F.);
#1285=ORIENTED_EDGE('',*,*,#957,.T.);
#1286=ORIENTED_EDGE('',*,*,#958,.T.);
#1287=ORIENTED_EDGE('',*,*,#957,.F.);
#1288=ORIENTED_EDGE('',*,*,#958,.F.);
#1289=ORIENTED_EDGE('',*,*,#959,.F.);
#1290=ORIENTED_EDGE('',*,*,#960,.T.);
#1291=ORIENTED_EDGE('',*,*,#961,.T.);
#1292=ORIENTED_EDGE('',*,*,#962,.F.);
#1293=ORIENTED_EDGE('',*,*,#963,.F.);
#1294=ORIENTED_EDGE('',*,*,#964,.T.);
#1295=ORIENTED_EDGE('',*,*,#965,.T.);
#1296=ORIENTED_EDGE('',*,*,#960,.F.);
#1297=ORIENTED_EDGE('',*,*,#966,.F.);
#1298=ORIENTED_EDGE('',*,*,#967,.T.);
#1299=ORIENTED_EDGE('',*,*,#968,.T.);
#1300=ORIENTED_EDGE('',*,*,#964,.F.);
#1301=ORIENTED_EDGE('',*,*,#969,.F.);
#1302=ORIENTED_EDGE('',*,*,#962,.T.);
#1303=ORIENTED_EDGE('',*,*,#970,.T.);
#1304=ORIENTED_EDGE('',*,*,#967,.F.);
#1305=ORIENTED_EDGE('',*,*,#970,.F.);
#1306=ORIENTED_EDGE('',*,*,#961,.F.);
#1307=ORIENTED_EDGE('',*,*,#965,.F.);
#1308=ORIENTED_EDGE('',*,*,#968,.F.);
#1309=ORIENTED_EDGE('',*,*,#947,.T.);
#1310=ORIENTED_EDGE('',*,*,#950,.T.);
#1311=ORIENTED_EDGE('',*,*,#953,.T.);
#1312=ORIENTED_EDGE('',*,*,#956,.T.);
#1313=ORIENTED_EDGE('',*,*,#971,.F.);
#1314=ORIENTED_EDGE('',*,*,#972,.F.);
#1315=ORIENTED_EDGE('',*,*,#973,.T.);
#1316=ORIENTED_EDGE('',*,*,#974,.F.);
#1317=ORIENTED_EDGE('',*,*,#975,.T.);
#1318=ORIENTED_EDGE('',*,*,#976,.F.);
#1319=ORIENTED_EDGE('',*,*,#975,.F.);
#1320=ORIENTED_EDGE('',*,*,#977,.F.);
#1321=ORIENTED_EDGE('',*,*,#978,.F.);
#1322=ORIENTED_EDGE('',*,*,#979,.F.);
#1323=ORIENTED_EDGE('',*,*,#980,.F.);
#1324=ORIENTED_EDGE('',*,*,#981,.F.);
#1325=ORIENTED_EDGE('',*,*,#982,.T.);
#1326=ORIENTED_EDGE('',*,*,#983,.F.);
#1327=ORIENTED_EDGE('',*,*,#973,.F.);
#1328=ORIENTED_EDGE('',*,*,#935,.T.);
#1329=ORIENTED_EDGE('',*,*,#945,.T.);
#1330=ORIENTED_EDGE('',*,*,#942,.T.);
#1331=ORIENTED_EDGE('',*,*,#939,.T.);
#1332=ORIENTED_EDGE('',*,*,#984,.F.);
#1333=ORIENTED_EDGE('',*,*,#985,.F.);
#1334=ORIENTED_EDGE('',*,*,#986,.T.);
#1335=ORIENTED_EDGE('',*,*,#987,.F.);
#1336=ORIENTED_EDGE('',*,*,#982,.F.);
#1337=ORIENTED_EDGE('',*,*,#988,.F.);
#1338=ORIENTED_EDGE('',*,*,#989,.T.);
#1339=ORIENTED_EDGE('',*,*,#990,.F.);
#1340=ORIENTED_EDGE('',*,*,#986,.F.);
#1341=ORIENTED_EDGE('',*,*,#991,.F.);
#1342=ORIENTED_EDGE('',*,*,#980,.T.);
#1343=ORIENTED_EDGE('',*,*,#992,.F.);
#1344=ORIENTED_EDGE('',*,*,#993,.F.);
#1345=ORIENTED_EDGE('',*,*,#994,.F.);
#1346=ORIENTED_EDGE('',*,*,#995,.T.);
#1347=ORIENTED_EDGE('',*,*,#996,.F.);
#1348=ORIENTED_EDGE('',*,*,#997,.F.);
#1349=ORIENTED_EDGE('',*,*,#998,.F.);
#1350=ORIENTED_EDGE('',*,*,#978,.T.);
#1351=ORIENTED_EDGE('',*,*,#999,.F.);
#1352=ORIENTED_EDGE('',*,*,#1000,.F.);
#1353=ORIENTED_EDGE('',*,*,#1001,.F.);
#1354=ORIENTED_EDGE('',*,*,#1002,.F.);
#1355=ORIENTED_EDGE('',*,*,#1000,.T.);
#1356=ORIENTED_EDGE('',*,*,#1003,.F.);
#1357=ORIENTED_EDGE('',*,*,#1004,.F.);
#1358=ORIENTED_EDGE('',*,*,#1005,.F.);
#1359=ORIENTED_EDGE('',*,*,#1004,.T.);
#1360=ORIENTED_EDGE('',*,*,#1006,.F.);
#1361=ORIENTED_EDGE('',*,*,#989,.F.);
#1362=ORIENTED_EDGE('',*,*,#1007,.F.);
#1363=ORIENTED_EDGE('',*,*,#1008,.F.);
#1364=ORIENTED_EDGE('',*,*,#995,.F.);
#1365=ORIENTED_EDGE('',*,*,#974,.T.);
#1366=ORIENTED_EDGE('',*,*,#983,.T.);
#1367=ORIENTED_EDGE('',*,*,#987,.T.);
#1368=ORIENTED_EDGE('',*,*,#990,.T.);
#1369=ORIENTED_EDGE('',*,*,#1006,.T.);
#1370=ORIENTED_EDGE('',*,*,#1003,.T.);
#1371=ORIENTED_EDGE('',*,*,#999,.T.);
#1372=ORIENTED_EDGE('',*,*,#977,.T.);
#1373=ORIENTED_EDGE('',*,*,#959,.T.);
#1374=ORIENTED_EDGE('',*,*,#969,.T.);
#1375=ORIENTED_EDGE('',*,*,#966,.T.);
#1376=ORIENTED_EDGE('',*,*,#963,.T.);
#1377=ORIENTED_EDGE('',*,*,#996,.T.);
#1378=ORIENTED_EDGE('',*,*,#1008,.T.);
#1379=ORIENTED_EDGE('',*,*,#994,.T.);
#1380=ORIENTED_EDGE('',*,*,#1009,.T.);
#1381=ORIENTED_EDGE('',*,*,#1010,.F.);
#1382=ORIENTED_EDGE('',*,*,#1011,.T.);
#1383=ORIENTED_EDGE('',*,*,#1012,.F.);
#1384=ORIENTED_EDGE('',*,*,#1013,.T.);
#1385=ORIENTED_EDGE('',*,*,#993,.T.);
#1386=ORIENTED_EDGE('',*,*,#1014,.F.);
#1387=ORIENTED_EDGE('',*,*,#1015,.F.);
#1388=ORIENTED_EDGE('',*,*,#1016,.T.);
#1389=ORIENTED_EDGE('',*,*,#1017,.F.);
#1390=ORIENTED_EDGE('',*,*,#1018,.F.);
#1391=ORIENTED_EDGE('',*,*,#1019,.F.);
#1392=ORIENTED_EDGE('',*,*,#1020,.T.);
#1393=ORIENTED_EDGE('',*,*,#1021,.F.);
#1394=ORIENTED_EDGE('',*,*,#1009,.F.);
#1395=ORIENTED_EDGE('',*,*,#997,.T.);
#1396=ORIENTED_EDGE('',*,*,#1013,.F.);
#1397=ORIENTED_EDGE('',*,*,#1022,.F.);
#1398=ORIENTED_EDGE('',*,*,#1023,.T.);
#1399=ORIENTED_EDGE('',*,*,#1024,.F.);
#1400=ORIENTED_EDGE('',*,*,#1025,.T.);
#1401=ORIENTED_EDGE('',*,*,#1026,.F.);
#1402=ORIENTED_EDGE('',*,*,#1027,.T.);
#1403=ORIENTED_EDGE('',*,*,#1028,.F.);
#1404=ORIENTED_EDGE('',*,*,#1029,.F.);
#1405=ORIENTED_EDGE('',*,*,#971,.T.);
#1406=ORIENTED_EDGE('',*,*,#976,.T.);
#1407=ORIENTED_EDGE('',*,*,#998,.T.);
#1408=ORIENTED_EDGE('',*,*,#1030,.T.);
#1409=ORIENTED_EDGE('',*,*,#1031,.F.);
#1410=ORIENTED_EDGE('',*,*,#1032,.F.);
#1411=ORIENTED_EDGE('',*,*,#1033,.T.);
#1412=ORIENTED_EDGE('',*,*,#1034,.F.);
#1413=ORIENTED_EDGE('',*,*,#1035,.F.);
#1414=ORIENTED_EDGE('',*,*,#1036,.T.);
#1415=ORIENTED_EDGE('',*,*,#1001,.T.);
#1416=ORIENTED_EDGE('',*,*,#1002,.T.);
#1417=ORIENTED_EDGE('',*,*,#1005,.T.);
#1418=ORIENTED_EDGE('',*,*,#1037,.F.);
#1419=ORIENTED_EDGE('',*,*,#1038,.F.);
#1420=ORIENTED_EDGE('',*,*,#1039,.T.);
#1421=ORIENTED_EDGE('',*,*,#1040,.F.);
#1422=ORIENTED_EDGE('',*,*,#1041,.T.);
#1423=ORIENTED_EDGE('',*,*,#1042,.F.);
#1424=ORIENTED_EDGE('',*,*,#1043,.T.);
#1425=ORIENTED_EDGE('',*,*,#1044,.F.);
#1426=ORIENTED_EDGE('',*,*,#1030,.F.);
#1427=ORIENTED_EDGE('',*,*,#1045,.T.);
#1428=ORIENTED_EDGE('',*,*,#1046,.T.);
#1429=ORIENTED_EDGE('',*,*,#1047,.T.);
#1430=ORIENTED_EDGE('',*,*,#1048,.T.);
#1431=ORIENTED_EDGE('',*,*,#1049,.T.);
#1432=ORIENTED_EDGE('',*,*,#1050,.T.);
#1433=ORIENTED_EDGE('',*,*,#1047,.F.);
#1434=ORIENTED_EDGE('',*,*,#1051,.T.);
#1435=ORIENTED_EDGE('',*,*,#1052,.T.);
#1436=ORIENTED_EDGE('',*,*,#1053,.T.);
#1437=ORIENTED_EDGE('',*,*,#1054,.T.);
#1438=ORIENTED_EDGE('',*,*,#1055,.T.);
#1439=ORIENTED_EDGE('',*,*,#1052,.F.);
#1440=ORIENTED_EDGE('',*,*,#1056,.T.);
#1441=ORIENTED_EDGE('',*,*,#1049,.F.);
#1442=ORIENTED_EDGE('',*,*,#1057,.T.);
#1443=ORIENTED_EDGE('',*,*,#1058,.T.);
#1444=ORIENTED_EDGE('',*,*,#1059,.T.);
#1445=ORIENTED_EDGE('',*,*,#1060,.T.);
#1446=ORIENTED_EDGE('',*,*,#1012,.T.);
#1447=ORIENTED_EDGE('',*,*,#1061,.T.);
#1448=ORIENTED_EDGE('',*,*,#1022,.T.);
#1449=ORIENTED_EDGE('',*,*,#1060,.F.);
#1450=ORIENTED_EDGE('',*,*,#1062,.T.);
#1451=ORIENTED_EDGE('',*,*,#1058,.F.);
#1452=ORIENTED_EDGE('',*,*,#1063,.T.);
#1453=ORIENTED_EDGE('',*,*,#1054,.F.);
#1454=ORIENTED_EDGE('',*,*,#1064,.T.);
#1455=ORIENTED_EDGE('',*,*,#985,.T.);
#1456=ORIENTED_EDGE('',*,*,#1065,.T.);
#1457=ORIENTED_EDGE('',*,*,#1050,.F.);
#1458=ORIENTED_EDGE('',*,*,#1056,.F.);
#1459=ORIENTED_EDGE('',*,*,#1066,.T.);
#1460=ORIENTED_EDGE('',*,*,#1067,.F.);
#1461=ORIENTED_EDGE('',*,*,#1068,.F.);
#1462=ORIENTED_EDGE('',*,*,#1037,.T.);
#1463=ORIENTED_EDGE('',*,*,#1007,.T.);
#1464=ORIENTED_EDGE('',*,*,#988,.T.);
#1465=ORIENTED_EDGE('',*,*,#1055,.F.);
#1466=ORIENTED_EDGE('',*,*,#1063,.F.);
#1467=ORIENTED_EDGE('',*,*,#1011,.F.);
#1468=ORIENTED_EDGE('',*,*,#1069,.F.);
#1469=ORIENTED_EDGE('',*,*,#1070,.F.);
#1470=ORIENTED_EDGE('',*,*,#1066,.F.);
#1471=ORIENTED_EDGE('',*,*,#1071,.T.);
#1472=ORIENTED_EDGE('',*,*,#1072,.T.);
#1473=ORIENTED_EDGE('',*,*,#1073,.T.);
#1474=ORIENTED_EDGE('',*,*,#1021,.T.);
#1475=ORIENTED_EDGE('',*,*,#1074,.T.);
#1476=ORIENTED_EDGE('',*,*,#1010,.T.);
#1477=ORIENTED_EDGE('',*,*,#1073,.F.);
#1478=ORIENTED_EDGE('',*,*,#1075,.T.);
#1479=ORIENTED_EDGE('',*,*,#1076,.T.);
#1480=ORIENTED_EDGE('',*,*,#1070,.T.);
#1481=ORIENTED_EDGE('',*,*,#1077,.T.);
#1482=ORIENTED_EDGE('',*,*,#1078,.T.);
#1483=ORIENTED_EDGE('',*,*,#1077,.F.);
#1484=ORIENTED_EDGE('',*,*,#1069,.T.);
#1485=ORIENTED_EDGE('',*,*,#1074,.F.);
#1486=ORIENTED_EDGE('',*,*,#1079,.T.);
#1487=ORIENTED_EDGE('',*,*,#1080,.T.);
#1488=ORIENTED_EDGE('',*,*,#1068,.T.);
#1489=ORIENTED_EDGE('',*,*,#1081,.T.);
#1490=ORIENTED_EDGE('',*,*,#1082,.T.);
#1491=ORIENTED_EDGE('',*,*,#1083,.T.);
#1492=ORIENTED_EDGE('',*,*,#1038,.T.);
#1493=ORIENTED_EDGE('',*,*,#1080,.F.);
#1494=ORIENTED_EDGE('',*,*,#1084,.T.);
#1495=ORIENTED_EDGE('',*,*,#1081,.F.);
#1496=ORIENTED_EDGE('',*,*,#1067,.T.);
#1497=ORIENTED_EDGE('',*,*,#1076,.F.);
#1498=ORIENTED_EDGE('',*,*,#1085,.T.);
#1499=ORIENTED_EDGE('',*,*,#972,.T.);
#1500=ORIENTED_EDGE('',*,*,#1036,.F.);
#1501=ORIENTED_EDGE('',*,*,#1086,.F.);
#1502=ORIENTED_EDGE('',*,*,#1087,.T.);
#1503=ORIENTED_EDGE('',*,*,#1088,.F.);
#1504=ORIENTED_EDGE('',*,*,#1089,.F.);
#1505=ORIENTED_EDGE('',*,*,#1090,.F.);
#1506=ORIENTED_EDGE('',*,*,#1091,.T.);
#1507=ORIENTED_EDGE('',*,*,#1048,.F.);
#1508=ORIENTED_EDGE('',*,*,#1065,.F.);
#1509=ORIENTED_EDGE('',*,*,#984,.T.);
#1510=ORIENTED_EDGE('',*,*,#981,.T.);
#1511=ORIENTED_EDGE('',*,*,#1092,.T.);
#1512=ORIENTED_EDGE('',*,*,#1093,.T.);
#1513=ORIENTED_EDGE('',*,*,#1094,.T.);
#1514=ORIENTED_EDGE('',*,*,#1028,.T.);
#1515=ORIENTED_EDGE('',*,*,#1095,.T.);
#1516=ORIENTED_EDGE('',*,*,#1096,.T.);
#1517=ORIENTED_EDGE('',*,*,#1094,.F.);
#1518=ORIENTED_EDGE('',*,*,#1097,.T.);
#1519=ORIENTED_EDGE('',*,*,#1098,.T.);
#1520=ORIENTED_EDGE('',*,*,#1099,.T.);
#1521=ORIENTED_EDGE('',*,*,#1100,.T.);
#1522=ORIENTED_EDGE('',*,*,#1101,.T.);
#1523=ORIENTED_EDGE('',*,*,#1100,.F.);
#1524=ORIENTED_EDGE('',*,*,#1102,.T.);
#1525=ORIENTED_EDGE('',*,*,#1095,.F.);
#1526=ORIENTED_EDGE('',*,*,#1103,.T.);
#1527=ORIENTED_EDGE('',*,*,#1104,.T.);
#1528=ORIENTED_EDGE('',*,*,#1035,.T.);
#1529=ORIENTED_EDGE('',*,*,#1105,.T.);
#1530=ORIENTED_EDGE('',*,*,#1106,.T.);
#1531=ORIENTED_EDGE('',*,*,#1107,.T.);
#1532=ORIENTED_EDGE('',*,*,#1086,.T.);
#1533=ORIENTED_EDGE('',*,*,#1104,.F.);
#1534=ORIENTED_EDGE('',*,*,#1108,.T.);
#1535=ORIENTED_EDGE('',*,*,#1105,.F.);
#1536=ORIENTED_EDGE('',*,*,#1034,.T.);
#1537=ORIENTED_EDGE('',*,*,#1098,.F.);
#1538=ORIENTED_EDGE('',*,*,#1109,.T.);
#1539=ORIENTED_EDGE('',*,*,#1102,.F.);
#1540=ORIENTED_EDGE('',*,*,#1099,.F.);
#1541=ORIENTED_EDGE('',*,*,#1033,.F.);
#1542=ORIENTED_EDGE('',*,*,#1110,.F.);
#1543=ORIENTED_EDGE('',*,*,#1111,.F.);
#1544=ORIENTED_EDGE('',*,*,#1112,.F.);
#1545=ORIENTED_EDGE('',*,*,#1113,.T.);
#1546=ORIENTED_EDGE('',*,*,#1114,.T.);
#1547=ORIENTED_EDGE('',*,*,#1115,.T.);
#1548=ORIENTED_EDGE('',*,*,#1044,.T.);
#1549=ORIENTED_EDGE('',*,*,#1116,.T.);
#1550=ORIENTED_EDGE('',*,*,#1031,.T.);
#1551=ORIENTED_EDGE('',*,*,#1115,.F.);
#1552=ORIENTED_EDGE('',*,*,#1117,.T.);
#1553=ORIENTED_EDGE('',*,*,#1118,.T.);
#1554=ORIENTED_EDGE('',*,*,#1119,.T.);
#1555=ORIENTED_EDGE('',*,*,#1120,.T.);
#1556=ORIENTED_EDGE('',*,*,#1110,.T.);
#1557=ORIENTED_EDGE('',*,*,#1118,.F.);
#1558=ORIENTED_EDGE('',*,*,#1032,.T.);
#1559=ORIENTED_EDGE('',*,*,#1116,.F.);
#1560=ORIENTED_EDGE('',*,*,#1121,.T.);
#1561=ORIENTED_EDGE('',*,*,#1122,.T.);
#1562=ORIENTED_EDGE('',*,*,#1123,.T.);
#1563=ORIENTED_EDGE('',*,*,#1124,.T.);
#1564=ORIENTED_EDGE('',*,*,#1125,.T.);
#1565=ORIENTED_EDGE('',*,*,#1126,.T.);
#1566=ORIENTED_EDGE('',*,*,#1015,.T.);
#1567=ORIENTED_EDGE('',*,*,#1124,.F.);
#1568=ORIENTED_EDGE('',*,*,#1127,.T.);
#1569=ORIENTED_EDGE('',*,*,#1122,.F.);
#1570=ORIENTED_EDGE('',*,*,#1111,.T.);
#1571=ORIENTED_EDGE('',*,*,#1120,.F.);
#1572=ORIENTED_EDGE('',*,*,#1128,.T.);
#1573=ORIENTED_EDGE('',*,*,#991,.T.);
#1574=ORIENTED_EDGE('',*,*,#1029,.T.);
#1575=ORIENTED_EDGE('',*,*,#1096,.F.);
#1576=ORIENTED_EDGE('',*,*,#1112,.T.);
#1577=ORIENTED_EDGE('',*,*,#1125,.F.);
#1578=ORIENTED_EDGE('',*,*,#1014,.T.);
#1579=ORIENTED_EDGE('',*,*,#992,.T.);
#1580=ORIENTED_EDGE('',*,*,#979,.T.);
#1581=ORIENTED_EDGE('',*,*,#1114,.F.);
#1582=ORIENTED_EDGE('',*,*,#1129,.F.);
#1583=ORIENTED_EDGE('',*,*,#1130,.T.);
#1584=ORIENTED_EDGE('',*,*,#1131,.F.);
#1585=ORIENTED_EDGE('',*,*,#1127,.F.);
#1586=ORIENTED_EDGE('',*,*,#1123,.F.);
#1587=ORIENTED_EDGE('',*,*,#1128,.F.);
#1588=ORIENTED_EDGE('',*,*,#1119,.F.);
#1589=ORIENTED_EDGE('',*,*,#1121,.F.);
#1590=ORIENTED_EDGE('',*,*,#1117,.F.);
#1591=ORIENTED_EDGE('',*,*,#1132,.T.);
#1592=ORIENTED_EDGE('',*,*,#1133,.T.);
#1593=ORIENTED_EDGE('',*,*,#1134,.T.);
#1594=ORIENTED_EDGE('',*,*,#1045,.F.);
#1595=ORIENTED_EDGE('',*,*,#1091,.F.);
#1596=ORIENTED_EDGE('',*,*,#1090,.T.);
#1597=ORIENTED_EDGE('',*,*,#1133,.F.);
#1598=ORIENTED_EDGE('',*,*,#1135,.F.);
#1599=ORIENTED_EDGE('',*,*,#1136,.F.);
#1600=ORIENTED_EDGE('',*,*,#1137,.F.);
#1601=ORIENTED_EDGE('',*,*,#1132,.F.);
#1602=ORIENTED_EDGE('',*,*,#1089,.T.);
#1603=ORIENTED_EDGE('',*,*,#1138,.F.);
#1604=ORIENTED_EDGE('',*,*,#1139,.T.);
#1605=ORIENTED_EDGE('',*,*,#1140,.F.);
#1606=ORIENTED_EDGE('',*,*,#1025,.F.);
#1607=ORIENTED_EDGE('',*,*,#1141,.F.);
#1608=ORIENTED_EDGE('',*,*,#1135,.T.);
#1609=ORIENTED_EDGE('',*,*,#911,.T.);
#1610=ORIENTED_EDGE('',*,*,#915,.T.);
#1611=ORIENTED_EDGE('',*,*,#918,.T.);
#1612=ORIENTED_EDGE('',*,*,#921,.T.);
#1613=ORIENTED_EDGE('',*,*,#1141,.T.);
#1614=ORIENTED_EDGE('',*,*,#1024,.T.);
#1615=ORIENTED_EDGE('',*,*,#1023,.F.);
#1616=ORIENTED_EDGE('',*,*,#1061,.F.);
#1617=ORIENTED_EDGE('',*,*,#1142,.T.);
#1618=ORIENTED_EDGE('',*,*,#1136,.T.);
#1619=ORIENTED_EDGE('',*,*,#1138,.T.);
#1620=ORIENTED_EDGE('',*,*,#1088,.T.);
#1621=ORIENTED_EDGE('',*,*,#1087,.F.);
#1622=ORIENTED_EDGE('',*,*,#1107,.F.);
#1623=ORIENTED_EDGE('',*,*,#1143,.T.);
#1624=ORIENTED_EDGE('',*,*,#1144,.T.);
#1625=ORIENTED_EDGE('',*,*,#1140,.T.);
#1626=ORIENTED_EDGE('',*,*,#1145,.T.);
#1627=ORIENTED_EDGE('',*,*,#1146,.T.);
#1628=ORIENTED_EDGE('',*,*,#1092,.F.);
#1629=ORIENTED_EDGE('',*,*,#1027,.F.);
#1630=ORIENTED_EDGE('',*,*,#1026,.T.);
#1631=ORIENTED_EDGE('',*,*,#1147,.T.);
#1632=ORIENTED_EDGE('',*,*,#1017,.T.);
#1633=ORIENTED_EDGE('',*,*,#1016,.F.);
#1634=ORIENTED_EDGE('',*,*,#1126,.F.);
#1635=ORIENTED_EDGE('',*,*,#1131,.T.);
#1636=ORIENTED_EDGE('',*,*,#1148,.T.);
#1637=ORIENTED_EDGE('',*,*,#1147,.F.);
#1638=ORIENTED_EDGE('',*,*,#1149,.T.);
#1639=ORIENTED_EDGE('',*,*,#1150,.F.);
#1640=ORIENTED_EDGE('',*,*,#1041,.F.);
#1641=ORIENTED_EDGE('',*,*,#1151,.F.);
#1642=ORIENTED_EDGE('',*,*,#1152,.T.);
#1643=ORIENTED_EDGE('',*,*,#1153,.F.);
#1644=ORIENTED_EDGE('',*,*,#1018,.T.);
#1645=ORIENTED_EDGE('',*,*,#923,.T.);
#1646=ORIENTED_EDGE('',*,*,#927,.T.);
#1647=ORIENTED_EDGE('',*,*,#930,.T.);
#1648=ORIENTED_EDGE('',*,*,#933,.T.);
#1649=ORIENTED_EDGE('',*,*,#1150,.T.);
#1650=ORIENTED_EDGE('',*,*,#1154,.T.);
#1651=ORIENTED_EDGE('',*,*,#1129,.T.);
#1652=ORIENTED_EDGE('',*,*,#1113,.F.);
#1653=ORIENTED_EDGE('',*,*,#1043,.F.);
#1654=ORIENTED_EDGE('',*,*,#1042,.T.);
#1655=ORIENTED_EDGE('',*,*,#1153,.T.);
#1656=ORIENTED_EDGE('',*,*,#1155,.T.);
#1657=ORIENTED_EDGE('',*,*,#1156,.T.);
#1658=ORIENTED_EDGE('',*,*,#1071,.F.);
#1659=ORIENTED_EDGE('',*,*,#1020,.F.);
#1660=ORIENTED_EDGE('',*,*,#1019,.T.);
#1661=ORIENTED_EDGE('',*,*,#1151,.T.);
#1662=ORIENTED_EDGE('',*,*,#1040,.T.);
#1663=ORIENTED_EDGE('',*,*,#1039,.F.);
#1664=ORIENTED_EDGE('',*,*,#1083,.F.);
#1665=ORIENTED_EDGE('',*,*,#1157,.T.);
#1666=ORIENTED_EDGE('',*,*,#1158,.T.);
#1667=ORIENTED_EDGE('',*,*,#1155,.F.);
#1668=ORIENTED_EDGE('',*,*,#1152,.F.);
#1669=ORIENTED_EDGE('',*,*,#1158,.F.);
#1670=ORIENTED_EDGE('',*,*,#1159,.F.);
#1671=ORIENTED_EDGE('',*,*,#1072,.F.);
#1672=ORIENTED_EDGE('',*,*,#1156,.F.);
#1673=ORIENTED_EDGE('',*,*,#1159,.T.);
#1674=ORIENTED_EDGE('',*,*,#1157,.F.);
#1675=ORIENTED_EDGE('',*,*,#1084,.F.);
#1676=ORIENTED_EDGE('',*,*,#1082,.F.);
#1677=ORIENTED_EDGE('',*,*,#1085,.F.);
#1678=ORIENTED_EDGE('',*,*,#1078,.F.);
#1679=ORIENTED_EDGE('',*,*,#1079,.F.);
#1680=ORIENTED_EDGE('',*,*,#1075,.F.);
#1681=ORIENTED_EDGE('',*,*,#1046,.F.);
#1682=ORIENTED_EDGE('',*,*,#1134,.F.);
#1683=ORIENTED_EDGE('',*,*,#1137,.T.);
#1684=ORIENTED_EDGE('',*,*,#1142,.F.);
#1685=ORIENTED_EDGE('',*,*,#1062,.F.);
#1686=ORIENTED_EDGE('',*,*,#1059,.F.);
#1687=ORIENTED_EDGE('',*,*,#1064,.F.);
#1688=ORIENTED_EDGE('',*,*,#1053,.F.);
#1689=ORIENTED_EDGE('',*,*,#1057,.F.);
#1690=ORIENTED_EDGE('',*,*,#1051,.F.);
#1691=ORIENTED_EDGE('',*,*,#1093,.F.);
#1692=ORIENTED_EDGE('',*,*,#1146,.F.);
#1693=ORIENTED_EDGE('',*,*,#1160,.T.);
#1694=ORIENTED_EDGE('',*,*,#1143,.F.);
#1695=ORIENTED_EDGE('',*,*,#1108,.F.);
#1696=ORIENTED_EDGE('',*,*,#1106,.F.);
#1697=ORIENTED_EDGE('',*,*,#1109,.F.);
#1698=ORIENTED_EDGE('',*,*,#1101,.F.);
#1699=ORIENTED_EDGE('',*,*,#1103,.F.);
#1700=ORIENTED_EDGE('',*,*,#1097,.F.);
#1701=ORIENTED_EDGE('',*,*,#1144,.F.);
#1702=ORIENTED_EDGE('',*,*,#1160,.F.);
#1703=ORIENTED_EDGE('',*,*,#1145,.F.);
#1704=ORIENTED_EDGE('',*,*,#1139,.F.);
#1705=ORIENTED_EDGE('',*,*,#1148,.F.);
#1706=ORIENTED_EDGE('',*,*,#1130,.F.);
#1707=ORIENTED_EDGE('',*,*,#1154,.F.);
#1708=ORIENTED_EDGE('',*,*,#1149,.F.);
#1709=PLANE('',#1883);
#1710=PLANE('',#1884);
#1711=PLANE('',#1885);
#1712=PLANE('',#1886);
#1713=PLANE('',#1887);
#1714=PLANE('',#1888);
#1715=PLANE('',#1889);
#1716=PLANE('',#1890);
#1717=PLANE('',#1891);
#1718=PLANE('',#1892);
#1719=PLANE('',#1893);
#1720=PLANE('',#1894);
#1721=PLANE('',#1895);
#1722=PLANE('',#1896);
#1723=PLANE('',#1897);
#1724=PLANE('',#1898);
#1725=PLANE('',#1899);
#1726=PLANE('',#1900);
#1727=PLANE('',#1901);
#1728=PLANE('',#1902);
#1729=PLANE('',#1903);
#1730=PLANE('',#1904);
#1731=PLANE('',#1905);
#1732=PLANE('',#1909);
#1733=PLANE('',#1913);
#1734=PLANE('',#1917);
#1735=PLANE('',#1921);
#1736=PLANE('',#1922);
#1737=PLANE('',#1923);
#1738=PLANE('',#1924);
#1739=PLANE('',#1925);
#1740=PLANE('',#1926);
#1741=PLANE('',#1929);
#1742=PLANE('',#1930);
#1743=PLANE('',#1931);
#1744=PLANE('',#1934);
#1745=PLANE('',#1935);
#1746=PLANE('',#1938);
#1747=PLANE('',#1941);
#1748=PLANE('',#1942);
#1749=PLANE('',#1943);
#1750=PLANE('',#1944);
#1751=PLANE('',#1945);
#1752=PLANE('',#1946);
#1753=PLANE('',#1947);
#1754=PLANE('',#1948);
#1755=PLANE('',#1949);
#1756=PLANE('',#1950);
#1757=PLANE('',#1951);
#1758=PLANE('',#1952);
#1759=PLANE('',#1953);
#1760=PLANE('',#1954);
#1761=PLANE('',#1955);
#1762=PLANE('',#1956);
#1763=PLANE('',#1957);
#1764=PLANE('',#1958);
#1765=ADVANCED_FACE('',(#211),#1709,.F.);
#1766=ADVANCED_FACE('',(#212),#1710,.F.);
#1767=ADVANCED_FACE('',(#213),#1711,.F.);
#1768=ADVANCED_FACE('',(#214),#1712,.F.);
#1769=ADVANCED_FACE('',(#215),#1713,.F.);
#1770=ADVANCED_FACE('',(#216),#1714,.F.);
#1771=ADVANCED_FACE('',(#217),#1715,.F.);
#1772=ADVANCED_FACE('',(#218),#1716,.F.);
#1773=ADVANCED_FACE('',(#219,#199),#1717,.T.);
#1774=ADVANCED_FACE('',(#220),#1718,.T.);
#1775=ADVANCED_FACE('',(#221,#200),#1719,.T.);
#1776=ADVANCED_FACE('',(#222),#1720,.T.);
#1777=ADVANCED_FACE('',(#223),#1721,.T.);
#1778=ADVANCED_FACE('',(#224,#201),#1722,.T.);
#1779=ADVANCED_FACE('',(#225),#1723,.T.);
#1780=ADVANCED_FACE('',(#226,#202),#1724,.T.);
#1781=ADVANCED_FACE('',(#227),#1725,.T.);
#1782=ADVANCED_FACE('',(#228),#1726,.T.);
#1783=ADVANCED_FACE('',(#229),#1727,.F.);
#1784=ADVANCED_FACE('',(#230),#1728,.F.);
#1785=ADVANCED_FACE('',(#231),#1729,.F.);
#1786=ADVANCED_FACE('',(#232),#1730,.F.);
#1787=ADVANCED_FACE('',(#233),#1731,.F.);
#1788=ADVANCED_FACE('',(#234),#191,.F.);
#1789=ADVANCED_FACE('',(#235),#1732,.T.);
#1790=ADVANCED_FACE('',(#236),#192,.F.);
#1791=ADVANCED_FACE('',(#237),#1733,.T.);
#1792=ADVANCED_FACE('',(#238),#193,.F.);
#1793=ADVANCED_FACE('',(#239),#1734,.T.);
#1794=ADVANCED_FACE('',(#240),#194,.F.);
#1795=ADVANCED_FACE('',(#241),#1735,.T.);
#1796=ADVANCED_FACE('',(#242),#1736,.F.);
#1797=ADVANCED_FACE('',(#243),#1737,.F.);
#1798=ADVANCED_FACE('',(#244),#1738,.F.);
#1799=ADVANCED_FACE('',(#245),#1739,.F.);
#1800=ADVANCED_FACE('',(#246,#203,#204,#205,#206),#1740,.F.);
#1801=ADVANCED_FACE('',(#247),#195,.T.);
#1802=ADVANCED_FACE('',(#248),#1741,.T.);
#1803=ADVANCED_FACE('',(#249),#1742,.T.);
#1804=ADVANCED_FACE('',(#250,#207),#1743,.T.);
#1805=ADVANCED_FACE('',(#251),#196,.T.);
#1806=ADVANCED_FACE('',(#252),#1744,.T.);
#1807=ADVANCED_FACE('',(#253),#1745,.F.);
#1808=ADVANCED_FACE('',(#254),#197,.T.);
#1809=ADVANCED_FACE('',(#255),#1746,.T.);
#1810=ADVANCED_FACE('',(#256),#198,.T.);
#1811=ADVANCED_FACE('',(#257),#1747,.T.);
#1812=ADVANCED_FACE('',(#258,#208),#1748,.T.);
#1813=ADVANCED_FACE('',(#259),#19,.F.);
#1814=ADVANCED_FACE('',(#260),#15,.T.);
#1815=ADVANCED_FACE('',(#261),#16,.T.);
#1816=ADVANCED_FACE('',(#262),#20,.F.);
#1817=ADVANCED_FACE('',(#263),#17,.F.);
#1818=ADVANCED_FACE('',(#264),#21,.T.);
#1819=ADVANCED_FACE('',(#265),#22,.T.);
#1820=ADVANCED_FACE('',(#266),#1749,.T.);
#1821=ADVANCED_FACE('',(#267),#23,.T.);
#1822=ADVANCED_FACE('',(#268),#24,.T.);
#1823=ADVANCED_FACE('',(#269),#25,.T.);
#1824=ADVANCED_FACE('',(#270),#26,.T.);
#1825=ADVANCED_FACE('',(#271),#27,.F.);
#1826=ADVANCED_FACE('',(#272),#1750,.F.);
#1827=ADVANCED_FACE('',(#273),#28,.T.);
#1828=ADVANCED_FACE('',(#274),#29,.T.);
#1829=ADVANCED_FACE('',(#275),#1751,.T.);
#1830=ADVANCED_FACE('',(#276),#30,.T.);
#1831=ADVANCED_FACE('',(#277),#31,.T.);
#1832=ADVANCED_FACE('',(#278),#32,.T.);
#1833=ADVANCED_FACE('',(#279),#33,.T.);
#1834=ADVANCED_FACE('',(#280),#18,.F.);
#1835=ADVANCED_FACE('',(#281),#34,.T.);
#1836=ADVANCED_FACE('',(#282),#35,.T.);
#1837=ADVANCED_FACE('',(#283),#1752,.T.);
#1838=ADVANCED_FACE('',(#284),#36,.T.);
#1839=ADVANCED_FACE('',(#285),#37,.T.);
#1840=ADVANCED_FACE('',(#286),#38,.T.);
#1841=ADVANCED_FACE('',(#287),#39,.T.);
#1842=ADVANCED_FACE('',(#288),#1753,.T.);
#1843=ADVANCED_FACE('',(#289),#40,.T.);
#1844=ADVANCED_FACE('',(#290),#41,.T.);
#1845=ADVANCED_FACE('',(#291),#1754,.T.);
#1846=ADVANCED_FACE('',(#292),#42,.T.);
#1847=ADVANCED_FACE('',(#293),#43,.T.);
#1848=ADVANCED_FACE('',(#294),#44,.T.);
#1849=ADVANCED_FACE('',(#295),#45,.T.);
#1850=ADVANCED_FACE('',(#296),#46,.F.);
#1851=ADVANCED_FACE('',(#297),#1755,.F.);
#1852=ADVANCED_FACE('',(#298),#47,.F.);
#1853=ADVANCED_FACE('',(#299),#1756,.T.);
#1854=ADVANCED_FACE('',(#300,#209),#1757,.T.);
#1855=ADVANCED_FACE('',(#301),#48,.F.);
#1856=ADVANCED_FACE('',(#302),#49,.F.);
#1857=ADVANCED_FACE('',(#303),#50,.F.);
#1858=ADVANCED_FACE('',(#304),#51,.F.);
#1859=ADVANCED_FACE('',(#305,#210),#1758,.T.);
#1860=ADVANCED_FACE('',(#306),#52,.F.);
#1861=ADVANCED_FACE('',(#307),#53,.F.);
#1862=ADVANCED_FACE('',(#308),#54,.F.);
#1863=ADVANCED_FACE('',(#309),#1759,.T.);
#1864=ADVANCED_FACE('',(#310),#1760,.F.);
#1865=ADVANCED_FACE('',(#311),#1761,.F.);
#1866=ADVANCED_FACE('',(#312),#1762,.F.);
#1867=ADVANCED_FACE('',(#313),#1763,.T.);
#1868=ADVANCED_FACE('',(#314),#1764,.T.);
#1869=CLOSED_SHELL('',(#1765,#1766,#1767,#1768,#1769,#1770,#1771,#1772,
#1773,#1774,#1775,#1776,#1777,#1778,#1779,#1780,#1781,#1782,#1783,#1784,
#1785,#1786,#1787,#1788,#1789,#1790,#1791,#1792,#1793,#1794,#1795,#1796,
#1797,#1798,#1799,#1800,#1801,#1802,#1803,#1804,#1805,#1806,#1807,#1808,
#1809,#1810,#1811,#1812,#1813,#1814,#1815,#1816,#1817,#1818,#1819,#1820,
#1821,#1822,#1823,#1824,#1825,#1826,#1827,#1828,#1829,#1830,#1831,#1832,
#1833,#1834,#1835,#1836,#1837,#1838,#1839,#1840,#1841,#1842,#1843,#1844,
#1845,#1846,#1847,#1848,#1849,#1850,#1851,#1852,#1853,#1854,#1855,#1856,
#1857,#1858,#1859,#1860,#1861,#1862,#1863,#1864,#1865,#1866,#1867,#1868));
#1870=DERIVED_UNIT_ELEMENT(#1872,1.);
#1871=DERIVED_UNIT_ELEMENT(#5071,-3.);
#1872=(
MASS_UNIT()
NAMED_UNIT(*)
SI_UNIT(.KILO.,.GRAM.)
);
#1873=DERIVED_UNIT((#1870,#1871));
#1874=MEASURE_REPRESENTATION_ITEM('density measure',
POSITIVE_RATIO_MEASURE(7850.),#1873);
#1875=PROPERTY_DEFINITION_REPRESENTATION(#1880,#1877);
#1876=PROPERTY_DEFINITION_REPRESENTATION(#1881,#1878);
#1877=REPRESENTATION('material name',(#1879),#5068);
#1878=REPRESENTATION('density',(#1874),#5068);
#1879=DESCRIPTIVE_REPRESENTATION_ITEM('Steel','Steel');
#1880=PROPERTY_DEFINITION('material property','material name',#5078);
#1881=PROPERTY_DEFINITION('material property','density of part',#5078);
#1882=AXIS2_PLACEMENT_3D('',#2251,#1959,#1960);
#1883=AXIS2_PLACEMENT_3D('',#2252,#1961,#1962);
#1884=AXIS2_PLACEMENT_3D('',#2261,#1967,#1968);
#1885=AXIS2_PLACEMENT_3D('',#2267,#1972,#1973);
#1886=AXIS2_PLACEMENT_3D('',#2273,#1977,#1978);
#1887=AXIS2_PLACEMENT_3D('',#2276,#1981,#1982);
#1888=AXIS2_PLACEMENT_3D('',#2285,#1987,#1988);
#1889=AXIS2_PLACEMENT_3D('',#2291,#1992,#1993);
#1890=AXIS2_PLACEMENT_3D('',#2297,#1997,#1998);
#1891=AXIS2_PLACEMENT_3D('',#2300,#2001,#2002);
#1892=AXIS2_PLACEMENT_3D('',#2309,#2007,#2008);
#1893=AXIS2_PLACEMENT_3D('',#2315,#2012,#2013);
#1894=AXIS2_PLACEMENT_3D('',#2321,#2017,#2018);
#1895=AXIS2_PLACEMENT_3D('',#2324,#2021,#2022);
#1896=AXIS2_PLACEMENT_3D('',#2325,#2023,#2024);
#1897=AXIS2_PLACEMENT_3D('',#2334,#2029,#2030);
#1898=AXIS2_PLACEMENT_3D('',#2340,#2034,#2035);
#1899=AXIS2_PLACEMENT_3D('',#2346,#2039,#2040);
#1900=AXIS2_PLACEMENT_3D('',#2349,#2043,#2044);
#1901=AXIS2_PLACEMENT_3D('',#2350,#2045,#2046);
#1902=AXIS2_PLACEMENT_3D('',#2359,#2051,#2052);
#1903=AXIS2_PLACEMENT_3D('',#2365,#2056,#2057);
#1904=AXIS2_PLACEMENT_3D('',#2371,#2061,#2062);
#1905=AXIS2_PLACEMENT_3D('',#2374,#2065,#2066);
#1906=AXIS2_PLACEMENT_3D('',#2375,#2067,#2068);
#1907=AXIS2_PLACEMENT_3D('',#2377,#2069,#2070);
#1908=AXIS2_PLACEMENT_3D('',#2380,#2072,#2073);
#1909=AXIS2_PLACEMENT_3D('',#2381,#2074,#2075);
#1910=AXIS2_PLACEMENT_3D('',#2382,#2076,#2077);
#1911=AXIS2_PLACEMENT_3D('',#2384,#2078,#2079);
#1912=AXIS2_PLACEMENT_3D('',#2387,#2081,#2082);
#1913=AXIS2_PLACEMENT_3D('',#2388,#2083,#2084);
#1914=AXIS2_PLACEMENT_3D('',#2389,#2085,#2086);
#1915=AXIS2_PLACEMENT_3D('',#2391,#2087,#2088);
#1916=AXIS2_PLACEMENT_3D('',#2394,#2090,#2091);
#1917=AXIS2_PLACEMENT_3D('',#2395,#2092,#2093);
#1918=AXIS2_PLACEMENT_3D('',#2396,#2094,#2095);
#1919=AXIS2_PLACEMENT_3D('',#2398,#2096,#2097);
#1920=AXIS2_PLACEMENT_3D('',#2401,#2099,#2100);
#1921=AXIS2_PLACEMENT_3D('',#2402,#2101,#2102);
#1922=AXIS2_PLACEMENT_3D('',#2403,#2103,#2104);
#1923=AXIS2_PLACEMENT_3D('',#2412,#2109,#2110);
#1924=AXIS2_PLACEMENT_3D('',#2418,#2114,#2115);
#1925=AXIS2_PLACEMENT_3D('',#2424,#2119,#2120);
#1926=AXIS2_PLACEMENT_3D('',#2427,#2123,#2124);
#1927=AXIS2_PLACEMENT_3D('',#2428,#2125,#2126);
#1928=AXIS2_PLACEMENT_3D('',#2486,#2128,#2129);
#1929=AXIS2_PLACEMENT_3D('',#2488,#2131,#2132);
#1930=AXIS2_PLACEMENT_3D('',#2515,#2135,#2136);
#1931=AXIS2_PLACEMENT_3D('',#2526,#2138,#2139);
#1932=AXIS2_PLACEMENT_3D('',#2532,#2143,#2144);
#1933=AXIS2_PLACEMENT_3D('',#2559,#2146,#2147);
#1934=AXIS2_PLACEMENT_3D('',#2560,#2148,#2149);
#1935=AXIS2_PLACEMENT_3D('',#2584,#2152,#2153);
#1936=AXIS2_PLACEMENT_3D('',#2655,#2157,#2158);
#1937=AXIS2_PLACEMENT_3D('',#2672,#2159,#2160);
#1938=AXIS2_PLACEMENT_3D('',#2683,#2162,#2163);
#1939=AXIS2_PLACEMENT_3D('',#2689,#2167,#2168);
#1940=AXIS2_PLACEMENT_3D('',#2697,#2169,#2170);
#1941=AXIS2_PLACEMENT_3D('',#2714,#2171,#2172);
#1942=AXIS2_PLACEMENT_3D('',#2722,#2173,#2174);
#1943=AXIS2_PLACEMENT_3D('',#3258,#2180,#2181);
#1944=AXIS2_PLACEMENT_3D('',#3536,#2188,#2189);
#1945=AXIS2_PLACEMENT_3D('',#3638,#2193,#2194);
#1946=AXIS2_PLACEMENT_3D('',#3917,#2203,#2204);
#1947=AXIS2_PLACEMENT_3D('',#4054,#2211,#2212);
#1948=AXIS2_PLACEMENT_3D('',#4170,#2216,#2217);
#1949=AXIS2_PLACEMENT_3D('',#4376,#2223,#2224);
#1950=AXIS2_PLACEMENT_3D('',#4512,#2226,#2227);
#1951=AXIS2_PLACEMENT_3D('',#4523,#2230,#2231);
#1952=AXIS2_PLACEMENT_3D('',#4794,#2233,#2234);
#1953=AXIS2_PLACEMENT_3D('',#5058,#2237,#2238);
#1954=AXIS2_PLACEMENT_3D('',#5060,#2240,#2241);
#1955=AXIS2_PLACEMENT_3D('',#5061,#2242,#2243);
#1956=AXIS2_PLACEMENT_3D('',#5062,#2244,#2245);
#1957=AXIS2_PLACEMENT_3D('',#5064,#2247,#2248);
#1958=AXIS2_PLACEMENT_3D('',#5065,#2249,#2250);
#1959=DIRECTION('axis',(0.,0.,1.));
#1960=DIRECTION('refdir',(1.,0.,0.));
#1961=DIRECTION('center_axis',(-0.707106781186548,-1.70803542254001E-16,
-0.707106781186548));
#1962=DIRECTION('ref_axis',(-4.99950191480066E-11,1.,4.99947775953206E-11));
#1963=DIRECTION('',(4.99949668115913E-11,-1.,-4.99947252589053E-11));
#1964=DIRECTION('',(0.707106781186547,7.07034431002285E-11,-0.707106781186547));
#1965=DIRECTION('',(-4.99950191480066E-11,1.,4.99947775953206E-11));
#1966=DIRECTION('',(0.707106781186547,7.07034431002285E-11,-0.707106781186547));
#1967=DIRECTION('center_axis',(4.99949276830882E-11,-1.,-4.99948404557293E-11));
#1968=DIRECTION('ref_axis',(-0.707106781186548,-6.16790569236198E-17,-0.707106781186548));
#1969=DIRECTION('',(0.707106781186548,6.16790569178755E-17,0.707106781186548));
#1970=DIRECTION('',(-0.707106781186548,-6.16790569178755E-17,-0.707106781186548));
#1971=DIRECTION('',(0.707106781186547,7.07034431002285E-11,-0.707106781186547));
#1972=DIRECTION('center_axis',(0.707106781186548,6.4051328338788E-17,0.707106781186548));
#1973=DIRECTION('ref_axis',(4.99949436627922E-11,-1.,-4.9994853080535E-11));
#1974=DIRECTION('',(-4.99948913263769E-11,1.,4.99948007441197E-11));
#1975=DIRECTION('',(4.99949436627922E-11,-1.,-4.9994853080535E-11));
#1976=DIRECTION('',(0.707106781186547,7.07034431002285E-11,-0.707106781186547));
#1977=DIRECTION('center_axis',(-4.99948840694088E-11,1.,4.99948840694088E-11));
#1978=DIRECTION('ref_axis',(0.707106781186548,0.,0.707106781186548));
#1979=DIRECTION('',(-0.707106781186547,0.,-0.707106781186547));
#1980=DIRECTION('',(0.707106781186547,0.,0.707106781186547));
#1981=DIRECTION('center_axis',(0.707106781186548,0.,-0.707106781186548));
#1982=DIRECTION('ref_axis',(4.93982089837386E-11,1.,4.93982089837386E-11));
#1983=DIRECTION('',(-4.93983398247769E-11,-1.,-4.93983398247769E-11));
#1984=DIRECTION('',(0.707106781186547,-6.98596736015133E-11,0.707106781186547));
#1985=DIRECTION('',(4.93982089837386E-11,1.,4.93982089837386E-11));
#1986=DIRECTION('',(0.707106781186547,-6.98596736015133E-11,0.707106781186547));
#1987=DIRECTION('center_axis',(-4.93982489351089E-11,-1.,-4.93982489351089E-11));
#1988=DIRECTION('ref_axis',(0.707106781186548,0.,-0.707106781186548));
#1989=DIRECTION('',(-0.707106781186548,0.,0.707106781186548));
#1990=DIRECTION('',(0.707106781186548,0.,-0.707106781186548));
#1991=DIRECTION('',(0.707106781186547,-6.98596736015133E-11,0.707106781186547));
#1992=DIRECTION('center_axis',(-0.707106781186548,0.,0.707106781186548));
#1993=DIRECTION('ref_axis',(-4.93982089837386E-11,-1.,-4.93982089837386E-11));
#1994=DIRECTION('',(4.93983398247769E-11,1.,4.93983398247769E-11));
#1995=DIRECTION('',(-4.93982089837386E-11,-1.,-4.93982089837386E-11));
#1996=DIRECTION('',(0.707106781186547,-6.98596736015133E-11,0.707106781186547));
#1997=DIRECTION('center_axis',(4.93982489351089E-11,1.,4.93982489351089E-11));
#1998=DIRECTION('ref_axis',(-0.707106781186548,0.,0.707106781186548));
#1999=DIRECTION('',(0.707106781186547,0.,-0.707106781186547));
#2000=DIRECTION('',(-0.707106781186548,0.,0.707106781186548));
#2001=DIRECTION('center_axis',(0.707106781186548,7.07033893118029E-11,-0.707106781186548));
#2002=DIRECTION('ref_axis',(4.99948460352483E-11,-1.,-4.99948460352483E-11));
#2003=DIRECTION('',(-4.99948460352483E-11,1.,4.99948460352483E-11));
#2004=DIRECTION('',(-0.707106781186547,0.,-0.707106781186547));
#2005=DIRECTION('',(4.99948460352483E-11,-1.,-4.99948460352483E-11));
#2006=DIRECTION('',(-0.707106781186547,0.,-0.707106781186547));
#2007=DIRECTION('center_axis',(-4.99949507080789E-11,1.,4.99949507080789E-11));
#2008=DIRECTION('ref_axis',(0.707106781186548,7.07035373415395E-11,-0.707106781186548));
#2009=DIRECTION('',(-0.707106781186548,-7.07035373415395E-11,0.707106781186548));
#2010=DIRECTION('',(0.707106781186547,7.07035373415395E-11,-0.707106781186547));
#2011=DIRECTION('',(-0.707106781186547,0.,-0.707106781186547));
#2012=DIRECTION('center_axis',(-0.707106781186548,-7.07034633266712E-11,
0.707106781186548));
#2013=DIRECTION('ref_axis',(-4.99948983716636E-11,1.,4.99948983716636E-11));
#2014=DIRECTION('',(4.99948983716636E-11,-1.,-4.99948983716636E-11));
#2015=DIRECTION('',(-4.99948983716636E-11,1.,4.99948983716636E-11));
#2016=DIRECTION('',(-0.707106781186547,0.,-0.707106781186547));
#2017=DIRECTION('center_axis',(4.99948665959829E-11,-1.,-4.99948665959829E-11));
#2018=DIRECTION('ref_axis',(-0.707106781186548,-7.07034183890726E-11,0.707106781186548));
#2019=DIRECTION('',(0.707106781186548,7.07034183890726E-11,-0.707106781186548));
#2020=DIRECTION('',(-0.707106781186547,-7.07034183890726E-11,0.707106781186547));
#2021=DIRECTION('center_axis',(-0.707106781186548,0.,-0.707106781186548));
#2022=DIRECTION('ref_axis',(-0.707106781186548,0.,0.707106781186548));
#2023=DIRECTION('center_axis',(-0.707106781186548,6.98596171017437E-11,
-0.707106781186548));
#2024=DIRECTION('ref_axis',(-4.93982089837386E-11,-1.,-4.93982089837386E-11));
#2025=DIRECTION('',(4.93982089837386E-11,1.,4.93982089837386E-11));
#2026=DIRECTION('',(-0.707106781186547,0.,0.707106781186547));
#2027=DIRECTION('',(-4.93982089837386E-11,-1.,-4.93982089837386E-11));
#2028=DIRECTION('',(-0.707106781186547,0.,0.707106781186547));
#2029=DIRECTION('center_axis',(4.93983398247769E-11,1.,4.93983398247769E-11));
#2030=DIRECTION('ref_axis',(-0.707106781186548,6.98598021389144E-11,-0.707106781186548));
#2031=DIRECTION('',(0.707106781186548,-6.98598021389144E-11,0.707106781186548));
#2032=DIRECTION('',(-0.707106781186547,6.98598021389144E-11,-0.707106781186547));
#2033=DIRECTION('',(-0.707106781186547,0.,0.707106781186547));
#2034=DIRECTION('center_axis',(0.707106781186548,-6.98598021389144E-11,
0.707106781186548));
#2035=DIRECTION('ref_axis',(4.93983398247769E-11,1.,4.93983398247769E-11));
#2036=DIRECTION('',(-4.93983398247769E-11,-1.,-4.93983398247769E-11));
#2037=DIRECTION('',(4.93983398247769E-11,1.,4.93983398247769E-11));
#2038=DIRECTION('',(-0.707106781186547,0.,0.707106781186547));
#2039=DIRECTION('center_axis',(-4.93982977687289E-11,-1.,-4.93982977687289E-11));
#2040=DIRECTION('ref_axis',(0.707106781186548,-6.9859742662681E-11,0.707106781186548));
#2041=DIRECTION('',(-0.707106781186548,6.9859742662681E-11,-0.707106781186548));
#2042=DIRECTION('',(0.707106781186547,-6.98597426626809E-11,0.707106781186547));
#2043=DIRECTION('center_axis',(-0.707106781186548,0.,0.707106781186548));
#2044=DIRECTION('ref_axis',(0.707106781186548,0.,0.707106781186548));
#2045=DIRECTION('center_axis',(1.,1.44179529406653E-17,-4.77825173811599E-33));
#2046=DIRECTION('ref_axis',(1.44179529406653E-17,-1.,3.41607084500048E-16));
#2047=DIRECTION('',(1.44179529406653E-17,-1.,3.41607084500048E-16));
#2048=DIRECTION('',(0.,-3.31409858097062E-16,-1.));
#2049=DIRECTION('',(1.44179529406653E-17,-1.,3.41607084500048E-16));
#2050=DIRECTION('',(0.,-3.31409858097062E-16,-1.));
#2051=DIRECTION('center_axis',(1.07920672362382E-16,1.,-3.31409858097062E-16));
#2052=DIRECTION('ref_axis',(1.,-1.07920672362382E-16,3.68664662429984E-32));
#2053=DIRECTION('',(1.,-1.07920672362382E-16,3.68664662429984E-32));
#2054=DIRECTION('',(0.,-3.31409858097062E-16,-1.));
#2055=DIRECTION('',(1.,-1.07920672362382E-16,3.68664662429984E-32));
#2056=DIRECTION('center_axis',(-1.,-7.55872655921891E-17,2.50503649638523E-32));
#2057=DIRECTION('ref_axis',(-7.55872655921891E-17,1.,-3.41607084500048E-16));
#2058=DIRECTION('',(-7.55872655921891E-17,1.,-3.41607084500048E-16));
#2059=DIRECTION('',(0.,-3.31409858097062E-16,-1.));
#2060=DIRECTION('',(-7.55872655921891E-17,1.,-3.41607084500048E-16));
#2061=DIRECTION('center_axis',(-1.07920672362382E-16,-1.,3.31409858097062E-16));
#2062=DIRECTION('ref_axis',(-1.,1.07920672362382E-16,-3.68664662429983E-32));
#2063=DIRECTION('',(-1.,1.07920672362382E-16,-3.68664662429983E-32));
#2064=DIRECTION('',(-1.,1.07920672362382E-16,-3.68664662429983E-32));
#2065=DIRECTION('center_axis',(0.,-3.31409858097062E-16,-1.));
#2066=DIRECTION('ref_axis',(-1.,0.,0.));
#2067=DIRECTION('center_axis',(-1.,0.,0.));
#2068=DIRECTION('ref_axis',(0.,0.,-1.));
#2069=DIRECTION('center_axis',(-1.,0.,0.));
#2070=DIRECTION('ref_axis',(0.,0.,-1.));
#2071=DIRECTION('',(-1.,0.,0.));
#2072=DIRECTION('center_axis',(-1.,0.,0.));
#2073=DIRECTION('ref_axis',(0.,0.,-1.));
#2074=DIRECTION('center_axis',(1.,0.,0.));
#2075=DIRECTION('ref_axis',(0.,0.,-1.));
#2076=DIRECTION('center_axis',(-1.,0.,0.));
#2077=DIRECTION('ref_axis',(0.,0.,-1.));
#2078=DIRECTION('center_axis',(-1.,0.,0.));
#2079=DIRECTION('ref_axis',(0.,0.,-1.));
#2080=DIRECTION('',(-1.,0.,0.));
#2081=DIRECTION('center_axis',(-1.,0.,0.));
#2082=DIRECTION('ref_axis',(0.,0.,-1.));
#2083=DIRECTION('center_axis',(1.,0.,0.));
#2084=DIRECTION('ref_axis',(0.,0.,-1.));
#2085=DIRECTION('center_axis',(-1.,0.,0.));
#2086=DIRECTION('ref_axis',(0.,0.,-1.));
#2087=DIRECTION('center_axis',(-1.,0.,0.));
#2088=DIRECTION('ref_axis',(0.,0.,-1.));
#2089=DIRECTION('',(-1.,0.,0.));
#2090=DIRECTION('center_axis',(-1.,0.,0.));
#2091=DIRECTION('ref_axis',(0.,0.,-1.));
#2092=DIRECTION('center_axis',(1.,0.,0.));
#2093=DIRECTION('ref_axis',(0.,0.,-1.));
#2094=DIRECTION('center_axis',(-1.,0.,0.));
#2095=DIRECTION('ref_axis',(0.,0.,-1.));
#2096=DIRECTION('center_axis',(-1.,0.,0.));
#2097=DIRECTION('ref_axis',(0.,0.,-1.));
#2098=DIRECTION('',(-1.,0.,0.));
#2099=DIRECTION('center_axis',(-1.,0.,0.));
#2100=DIRECTION('ref_axis',(0.,0.,-1.));
#2101=DIRECTION('center_axis',(1.,0.,0.));
#2102=DIRECTION('ref_axis',(0.,0.,-1.));
#2103=DIRECTION('center_axis',(0.,-1.49273683983214E-16,1.));
#2104=DIRECTION('ref_axis',(0.,1.,1.49273683983214E-16));
#2105=DIRECTION('',(0.,1.,1.49273683983214E-16));
#2106=DIRECTION('',(-1.,0.,0.));
#2107=DIRECTION('',(0.,1.,1.49273683983214E-16));
#2108=DIRECTION('',(-1.,0.,0.));
#2109=DIRECTION('center_axis',(0.,-1.,-1.60690174616799E-16));
#2110=DIRECTION('ref_axis',(0.,-1.60690174616799E-16,1.));
#2111=DIRECTION('',(0.,-1.60690174616799E-16,1.));
#2112=DIRECTION('',(-1.,0.,0.));
#2113=DIRECTION('',(0.,-1.60690174616799E-16,1.));
#2114=DIRECTION('center_axis',(0.,7.46368419916072E-17,-1.));
#2115=DIRECTION('ref_axis',(0.,-1.,-7.46368419916072E-17));
#2116=DIRECTION('',(0.,-1.,-7.46368419916072E-17));
#2117=DIRECTION('',(-1.,0.,0.));
#2118=DIRECTION('',(0.,-1.,-7.46368419916072E-17));
#2119=DIRECTION('center_axis',(0.,1.,0.));
#2120=DIRECTION('ref_axis',(0.,0.,-1.));
#2121=DIRECTION('',(0.,0.,-1.));
#2122=DIRECTION('',(0.,0.,-1.));
#2123=DIRECTION('center_axis',(-1.,0.,0.));
#2124=DIRECTION('ref_axis',(0.,0.,1.));
#2125=DIRECTION('center_axis',(1.,0.,0.));
#2126=DIRECTION('ref_axis',(0.,1.,-7.10542735760103E-15));
#2127=DIRECTION('',(1.,0.,0.));
#2128=DIRECTION('center_axis',(1.,0.,0.));
#2129=DIRECTION('ref_axis',(0.,1.,-7.10542735760103E-15));
#2130=DIRECTION('',(-1.,0.,0.));
#2131=DIRECTION('center_axis',(0.,1.,4.93432455388959E-16));
#2132=DIRECTION('ref_axis',(0.,-4.93432455388959E-16,1.));
#2133=DIRECTION('',(0.,-4.93432455388959E-16,1.));
#2134=DIRECTION('',(1.,0.,0.));
#2135=DIRECTION('center_axis',(0.,1.,4.93432455388959E-16));
#2136=DIRECTION('ref_axis',(0.,-4.93432455388959E-16,1.));
#2137=DIRECTION('',(0.,4.93432455388959E-16,-1.));
#2138=DIRECTION('center_axis',(0.,3.41607084500048E-16,1.));
#2139=DIRECTION('ref_axis',(0.,-1.,3.41607084500048E-16));
#2140=DIRECTION('',(0.,1.,0.));
#2141=DIRECTION('',(1.,0.,0.));
#2142=DIRECTION('',(0.,-1.,3.41607084500048E-16));
#2143=DIRECTION('center_axis',(1.,0.,0.));
#2144=DIRECTION('ref_axis',(0.,-2.22044604925031E-16,1.));
#2145=DIRECTION('',(1.,0.,0.));
#2146=DIRECTION('center_axis',(1.,0.,0.));
#2147=DIRECTION('ref_axis',(0.,-2.22044604925031E-16,1.));
#2148=DIRECTION('center_axis',(0.,-1.,-3.02227378925737E-16));
#2149=DIRECTION('ref_axis',(0.,3.02227378925737E-16,-1.));
#2150=DIRECTION('',(1.,0.,0.));
#2151=DIRECTION('',(0.,3.02227378925737E-16,-1.));
#2152=DIRECTION('center_axis',(1.,0.,0.));
#2153=DIRECTION('ref_axis',(0.,0.,-1.));
#2154=DIRECTION('',(0.,1.,0.));
#2155=DIRECTION('',(0.,-3.02227378925737E-16,1.));
#2156=DIRECTION('',(0.,-1.,0.));
#2157=DIRECTION('center_axis',(1.,0.,0.));
#2158=DIRECTION('ref_axis',(0.,-1.77635683940025E-15,-1.));
#2159=DIRECTION('center_axis',(1.,0.,0.));
#2160=DIRECTION('ref_axis',(0.,-1.77635683940025E-15,-1.));
#2161=DIRECTION('',(1.,0.,0.));
#2162=DIRECTION('center_axis',(0.,0.,-1.));
#2163=DIRECTION('ref_axis',(0.,1.,0.));
#2164=DIRECTION('',(0.,-1.,0.));
#2165=DIRECTION('',(0.,1.,0.));
#2166=DIRECTION('',(1.,0.,0.));
#2167=DIRECTION('center_axis',(1.,0.,0.));
#2168=DIRECTION('ref_axis',(0.,-1.,0.));
#2169=DIRECTION('center_axis',(1.,0.,0.));
#2170=DIRECTION('ref_axis',(0.,-1.,0.));
#2171=DIRECTION('center_axis',(0.,-1.,-3.02227378925737E-16));
#2172=DIRECTION('ref_axis',(0.,3.02227378925737E-16,-1.));
#2173=DIRECTION('center_axis',(1.,0.,0.));
#2174=DIRECTION('ref_axis',(0.,0.,-1.));
#2175=DIRECTION('',(0.,1.,0.));
#2176=DIRECTION('',(0.,1.,0.));
#2177=DIRECTION('',(0.,1.,0.));
#2178=DIRECTION('',(0.801239954042291,1.29576055579327E-15,0.598343159103794));
#2179=DIRECTION('',(0.709707290152061,-0.703353500117146,-0.0401175295597671));
#2180=DIRECTION('center_axis',(-0.705979776853052,-0.707106781186547,0.0399068249114783));
#2181=DIRECTION('ref_axis',(0.0564367730210611,0.,0.998406175186717));
#2182=DIRECTION('',(-0.70597977685305,0.707106781186549,0.0399068249114778));
#2183=DIRECTION('',(-0.0564367730210611,0.,-0.998406175186717));
#2184=DIRECTION('',(0.705979776853052,-0.707106781186548,-0.0399068249114777));
#2185=DIRECTION('',(0.0564367730210611,0.,0.998406175186717));
#2186=DIRECTION('',(-0.695033453917225,0.705608738332617,0.13800292143482));
#2187=DIRECTION('',(0.579751745063651,-8.88718513288401E-16,-0.814793172587775));
#2188=DIRECTION('center_axis',(0.,1.,0.));
#2189=DIRECTION('ref_axis',(0.,0.,1.));
#2190=DIRECTION('',(-0.0564367730210611,0.,0.998406175186717));
#2191=DIRECTION('',(0.579751745063658,-1.77743702657679E-15,0.81479317258777));
#2192=DIRECTION('',(0.695033453917225,-0.705608738332618,0.138002921434817));
#2193=DIRECTION('center_axis',(-0.705979776853052,-0.707106781186547,-0.0399068249114783));
#2194=DIRECTION('ref_axis',(-0.0564367730210611,0.,0.998406175186717));
#2195=DIRECTION('',(0.705979776853054,-0.707106781186545,0.0399068249114775));
#2196=DIRECTION('',(-0.705979776853052,0.707106781186548,-0.0399068249114777));
#2197=DIRECTION('',(0.0564367730210611,0.,-0.998406175186717));
#2198=DIRECTION('',(0.801239954042288,-4.31920185264422E-16,-0.598343159103798));
#2199=DIRECTION('',(-0.70970729015206,0.703353500117146,-0.0401175295597734));
#2200=DIRECTION('',(0.,1.,0.));
#2201=DIRECTION('',(0.579751745063659,0.,-0.814793172587769));
#2202=DIRECTION('',(0.695033453917223,0.705608738332618,-0.138002921434823));
#2203=DIRECTION('center_axis',(-0.705979776853052,0.707106781186547,0.0399068249114783));
#2204=DIRECTION('ref_axis',(0.0564367730210611,0.,0.998406175186717));
#2205=DIRECTION('',(0.70597977685305,0.707106781186548,-0.039906824911484));
#2206=DIRECTION('',(-0.0564367730210611,0.,-0.998406175186717));
#2207=DIRECTION('',(-0.705979776853051,-0.707106781186548,0.0399068249114777));
#2208=DIRECTION('',(0.0564367730210611,0.,0.998406175186717));
#2209=DIRECTION('',(0.801239954042292,0.,0.598343159103792));
#2210=DIRECTION('',(-0.709707290152061,-0.703353500117146,0.0401175295597608));
#2211=DIRECTION('center_axis',(0.,1.,0.));
#2212=DIRECTION('ref_axis',(0.,0.,1.));
#2213=DIRECTION('',(0.0564367730210611,0.,-0.998406175186717));
#2214=DIRECTION('',(0.801239954042298,0.,-0.598343159103784));
#2215=DIRECTION('',(0.709707290152059,0.703353500117148,0.0401175295597609));
#2216=DIRECTION('center_axis',(-0.705979776853052,0.707106781186547,-0.0399068249114783));
#2217=DIRECTION('ref_axis',(-0.0564367730210611,0.,0.998406175186717));
#2218=DIRECTION('',(-0.705979776853052,-0.707106781186547,-0.0399068249114839));
#2219=DIRECTION('',(-0.0564367730210611,0.,0.998406175186717));
#2220=DIRECTION('',(0.705979776853051,0.707106781186548,0.0399068249114777));
#2221=DIRECTION('',(-0.695033453917224,-0.705608738332618,-0.13800292143482));
#2222=DIRECTION('',(0.579751745063655,0.,0.814793172587772));
#2223=DIRECTION('center_axis',(0.998406175186717,0.,0.0564367730210611));
#2224=DIRECTION('ref_axis',(-0.0564367730210611,0.,0.998406175186717));
#2225=DIRECTION('',(-0.0564367730210611,0.,0.998406175186717));
#2226=DIRECTION('center_axis',(0.,-1.,0.));
#2227=DIRECTION('ref_axis',(0.,0.,-1.));
#2228=DIRECTION('',(-0.707106781186548,0.,0.707106781186548));
#2229=DIRECTION('',(-0.0564367730210611,0.,-0.998406175186717));
#2230=DIRECTION('center_axis',(-0.707106781186548,0.,-0.707106781186548));
#2231=DIRECTION('ref_axis',(-0.707106781186548,0.,0.707106781186548));
#2232=DIRECTION('',(0.707106781186547,0.,-0.707106781186547));
#2233=DIRECTION('center_axis',(-0.707106781186548,0.,0.707106781186548));
#2234=DIRECTION('ref_axis',(0.707106781186548,0.,0.707106781186548));
#2235=DIRECTION('',(-0.707106781186548,0.,-0.707106781186548));
#2236=DIRECTION('',(0.707106781186548,0.,0.707106781186548));
#2237=DIRECTION('center_axis',(0.,-1.,0.));
#2238=DIRECTION('ref_axis',(0.,0.,-1.));
#2239=DIRECTION('',(0.0564367730210611,0.,-0.998406175186717));
#2240=DIRECTION('center_axis',(0.998406175186717,0.,0.0564367730210611));
#2241=DIRECTION('ref_axis',(0.0564367730210611,0.,-0.998406175186717));
#2242=DIRECTION('center_axis',(0.998406175186717,0.,-0.0564367730210611));
#2243=DIRECTION('ref_axis',(-0.0564367730210611,0.,-0.998406175186717));
#2244=DIRECTION('center_axis',(0.998406175186717,0.,-0.0564367730210611));
#2245=DIRECTION('ref_axis',(0.0564367730210611,0.,0.998406175186717));
#2246=DIRECTION('',(0.0564367730210611,0.,0.998406175186717));
#2247=DIRECTION('center_axis',(0.,1.,0.));
#2248=DIRECTION('ref_axis',(0.,0.,1.));
#2249=DIRECTION('center_axis',(0.,1.,0.));
#2250=DIRECTION('ref_axis',(0.,0.,1.));
#2251=CARTESIAN_POINT('',(0.,0.,0.));
#2252=CARTESIAN_POINT('Origin',(-70.5885356843176,19.0000000002121,64.2458236761412));
#2253=CARTESIAN_POINT('',(-65.6387882173116,45.000000000707,59.2960762091353));
#2254=CARTESIAN_POINT('',(-65.6387882160117,19.000000000707,59.2960762078354));
#2255=CARTESIAN_POINT('',(-65.6387882167117,33.000000000707,59.2960762085353));
#2256=CARTESIAN_POINT('',(-70.5885356856174,45.0000000002121,64.2458236774411));
#2257=CARTESIAN_POINT('',(-70.5885356856174,45.0000000002121,64.2458236774411));
#2258=CARTESIAN_POINT('',(-70.5885356843176,19.0000000002121,64.2458236761412));
#2259=CARTESIAN_POINT('',(-70.5885356842676,18.0000000002121,64.2458236760912));
#2260=CARTESIAN_POINT('',(-70.5885356843176,19.0000000002121,64.2458236761412));
#2261=CARTESIAN_POINT('Origin',(-64.2245746536386,19.0000000002121,70.6097847068202));
#2262=CARTESIAN_POINT('',(-59.2748271853328,19.000000000707,65.6600372385143));
#2263=CARTESIAN_POINT('',(-58.9212737947395,19.000000000707,66.0135906291076));
#2264=CARTESIAN_POINT('',(-64.2245746536386,19.0000000002121,70.6097847068202));
#2265=CARTESIAN_POINT('',(-63.8710212630454,19.0000000002121,70.9633380974134));
#2266=CARTESIAN_POINT('',(-64.2245746536386,19.0000000002121,70.6097847068202));
#2267=CARTESIAN_POINT('Origin',(-64.2245746549385,45.0000000002121,70.60978470812));
#2268=CARTESIAN_POINT('',(-59.2748271866327,45.000000000707,65.6600372398142));
#2269=CARTESIAN_POINT('',(-59.2748271866827,46.000000000707,65.6600372398642));
#2270=CARTESIAN_POINT('',(-64.2245746549385,45.0000000002121,70.60978470812));
#2271=CARTESIAN_POINT('',(-64.2245746542386,31.0000000002121,70.6097847074201));
#2272=CARTESIAN_POINT('',(-64.2245746549385,45.0000000002121,70.60978470812));
#2273=CARTESIAN_POINT('Origin',(-70.5885356856174,45.0000000002121,64.2458236774411));
#2274=CARTESIAN_POINT('',(-62.1032543113789,45.000000000707,62.831610115068));
#2275=CARTESIAN_POINT('',(-67.0530017796847,45.0000000002121,67.7813575833738));
#2276=CARTESIAN_POINT('Origin',(-63.5174678737813,18.9999999997206,-69.9026779269628));
#2277=CARTESIAN_POINT('',(-58.5677204041911,44.9999999992315,-64.9529304573726));
#2278=CARTESIAN_POINT('',(-58.5677204054755,18.9999999992315,-64.952930458657));
#2279=CARTESIAN_POINT('',(-58.5677204055249,17.9999999992315,-64.9529304587064));
#2280=CARTESIAN_POINT('',(-63.517467872497,44.9999999997206,-69.9026779256785));
#2281=CARTESIAN_POINT('',(-63.517467872497,44.9999999997206,-69.9026779256785));
#2282=CARTESIAN_POINT('',(-63.5174678737813,18.9999999997206,-69.9026779269628));
#2283=CARTESIAN_POINT('',(-63.5174678730898,32.9999999997206,-69.9026779262713));
#2284=CARTESIAN_POINT('',(-63.5174678737813,18.9999999997206,-69.9026779269628));
#2285=CARTESIAN_POINT('Origin',(-69.8814289044603,18.9999999997206,-63.5387168962839));
#2286=CARTESIAN_POINT('',(-64.9316814361544,18.9999999992315,-58.5889694279781));
#2287=CARTESIAN_POINT('',(-61.3961475302217,18.9999999992315,-62.1245033339108));
#2288=CARTESIAN_POINT('',(-69.8814289044603,18.9999999997206,-63.5387168962839));
#2289=CARTESIAN_POINT('',(-66.3458949985275,18.9999999997206,-67.0742508022167));
#2290=CARTESIAN_POINT('',(-69.8814289044603,18.9999999997206,-63.5387168962839));
#2291=CARTESIAN_POINT('Origin',(-69.8814289031759,44.9999999997206,-63.5387168949996));
#2292=CARTESIAN_POINT('',(-64.9316814348701,44.9999999992315,-58.5889694266937));
#2293=CARTESIAN_POINT('',(-64.9316814355616,30.9999999992315,-58.5889694273853));
#2294=CARTESIAN_POINT('',(-69.8814289031759,44.9999999997206,-63.5387168949996));
#2295=CARTESIAN_POINT('',(-69.8814289031265,45.9999999997206,-63.5387168949502));
#2296=CARTESIAN_POINT('',(-69.8814289031759,44.9999999997206,-63.5387168949996));
#2297=CARTESIAN_POINT('Origin',(-63.517467872497,44.9999999997206,-69.9026779256785));
#2298=CARTESIAN_POINT('',(-58.2141670135979,44.9999999992316,-65.3064838479659));
#2299=CARTESIAN_POINT('',(-63.1639144819037,44.9999999997206,-70.2562313162718));
#2300=CARTESIAN_POINT('Origin',(-58.5677204055461,47.000000000707,66.3671440211007));
#2301=CARTESIAN_POINT('',(-58.5677204040463,17.000000000707,66.3671440196009));
#2302=CARTESIAN_POINT('',(-58.5677204055461,47.000000000707,66.3671440211007));
#2303=CARTESIAN_POINT('',(-58.5677204043713,23.5000000001875,66.3671440199258));
#2304=CARTESIAN_POINT('',(-67.0530017782849,17.000000000707,57.8818626453623));
#2305=CARTESIAN_POINT('',(-58.5677204040463,17.000000000707,66.3671440196009));
#2306=CARTESIAN_POINT('',(-67.0530017797847,47.000000000707,57.8818626468621));
#2307=CARTESIAN_POINT('',(-67.0530017797847,47.000000000707,57.8818626468622));
#2308=CARTESIAN_POINT('',(-58.5677204055461,47.000000000707,66.3671440211007));
#2309=CARTESIAN_POINT('Origin',(-63.517467873852,47.0000000002121,71.3168914894066));
#2310=CARTESIAN_POINT('',(-63.517467873852,47.0000000002121,71.3168914894066));
#2311=CARTESIAN_POINT('',(-59.3824861201174,47.0000000006256,67.181909735672));
#2312=CARTESIAN_POINT('',(-72.0027492480905,47.0000000002121,62.831610115168));
#2313=CARTESIAN_POINT('',(-72.0027492480905,47.0000000002121,62.831610115168));
#2314=CARTESIAN_POINT('',(-63.517467873852,47.0000000002121,71.3168914894066));
#2315=CARTESIAN_POINT('Origin',(-63.5174678723521,17.0000000002121,71.3168914879067));
#2316=CARTESIAN_POINT('',(-63.5174678723521,17.0000000002121,71.3168914879067));
#2317=CARTESIAN_POINT('',(-63.5174678719272,8.4999999996926,71.3168914874818));
#2318=CARTESIAN_POINT('',(-72.0027492465907,17.0000000002121,62.8316101136681));
#2319=CARTESIAN_POINT('',(-72.0027492465907,17.0000000002121,62.8316101136682));
#2320=CARTESIAN_POINT('',(-63.5174678723521,17.0000000002121,71.3168914879067));
#2321=CARTESIAN_POINT('Origin',(-58.5677204040463,17.000000000707,66.3671440196009));
#2322=CARTESIAN_POINT('',(-56.9076123844647,17.000000000873,64.7070360000193));
#2323=CARTESIAN_POINT('',(-67.0530017782849,17.000000000707,57.8818626453623));
#2324=CARTESIAN_POINT('Origin',(-69.5278755131877,32.0000000004596,60.3567363802651));
#2325=CARTESIAN_POINT('Origin',(-62.8103610912116,46.9999999997206,-70.6097847067662));
#2326=CARTESIAN_POINT('',(-62.8103610926936,16.9999999997206,-70.6097847082482));
#2327=CARTESIAN_POINT('',(-62.8103610912116,46.9999999997206,-70.6097847067662));
#2328=CARTESIAN_POINT('',(-62.8103610923725,23.4999999997206,-70.6097847079271));
#2329=CARTESIAN_POINT('',(-71.2956424669322,16.9999999997206,-62.1245033340096));
#2330=CARTESIAN_POINT('',(-62.8103610926936,16.9999999997206,-70.6097847082482));
#2331=CARTESIAN_POINT('',(-71.2956424654502,46.9999999997206,-62.1245033325277));
#2332=CARTESIAN_POINT('',(-71.2956424654502,46.9999999997206,-62.1245033325277));
#2333=CARTESIAN_POINT('',(-62.8103610912116,46.9999999997206,-70.6097847067662));
#2334=CARTESIAN_POINT('Origin',(-57.8606136229058,46.9999999992315,-65.6600372384604));
#2335=CARTESIAN_POINT('',(-57.8606136229058,46.9999999992315,-65.6600372384604));
#2336=CARTESIAN_POINT('',(-61.7497009182483,46.9999999996158,-69.5491245338029));
#2337=CARTESIAN_POINT('',(-66.3458949971444,46.9999999992315,-57.1747558642218));
#2338=CARTESIAN_POINT('',(-66.3458949971444,46.9999999992315,-57.1747558642218));
#2339=CARTESIAN_POINT('',(-57.8606136229058,46.9999999992315,-65.6600372384604));
#2340=CARTESIAN_POINT('Origin',(-57.8606136243878,16.9999999992315,-65.6600372399423));
#2341=CARTESIAN_POINT('',(-57.8606136243877,16.9999999992315,-65.6600372399423));
#2342=CARTESIAN_POINT('',(-57.8606136248076,8.49999999923154,-65.6600372403622));
#2343=CARTESIAN_POINT('',(-66.3458949986263,16.9999999992315,-57.1747558657038));
#2344=CARTESIAN_POINT('',(-66.3458949986263,16.9999999992315,-57.1747558657038));
#2345=CARTESIAN_POINT('',(-57.8606136243877,16.9999999992315,-65.6600372399423));
#2346=CARTESIAN_POINT('Origin',(-62.8103610926936,16.9999999997206,-70.6097847082482));
#2347=CARTESIAN_POINT('',(-64.2245746538832,16.9999999998603,-72.0239982694378));
#2348=CARTESIAN_POINT('',(-71.2956424669322,16.9999999997206,-62.1245033340096));
#2349=CARTESIAN_POINT('Origin',(-68.8207687320383,31.9999999994761,-59.6496295991157));
#2350=CARTESIAN_POINT('Origin',(105.137802786369,55.2999999999999,49.9999999999999));
#2351=CARTESIAN_POINT('',(105.137802786369,55.2999999999999,49.9999999999999));
#2352=CARTESIAN_POINT('',(105.137802786369,18.9999999999999,49.9999999999999));
#2353=CARTESIAN_POINT('',(105.137802786369,56.6499999999999,49.9999999999999));
#2354=CARTESIAN_POINT('',(105.137802786369,55.2999999999999,-10.3000000000001));
#2355=CARTESIAN_POINT('',(105.137802786369,55.2999999999999,49.9999999999999));
#2356=CARTESIAN_POINT('',(105.137802786369,18.9999999999999,-10.3000000000001));
#2357=CARTESIAN_POINT('',(105.137802786369,18.9999999999999,-10.3000000000001));
#2358=CARTESIAN_POINT('',(105.137802786369,18.9999999999999,49.9999999999999));
#2359=CARTESIAN_POINT('Origin',(97.8378027863693,55.2999999999999,49.9999999999999));
#2360=CARTESIAN_POINT('',(97.8378027863693,55.2999999999999,49.9999999999999));
#2361=CARTESIAN_POINT('',(105.418901393185,55.2999999999999,49.9999999999999));
#2362=CARTESIAN_POINT('',(97.8378027863693,55.2999999999999,-10.3000000000001));
#2363=CARTESIAN_POINT('',(97.8378027863693,55.2999999999999,49.9999999999999));
#2364=CARTESIAN_POINT('',(105.137802786369,55.2999999999999,-10.3000000000001));
#2365=CARTESIAN_POINT('Origin',(97.8378027863693,19.,49.9999999999999));
#2366=CARTESIAN_POINT('',(97.8378027863693,19.,49.9999999999999));
#2367=CARTESIAN_POINT('',(97.8378027863693,38.5,49.9999999999999));
#2368=CARTESIAN_POINT('',(97.8378027863693,18.9999999999999,-10.3000000000001));
#2369=CARTESIAN_POINT('',(97.8378027863693,19.,49.9999999999999));
#2370=CARTESIAN_POINT('',(97.8378027863693,55.2999999999999,-10.3000000000001));
#2371=CARTESIAN_POINT('Origin',(105.137802786369,18.9999999999999,49.9999999999999));
#2372=CARTESIAN_POINT('',(109.068901393185,18.9999999999999,49.9999999999999));
#2373=CARTESIAN_POINT('',(97.8378027863693,18.9999999999999,-10.3000000000001));
#2374=CARTESIAN_POINT('Origin',(101.487802786369,37.1499999999999,-10.3000000000001));
#2375=CARTESIAN_POINT('Origin',(119.7,5.49999999999998,26.));
#2376=CARTESIAN_POINT('',(119.7,5.49999999999998,27.1));
#2377=CARTESIAN_POINT('Origin',(119.7,5.49999999999998,26.));
#2378=CARTESIAN_POINT('',(116.7,5.49999999999998,27.1));
#2379=CARTESIAN_POINT('',(119.7,5.49999999999998,27.1));
#2380=CARTESIAN_POINT('Origin',(116.7,5.49999999999998,26.));
#2381=CARTESIAN_POINT('Origin',(116.7,5.49999999999998,26.));
#2382=CARTESIAN_POINT('Origin',(119.7,59.,-23.));
#2383=CARTESIAN_POINT('',(119.7,59.,-21.9));
#2384=CARTESIAN_POINT('Origin',(119.7,59.,-23.));
#2385=CARTESIAN_POINT('',(116.7,59.,-21.9));
#2386=CARTESIAN_POINT('',(119.7,59.,-21.9));
#2387=CARTESIAN_POINT('Origin',(116.7,59.,-23.));
#2388=CARTESIAN_POINT('Origin',(116.7,59.,-23.));
#2389=CARTESIAN_POINT('Origin',(119.7,5.49999999999998,-23.));
#2390=CARTESIAN_POINT('',(119.7,5.49999999999998,-21.9));
#2391=CARTESIAN_POINT('Origin',(119.7,5.49999999999998,-23.));
#2392=CARTESIAN_POINT('',(116.7,5.49999999999998,-21.9));
#2393=CARTESIAN_POINT('',(119.7,5.49999999999998,-21.9));
#2394=CARTESIAN_POINT('Origin',(116.7,5.49999999999998,-23.));
#2395=CARTESIAN_POINT('Origin',(116.7,5.49999999999998,-23.));
#2396=CARTESIAN_POINT('Origin',(119.7,59.,26.));
#2397=CARTESIAN_POINT('',(119.7,59.,27.1));
#2398=CARTESIAN_POINT('Origin',(119.7,59.,26.));
#2399=CARTESIAN_POINT('',(116.7,59.,27.1));
#2400=CARTESIAN_POINT('',(119.7,59.,27.1));
#2401=CARTESIAN_POINT('Origin',(116.7,59.,26.));
#2402=CARTESIAN_POINT('Origin',(116.7,59.,26.));
#2403=CARTESIAN_POINT('Origin',(125.,2.49999999999998,30.));
#2404=CARTESIAN_POINT('',(125.,2.49999999999998,30.));
#2405=CARTESIAN_POINT('',(125.,62.,30.));
#2406=CARTESIAN_POINT('',(125.,17.25,30.));
#2407=CARTESIAN_POINT('',(119.7,2.49999999999998,30.));
#2408=CARTESIAN_POINT('',(125.,2.49999999999998,30.));
#2409=CARTESIAN_POINT('',(119.7,62.,30.));
#2410=CARTESIAN_POINT('',(119.7,62.,30.));
#2411=CARTESIAN_POINT('',(125.,62.,30.));
#2412=CARTESIAN_POINT('Origin',(125.,2.49999999999999,-27.));
#2413=CARTESIAN_POINT('',(125.,2.49999999999999,-27.));
#2414=CARTESIAN_POINT('',(125.,2.49999999999999,-13.5));
#2415=CARTESIAN_POINT('',(119.7,2.49999999999999,-27.));
#2416=CARTESIAN_POINT('',(125.,2.49999999999999,-27.));
#2417=CARTESIAN_POINT('',(119.7,2.49999999999998,30.));
#2418=CARTESIAN_POINT('Origin',(125.,62.,-27.));
#2419=CARTESIAN_POINT('',(125.,62.,-27.));
#2420=CARTESIAN_POINT('',(125.,47.,-27.));
#2421=CARTESIAN_POINT('',(119.7,62.,-27.));
#2422=CARTESIAN_POINT('',(125.,62.,-27.));
#2423=CARTESIAN_POINT('',(119.7,2.49999999999999,-27.));
#2424=CARTESIAN_POINT('Origin',(125.,62.,30.));
#2425=CARTESIAN_POINT('',(125.,62.,15.));
#2426=CARTESIAN_POINT('',(119.7,62.,-27.));
#2427=CARTESIAN_POINT('Origin',(119.7,32.25,1.49999999999996));
#2428=CARTESIAN_POINT('Origin',(113.,58.,45.));
#2429=CARTESIAN_POINT('',(95.7622287846564,61.9999999997544,48.0000000008391));
#2430=CARTESIAN_POINT('',(97.8163539808374,62.9999999999999,44.9999999999999));
#2431=CARTESIAN_POINT('Ctrl Pts',(95.7617679477741,62.,48.0001066384305));
#2432=CARTESIAN_POINT('Ctrl Pts',(95.8232136212429,62.0584107474413,47.9222596395157));
#2433=CARTESIAN_POINT('Ctrl Pts',(95.8835631832152,62.1145769122042,47.8425991561686));
#2434=CARTESIAN_POINT('Ctrl Pts',(95.9432394233641,62.1683747007205,47.7612845578492));
#2435=CARTESIAN_POINT('Ctrl Pts',(96.0044394034788,62.2235461320841,47.6778937177465));
#2436=CARTESIAN_POINT('Ctrl Pts',(96.0649313960523,62.2762269738529,47.5927633216355));
#2437=CARTESIAN_POINT('Ctrl Pts',(96.1251424678941,62.3263203400825,47.5060354878107));
#2438=CARTESIAN_POINT('Ctrl Pts',(96.1861463726001,62.3770733136868,47.4181656600837));
#2439=CARTESIAN_POINT('Ctrl Pts',(96.2468620175164,62.4251706320848,47.328656103196));
#2440=CARTESIAN_POINT('Ctrl Pts',(96.3077022812824,62.4705432969472,47.2376232928091));
#2441=CARTESIAN_POINT('Ctrl Pts',(96.3696035651657,62.516707235667,47.1450029212056));
#2442=CARTESIAN_POINT('Ctrl Pts',(96.4316339968545,62.5600511094229,47.050805789763));
#2443=CARTESIAN_POINT('Ctrl Pts',(96.4941943099975,62.6005283662421,46.955121250171));
#2444=CARTESIAN_POINT('Ctrl Pts',(96.5481262753603,62.6354229807843,46.872633567233));
#2445=CARTESIAN_POINT('Ctrl Pts',(96.6024515134138,62.6681877967641,46.789039936553));
#2446=CARTESIAN_POINT('Ctrl Pts',(96.6574057900103,62.6988041250358,46.7043775995141));
#2447=CARTESIAN_POINT('Ctrl Pts',(96.7171794075254,62.7321054222082,46.6122906052798));
#2448=CARTESIAN_POINT('Ctrl Pts',(96.7772074046686,62.7625440583476,46.5197165292501));
#2449=CARTESIAN_POINT('Ctrl Pts',(96.8377241519853,62.7901659398161,46.426769607208));
#2450=CARTESIAN_POINT('Ctrl Pts',(96.8987870792458,62.8180371162045,46.3329838141608));
#2451=CARTESIAN_POINT('Ctrl Pts',(96.9603475661333,62.8430408810016,46.2388183098354));
#2452=CARTESIAN_POINT('Ctrl Pts',(97.0226060608644,62.865224563609,46.1443553374798));
#2453=CARTESIAN_POINT('Ctrl Pts',(97.0853757424474,62.8875903901459,46.0491167564356));
#2454=CARTESIAN_POINT('Ctrl Pts',(97.1488549102106,62.9070899944687,45.9535757117946));
#2455=CARTESIAN_POINT('Ctrl Pts',(97.2132088307048,62.9237661566448,45.8577824480227));
#2456=CARTESIAN_POINT('Ctrl Pts',(97.2480987124504,62.9328072425931,45.8058475290718));
#2457=CARTESIAN_POINT('Ctrl Pts',(97.283245024369,62.941018291492,45.7538378962465));
#2458=CARTESIAN_POINT('Ctrl Pts',(97.3186692639132,62.9484049032989,45.701757558908));
#2459=CARTESIAN_POINT('Ctrl Pts',(97.3838145565567,62.9619889066252,45.6059816478214));
#2460=CARTESIAN_POINT('Ctrl Pts',(97.4496339287458,62.9727238543645,45.5103662301064));
#2461=CARTESIAN_POINT('Ctrl Pts',(97.5161661432372,62.9806890337908,45.4149814653474));
#2462=CARTESIAN_POINT('Ctrl Pts',(97.5500818363502,62.9847493913647,45.366357795837));
#2463=CARTESIAN_POINT('Ctrl Pts',(97.584182121251,62.9880897598894,45.3177935578832));
#2464=CARTESIAN_POINT('Ctrl Pts',(97.6184682166011,62.9907190852267,45.2692950348683));
#2465=CARTESIAN_POINT('Ctrl Pts',(97.6567193998446,62.9936524844444,45.2151877977527));
#2466=CARTESIAN_POINT('Ctrl Pts',(97.6951824456759,62.9956995364569,45.1611898459817));
#2467=CARTESIAN_POINT('Ctrl Pts',(97.7338503997277,62.996873967016,45.1073125343161));
#2468=CARTESIAN_POINT('Ctrl Pts',(97.7492292926769,62.9973410577191,45.0858846251129));
#2469=CARTESIAN_POINT('Ctrl Pts',(97.7646398477214,62.9976700824781,45.0644767499614));
#2470=CARTESIAN_POINT('Ctrl Pts',(97.7800813490649,62.9978618830651,45.043089628746));
#2471=CARTESIAN_POINT('Ctrl Pts',(97.7908952763721,62.9979962040459,45.0281118899247));
#2472=CARTESIAN_POINT('Ctrl Pts',(97.8017242564036,62.9980632223046,45.0131444980834));
#2473=CARTESIAN_POINT('Ctrl Pts',(97.812567997486,62.9980632223046,44.9981877031754));
#2474=CARTESIAN_POINT('',(94.1378027863693,57.9999999999999,49.9999999999999));
#2475=CARTESIAN_POINT('Ctrl Pts',(94.1378027863693,58.,49.9999999999999));
#2476=CARTESIAN_POINT('Ctrl Pts',(94.1378027863693,58.6696655788759,49.9999999999999));
#2477=CARTESIAN_POINT('Ctrl Pts',(94.2575498488465,59.3603387151518,49.8574519493756));
#2478=CARTESIAN_POINT('Ctrl Pts',(94.6927973917868,60.5866811185856,49.3306400414613));
#2479=CARTESIAN_POINT('Ctrl Pts',(95.0063370679584,61.1235397749685,48.9475280368968));
#2480=CARTESIAN_POINT('Ctrl Pts',(95.4695323432641,61.7016283445311,48.3694394673343));
#2481=CARTESIAN_POINT('Ctrl Pts',(95.6122594015991,61.8574234894883,48.1901020139403));
#2482=CARTESIAN_POINT('Ctrl Pts',(95.7622287848643,61.99999999943,48.0000000007599));
#2483=CARTESIAN_POINT('',(125.,57.9999999999999,49.9999999999999));
#2484=CARTESIAN_POINT('',(113.,57.9999999999999,49.9999999999999));
#2485=CARTESIAN_POINT('',(125.,62.9999999999999,44.9999999999999));
#2486=CARTESIAN_POINT('Origin',(125.,58.,45.));
#2487=CARTESIAN_POINT('',(113.,62.9999999999999,44.9999999999999));
#2488=CARTESIAN_POINT('Origin',(113.,63.,-45.));
#2489=CARTESIAN_POINT('',(97.8163539808373,63.,-45.));
#2490=CARTESIAN_POINT('Ctrl Pts',(97.812567997486,62.9980632223046,44.9981877031754));
#2491=CARTESIAN_POINT('Ctrl Pts',(98.9360768184684,62.9980632223046,43.4485296206878));
#2492=CARTESIAN_POINT('Ctrl Pts',(100.009518725984,62.9980632223046,41.8609619009801));
#2493=CARTESIAN_POINT('Ctrl Pts',(101.027983369145,62.9980632223046,40.2368570110973));
#2494=CARTESIAN_POINT('Ctrl Pts',(105.31522635862,62.9980632223046,33.4001618444249));
#2495=CARTESIAN_POINT('Ctrl Pts',(108.628270952402,62.9980632223046,25.9160271773452));
#2496=CARTESIAN_POINT('Ctrl Pts',(110.647942672256,62.9980632223046,18.0659241731283));
#2497=CARTESIAN_POINT('Ctrl Pts',(111.657778532183,62.9980632223046,14.1408726710199));
#2498=CARTESIAN_POINT('Ctrl Pts',(112.344271173627,62.9980632223046,10.1243290846272));
#2499=CARTESIAN_POINT('Ctrl Pts',(112.687707847566,62.9980632223046,6.07998600558622));
#2500=CARTESIAN_POINT('Ctrl Pts',(113.031144521504,62.9980632223046,2.03564292654522));
#2501=CARTESIAN_POINT('Ctrl Pts',(113.031525227936,62.9980632223046,-2.03649964514408));
#2502=CARTESIAN_POINT('Ctrl Pts',(112.687847934692,62.9980632223046,-6.08028940588766));
#2503=CARTESIAN_POINT('Ctrl Pts',(112.344170641448,62.9980632223046,-10.1240791666312));
#2504=CARTESIAN_POINT('Ctrl Pts',(111.656435348529,62.9980632223046,-14.1395161164291));
#2505=CARTESIAN_POINT('Ctrl Pts',(110.646908843085,62.9980632223046,-18.0648963354617));
#2506=CARTESIAN_POINT('Ctrl Pts',(109.132619084918,62.9980632223046,-23.9529666640106));
#2507=CARTESIAN_POINT('Ctrl Pts',(106.89429909857,62.9980632223046,-29.6384093483376));
#2508=CARTESIAN_POINT('Ctrl Pts',(104.057445135859,62.9980632223046,-34.9938003166705));
#2509=CARTESIAN_POINT('Ctrl Pts',(102.213274405987,62.9980632223046,-38.4752115562483));
#2510=CARTESIAN_POINT('Ctrl Pts',(100.116163917892,62.9980632223046,-41.8171433267538));
#2511=CARTESIAN_POINT('Ctrl Pts',(97.8094861991391,62.9980632223046,-44.9998300555785));
#2512=CARTESIAN_POINT('',(125.,63.,-45.));
#2513=CARTESIAN_POINT('',(125.,63.,-45.));
#2514=CARTESIAN_POINT('',(113.,63.,-45.));
#2515=CARTESIAN_POINT('Origin',(113.,63.,-45.));
#2516=CARTESIAN_POINT('',(94.1,63.,-11.6232549313955));
#2517=CARTESIAN_POINT('',(94.1,63.,11.6232549313955));
#2518=CARTESIAN_POINT('Ctrl Pts',(94.104447920717,62.9980663346515,-11.6241597224361));
#2519=CARTESIAN_POINT('Ctrl Pts',(94.5176296799791,62.9980663346515,-9.40021832096359));
#2520=CARTESIAN_POINT('Ctrl Pts',(94.8140564100644,62.9980663346515,-7.15555540425519));
#2521=CARTESIAN_POINT('Ctrl Pts',(94.9884263178185,62.9980663346515,-4.90188923498024));
#2522=CARTESIAN_POINT('Ctrl Pts',(95.415145020098,62.9980663346515,0.613291196730245));
#2523=CARTESIAN_POINT('Ctrl Pts',(95.1108890340499,62.9980663346515,6.18239036573924));
#2524=CARTESIAN_POINT('Ctrl Pts',(94.1044842893527,62.9980663346515,11.6250533090957));
#2525=CARTESIAN_POINT('',(94.1,63.,-45.));
#2526=CARTESIAN_POINT('Origin',(113.,57.9999999999999,49.9999999999999));
#2527=CARTESIAN_POINT('',(94.1378027863693,5.99999999999995,50.));
#2528=CARTESIAN_POINT('',(94.1378027863693,0.,50.));
#2529=CARTESIAN_POINT('',(125.,5.99999999999994,50.));
#2530=CARTESIAN_POINT('',(113.,5.99999999999995,50.));
#2531=CARTESIAN_POINT('',(125.,57.9999999999999,49.9999999999999));
#2532=CARTESIAN_POINT('Origin',(113.,5.99999999999995,44.9999999999999));
#2533=CARTESIAN_POINT('',(94.9617768248094,3.0000000001914,49.0000000005423));
#2534=CARTESIAN_POINT('Ctrl Pts',(94.9617768251443,3.00000000051339,49.000000000385));
#2535=CARTESIAN_POINT('Ctrl Pts',(94.7755188946084,3.30579991857362,49.2293499388689));
#2536=CARTESIAN_POINT('Ctrl Pts',(94.6078803645358,3.65257893694013,49.433421325046));
#2537=CARTESIAN_POINT('Ctrl Pts',(94.2575498488465,4.63966128484811,49.8574519493756));
#2538=CARTESIAN_POINT('Ctrl Pts',(94.1378027863693,5.33033442112401,49.9999999999999));
#2539=CARTESIAN_POINT('Ctrl Pts',(94.1378027863693,5.99999999999995,49.9999999999999));
#2540=CARTESIAN_POINT('',(97.0835094973573,0.999999999999949,44.9999999999999));
#2541=CARTESIAN_POINT('Ctrl Pts',(97.0835094973573,0.99999999999995,45.));
#2542=CARTESIAN_POINT('Ctrl Pts',(97.0782472280499,0.99999999999995,45.0071870704706));
#2543=CARTESIAN_POINT('Ctrl Pts',(97.0729950630998,1.00001549605889,45.0143814972384));
#2544=CARTESIAN_POINT('Ctrl Pts',(97.0619370162218,1.00008107693678,45.0295738515224));
#2545=CARTESIAN_POINT('Ctrl Pts',(97.0561335417921,1.00013476359617,45.0375734113631));
#2546=CARTESIAN_POINT('Ctrl Pts',(97.0383172247723,1.0003594004048,45.062213322264));
#2547=CARTESIAN_POINT('Ctrl Pts',(97.0263468647491,1.00059436164899,45.0788831309541));
#2548=CARTESIAN_POINT('Ctrl Pts',(96.9810626411725,1.00180873467834,45.1423901354531));
#2549=CARTESIAN_POINT('Ctrl Pts',(96.9481427455076,1.00336628841814,45.1894797904245));
#2550=CARTESIAN_POINT('Ctrl Pts',(96.6646707183536,1.02299726375933,45.603394568969));
#2551=CARTESIAN_POINT('Ctrl Pts',(96.4506179240709,1.08002232512059,45.9768523700095));
#2552=CARTESIAN_POINT('Ctrl Pts',(96.0171158546583,1.33006062438691,46.8598906322643));
#2553=CARTESIAN_POINT('Ctrl Pts',(95.8299808877344,1.55009309807889,47.341969223265));
#2554=CARTESIAN_POINT('Ctrl Pts',(95.432006996158,2.16817936910644,48.2628929689855));
#2555=CARTESIAN_POINT('Ctrl Pts',(95.2293107968197,2.5607603592252,48.6705702694189));
#2556=CARTESIAN_POINT('Ctrl Pts',(94.9617768254571,3.,49.));
#2557=CARTESIAN_POINT('',(125.,0.999999999999952,44.9999999999999));
#2558=CARTESIAN_POINT('',(113.,0.999999999999949,44.9999999999999));
#2559=CARTESIAN_POINT('Origin',(125.,5.99999999999995,44.9999999999999));
#2560=CARTESIAN_POINT('Origin',(113.,0.999999999999949,44.9999999999999));
#2561=CARTESIAN_POINT('',(97.0835094973572,0.999999999999976,-45.));
#2562=CARTESIAN_POINT('Ctrl Pts',(97.0792512006288,1.00005730700433,-45.0027230022244));
#2563=CARTESIAN_POINT('Ctrl Pts',(99.4695472831252,1.00005730700433,-41.7375403753435));
#2564=CARTESIAN_POINT('Ctrl Pts',(101.637342720681,1.00005730700433,-38.3023994845091));
#2565=CARTESIAN_POINT('Ctrl Pts',(103.536527596003,1.00005730700433,-34.7188843959784));
#2566=CARTESIAN_POINT('Ctrl Pts',(106.354496105364,1.00005730700433,-29.4017439724631));
#2567=CARTESIAN_POINT('Ctrl Pts',(108.581092460664,1.00005730700433,-23.7579433902079));
#2568=CARTESIAN_POINT('Ctrl Pts',(110.080155672091,1.00005730700433,-17.9174226504406));
#2569=CARTESIAN_POINT('Ctrl Pts',(112.078906620662,1.00005730700433,-10.1300616640841));
#2570=CARTESIAN_POINT('Ctrl Pts',(112.784265313459,1.00005730700433,-1.99297595326156));
#2571=CARTESIAN_POINT('Ctrl Pts',(112.105434550135,1.00005730700433,6.03099720136083));
#2572=CARTESIAN_POINT('Ctrl Pts',(111.766019168473,1.00005730700433,10.042983778672));
#2573=CARTESIAN_POINT('Ctrl Pts',(111.08055642278,1.00005730700433,14.0266922169332));
#2574=CARTESIAN_POINT('Ctrl Pts',(110.076857766261,1.00005730700433,17.9200479524842));
#2575=CARTESIAN_POINT('Ctrl Pts',(108.069460453224,1.00005730700433,25.7067594235864));
#2576=CARTESIAN_POINT('Ctrl Pts',(104.789119496882,1.00005730700433,33.1320600838482));
#2577=CARTESIAN_POINT('Ctrl Pts',(100.530850128307,1.00005730700433,39.9239481943075));
#2578=CARTESIAN_POINT('Ctrl Pts',(99.4430049914851,1.00005730700433,41.6590480227325));
#2579=CARTESIAN_POINT('Ctrl Pts',(98.2913371870867,1.00005730700433,43.352809366562));
#2580=CARTESIAN_POINT('Ctrl Pts',(97.0824684001739,1.00005730700433,45.0028743521213));
#2581=CARTESIAN_POINT('',(125.,0.999999999999979,-45.));
#2582=CARTESIAN_POINT('',(113.,0.999999999999976,-45.));
#2583=CARTESIAN_POINT('',(125.,0.999999999999949,44.9999999999999));
#2584=CARTESIAN_POINT('Origin',(94.1,32.,-4.44089209850063E-14));
#2585=CARTESIAN_POINT('',(94.0999999987524,62.,10.6425357314189));
#2586=CARTESIAN_POINT('Ctrl Pts',(94.1044842893527,62.9980663346515,11.6250533090957));
#2587=CARTESIAN_POINT('Ctrl Pts',(94.1041786633904,62.9381123671794,11.5085496515721));
#2588=CARTESIAN_POINT('Ctrl Pts',(94.1038250729341,62.8759377190903,11.3977655655158));
#2589=CARTESIAN_POINT('Ctrl Pts',(94.1034271427921,62.8117751268555,11.2955574517895));
#2590=CARTESIAN_POINT('Ctrl Pts',(94.1033072130904,62.7924375604512,11.2647535812257));
#2591=CARTESIAN_POINT('Ctrl Pts',(94.1031834247387,62.7729197471484,11.2347286169784));
#2592=CARTESIAN_POINT('Ctrl Pts',(94.10305618669,62.753228882365,11.2055605878267));
#2593=CARTESIAN_POINT('Ctrl Pts',(94.1028023599278,62.7139476414117,11.147373383057));
#2594=CARTESIAN_POINT('Ctrl Pts',(94.102520717758,62.6710961997978,11.0882881209768));
#2595=CARTESIAN_POINT('Ctrl Pts',(94.1022132270908,62.6250373257397,11.0314112051021));
#2596=CARTESIAN_POINT('Ctrl Pts',(94.1018967864025,62.5776378324692,10.9728787931321));
#2597=CARTESIAN_POINT('Ctrl Pts',(94.1015551062185,62.5268406336374,10.9166854166706));
#2598=CARTESIAN_POINT('Ctrl Pts',(94.1012164287013,62.4730866375385,10.866209068175));
#2599=CARTESIAN_POINT('Ctrl Pts',(94.1011077109327,62.4558312420157,10.8500058196531));
#2600=CARTESIAN_POINT('Ctrl Pts',(94.1009993560047,62.4382715537938,10.8343916116057));
#2601=CARTESIAN_POINT('Ctrl Pts',(94.1008922098613,62.4204232921222,10.8194779671578));
#2602=CARTESIAN_POINT('Ctrl Pts',(94.1006153018189,62.3742963197459,10.7809352071884));
#2603=CARTESIAN_POINT('Ctrl Pts',(94.1003357299261,62.32451917608,10.7456194718021));
#2604=CARTESIAN_POINT('Ctrl Pts',(94.1000892314654,62.2714449746356,10.7169119644746));
#2605=CARTESIAN_POINT('Ctrl Pts',(94.0999748191041,62.246810562339,10.7035873632132));
#2606=CARTESIAN_POINT('Ctrl Pts',(94.0998680154592,62.2214664770236,10.6916864103224));
#2607=CARTESIAN_POINT('Ctrl Pts',(94.0997737316216,62.1954515473623,10.6815472059389));
#2608=CARTESIAN_POINT('Ctrl Pts',(94.0995461084702,62.132645445898,10.6570688042071));
#2609=CARTESIAN_POINT('Ctrl Pts',(94.0993954573061,62.0674772076612,10.6434539299444));
#2610=CARTESIAN_POINT('Ctrl Pts',(94.0994040187376,62.,10.6434556030581));
#2611=CARTESIAN_POINT('',(94.0999999987524,62.,-10.6425357314189));
#2612=CARTESIAN_POINT('Ctrl Pts',(94.1,62.,-10.6425357167356));
#2613=CARTESIAN_POINT('Ctrl Pts',(94.1,62.042034059955,-10.6425357167356));
#2614=CARTESIAN_POINT('Ctrl Pts',(94.1,62.0834538803531,-10.6478087812697));
#2615=CARTESIAN_POINT('Ctrl Pts',(94.1,62.1672276719765,-10.6685088506335));
#2616=CARTESIAN_POINT('Ctrl Pts',(94.1,62.2086073488623,-10.6842351287853));
#2617=CARTESIAN_POINT('Ctrl Pts',(94.1,62.3394587955944,-10.7487432048141));
#2618=CARTESIAN_POINT('Ctrl Pts',(94.1000000000634,62.4222605964388,-10.814248332134));
#2619=CARTESIAN_POINT('Ctrl Pts',(94.1000000000634,62.6762810779218,-11.0623843618056));
#2620=CARTESIAN_POINT('Ctrl Pts',(94.1000000002851,62.8381957565182,-11.3162507204643));
#2621=CARTESIAN_POINT('Ctrl Pts',(94.1000000002851,62.9839890126789,-11.5923867142569));
#2622=CARTESIAN_POINT('Ctrl Pts',(94.1,62.9920148399511,-11.6077707182559));
#2623=CARTESIAN_POINT('Ctrl Pts',(94.1,63.,-11.6232549313955));
#2624=CARTESIAN_POINT('',(94.0999999987524,3.,-10.642535731419));
#2625=CARTESIAN_POINT('',(94.1,0.,-10.6425357167357));
#2626=CARTESIAN_POINT('',(94.1,0.999999999999967,-14.5288864148993));
#2627=CARTESIAN_POINT('Ctrl Pts',(94.1,0.999999999999953,-14.5288864148993));
#2628=CARTESIAN_POINT('Ctrl Pts',(94.1,1.19212657454366,-13.7656390198395));
#2629=CARTESIAN_POINT('Ctrl Pts',(94.1,1.40183716174109,-13.0742834658981));
#2630=CARTESIAN_POINT('Ctrl Pts',(94.1,1.79164462028754,-12.0396804552643));
#2631=CARTESIAN_POINT('Ctrl Pts',(94.0999999999992,2.00412609139333,-11.5602408214099));
#2632=CARTESIAN_POINT('Ctrl Pts',(94.0999999999992,2.33831227970455,-11.0668336904932));
#2633=CARTESIAN_POINT('Ctrl Pts',(94.1,2.45126548012333,-10.9246973711282));
#2634=CARTESIAN_POINT('Ctrl Pts',(94.1,2.64671665865692,-10.761945591641));
#2635=CARTESIAN_POINT('Ctrl Pts',(94.1,2.72224048705339,-10.7125006518582));
#2636=CARTESIAN_POINT('Ctrl Pts',(94.1,2.86730065890248,-10.6561257177123));
#2637=CARTESIAN_POINT('Ctrl Pts',(94.1,2.93252279233857,-10.6425357167356));
#2638=CARTESIAN_POINT('Ctrl Pts',(94.1,3.,-10.6425357167356));
#2639=CARTESIAN_POINT('',(94.1,0.999999999999958,14.5288864148993));
#2640=CARTESIAN_POINT('',(94.1,0.999999999999949,44.9999999999999));
#2641=CARTESIAN_POINT('',(94.0999999987524,3.,10.642535731419));
#2642=CARTESIAN_POINT('Ctrl Pts',(94.1,3.,10.6425357167357));
#2643=CARTESIAN_POINT('Ctrl Pts',(94.1,2.95322973349292,10.6425357167357));
#2644=CARTESIAN_POINT('Ctrl Pts',(94.1,2.90728945287882,10.649064078018));
#2645=CARTESIAN_POINT('Ctrl Pts',(94.1,2.81420515240836,10.6745710344088));
#2646=CARTESIAN_POINT('Ctrl Pts',(94.1000000000001,2.76831272130108,10.6940037831775));
#2647=CARTESIAN_POINT('Ctrl Pts',(94.1000000000001,2.62250016004194,10.7736765598344));
#2648=CARTESIAN_POINT('Ctrl Pts',(94.1000000001785,2.53062236167081,10.8548623032927));
#2649=CARTESIAN_POINT('Ctrl Pts',(94.1000000001785,2.28582001581047,11.1193794016532));
#2650=CARTESIAN_POINT('Ctrl Pts',(94.1,2.11065814438108,11.3869154758446));
#2651=CARTESIAN_POINT('Ctrl Pts',(94.1,1.5842362007976,12.4843083280586));
#2652=CARTESIAN_POINT('Ctrl Pts',(94.1,1.26835306047136,13.462819553261));
#2653=CARTESIAN_POINT('Ctrl Pts',(94.1,0.999999999999952,14.5288864148993));
#2654=CARTESIAN_POINT('',(94.1,0.,10.6425357167357));
#2655=CARTESIAN_POINT('Origin',(113.,58.,-45.));
#2656=CARTESIAN_POINT('',(95.7622287846564,61.9999999997544,-48.0000000008393));
#2657=CARTESIAN_POINT('Ctrl Pts',(97.8163539808373,63.,-45.));
#2658=CARTESIAN_POINT('Ctrl Pts',(97.8110734450037,63.,-45.0072870864939));
#2659=CARTESIAN_POINT('Ctrl Pts',(97.8057963535568,62.999984069547,-45.0145766586959));
#2660=CARTESIAN_POINT('Ctrl Pts',(97.7948644924599,62.9999179558957,-45.0296925678437));
#2661=CARTESIAN_POINT('Ctrl Pts',(97.7892102612072,62.9998653592657,-45.0375192591094));
#2662=CARTESIAN_POINT('Ctrl Pts',(97.7691874579152,62.9996137027453,-45.0652649306622));
#2663=CARTESIAN_POINT('Ctrl Pts',(97.7548412579386,62.99931389046,-45.0851988613997));
#2664=CARTESIAN_POINT('Ctrl Pts',(97.7066251759856,62.9979007849916,-45.1523787886025));
#2665=CARTESIAN_POINT('Ctrl Pts',(97.6728827583983,62.9962358624215,-45.1996996715031));
#2666=CARTESIAN_POINT('Ctrl Pts',(97.4084531565807,62.9777662233832,-45.5729637116295));
#2667=CARTESIAN_POINT('Ctrl Pts',(97.1874862391504,62.9297592303016,-45.9004930999985));
#2668=CARTESIAN_POINT('Ctrl Pts',(96.5348834873101,62.6785227702593,-46.8930007371509));
#2669=CARTESIAN_POINT('Ctrl Pts',(96.1635261701699,62.381515075231,-47.4913132330253));
#2670=CARTESIAN_POINT('Ctrl Pts',(95.7622287854637,62.,-48.));
#2671=CARTESIAN_POINT('',(125.,58.,-50.));
#2672=CARTESIAN_POINT('Origin',(125.,58.,-45.));
#2673=CARTESIAN_POINT('',(94.1378027863692,58.,-50.));
#2674=CARTESIAN_POINT('',(113.,58.,-50.));
#2675=CARTESIAN_POINT('Ctrl Pts',(95.7622287848642,61.99999999943,-48.00000000076));
#2676=CARTESIAN_POINT('Ctrl Pts',(95.5641777770037,61.8117120910823,-48.2510505451243));
#2677=CARTESIAN_POINT('Ctrl Pts',(95.3778823694873,61.5994745809277,-48.4844280005218));
#2678=CARTESIAN_POINT('Ctrl Pts',(94.9105423399446,60.9627224277632,-49.0650024219368));
#2679=CARTESIAN_POINT('Ctrl Pts',(94.6297404128765,60.4437947810915,-49.4072501302528));
#2680=CARTESIAN_POINT('Ctrl Pts',(94.2424752338521,59.2755351670955,-49.8753456670725));
#2681=CARTESIAN_POINT('Ctrl Pts',(94.1378027863692,58.6251325971826,-50.));
#2682=CARTESIAN_POINT('Ctrl Pts',(94.1378027863692,58.,-50.));
#2683=CARTESIAN_POINT('Origin',(113.,5.99999999999998,-50.));
#2684=CARTESIAN_POINT('',(94.1378027863692,5.99999999999998,-50.));
#2685=CARTESIAN_POINT('',(94.1378027863692,0.,-50.));
#2686=CARTESIAN_POINT('',(125.,5.99999999999998,-50.));
#2687=CARTESIAN_POINT('',(125.,5.99999999999998,-50.));
#2688=CARTESIAN_POINT('',(113.,5.99999999999998,-50.));
#2689=CARTESIAN_POINT('Origin',(113.,5.99999999999998,-45.));
#2690=CARTESIAN_POINT('',(94.9617768248093,3.0000000001914,-49.0000000005424));
#2691=CARTESIAN_POINT('Ctrl Pts',(94.1378027863692,5.99999999999998,-50.));
#2692=CARTESIAN_POINT('Ctrl Pts',(94.1378027863692,5.37486740281733,-50.));
#2693=CARTESIAN_POINT('Ctrl Pts',(94.2424752338521,4.72446483290451,-49.8753456670725));
#2694=CARTESIAN_POINT('Ctrl Pts',(94.5751378675888,3.72092425882232,-49.4732493709089));
#2695=CARTESIAN_POINT('Ctrl Pts',(94.7583882405207,3.33392517799881,-49.2504438834322));
#2696=CARTESIAN_POINT('Ctrl Pts',(94.9617768251443,3.00000000051337,-49.0000000003851));
#2697=CARTESIAN_POINT('Origin',(125.,5.99999999999998,-45.));
#2698=CARTESIAN_POINT('Ctrl Pts',(94.961776825457,3.,-49.0000000000001));
#2699=CARTESIAN_POINT('Ctrl Pts',(95.2749338369318,2.48585604838992,-48.6143920362925));
#2700=CARTESIAN_POINT('Ctrl Pts',(95.4975050840532,2.03849719796086,-48.1232434023586));
#2701=CARTESIAN_POINT('Ctrl Pts',(95.9010659041804,1.4701562661966,-47.1632373369506));
#2702=CARTESIAN_POINT('Ctrl Pts',(96.066351079357,1.29927831896251,-46.757472760427));
#2703=CARTESIAN_POINT('Ctrl Pts',(96.3939265818841,1.1142439042911,-46.0936898675829));
#2704=CARTESIAN_POINT('Ctrl Pts',(96.5275994733236,1.06641420245619,-45.8483073792082));
#2705=CARTESIAN_POINT('Ctrl Pts',(96.7577993706312,1.02063985333369,-45.4730224875101));
#2706=CARTESIAN_POINT('Ctrl Pts',(96.8426477382814,1.0101052767966,-45.3427513549076));
#2707=CARTESIAN_POINT('Ctrl Pts',(96.9606586967942,1.00276090688344,-45.1715586953239));
#2708=CARTESIAN_POINT('Ctrl Pts',(96.990503982386,1.00148709640384,-45.129056011857));
#2709=CARTESIAN_POINT('Ctrl Pts',(97.0328912966031,1.00045761254889,-45.0697580908822));
#2710=CARTESIAN_POINT('Ctrl Pts',(97.045126244466,1.00024966288026,-45.052763832261));
#2711=CARTESIAN_POINT('Ctrl Pts',(97.0660873350895,1.00004259888098,-45.0238528977887));
#2712=CARTESIAN_POINT('Ctrl Pts',(97.0747845083049,0.999999999999979,-45.0119163629818));
#2713=CARTESIAN_POINT('Ctrl Pts',(97.0835094973572,0.999999999999979,-45.));
#2714=CARTESIAN_POINT('Origin',(113.,0.999999999999949,44.9999999999999));
#2715=CARTESIAN_POINT('Ctrl Pts',(94.1015404291654,1.00002708086792,14.5297135723392));
#2716=CARTESIAN_POINT('Ctrl Pts',(95.5720303577876,1.00002708086792,8.15851013243581));
#2717=CARTESIAN_POINT('Ctrl Pts',(96.0789411737954,1.00002708086792,1.56797877602836));
#2718=CARTESIAN_POINT('Ctrl Pts',(95.5747769422589,1.00002708086792,-4.94733263848321));
#2719=CARTESIAN_POINT('Ctrl Pts',(95.3253278044338,1.00002708086792,-8.17096238718376));
#2720=CARTESIAN_POINT('Ctrl Pts',(94.8283626283799,1.00002708086792,-11.3761779320534));
#2721=CARTESIAN_POINT('Ctrl Pts',(94.0994417516955,1.00002708086792,-14.5289672584245));
#2722=CARTESIAN_POINT('Origin',(125.,32.,-4.44089209850063E-14));
#2723=CARTESIAN_POINT('Ctrl Pts',(32.4964804212482,0.,-75.9506526362165));
#2724=CARTESIAN_POINT('Ctrl Pts',(42.3444459606682,0.,-73.1104062022381));
#2725=CARTESIAN_POINT('Ctrl Pts',(61.2887519596971,0.,-64.7573925860196));
#2726=CARTESIAN_POINT('Ctrl Pts',(82.0092148816988,0.,-46.3026936137056));
#2727=CARTESIAN_POINT('Ctrl Pts',(92.3619671264262,0.,-28.3677595570623));
#2728=CARTESIAN_POINT('Ctrl Pts',(96.478782170683,0.,-15.2978525709787));
#2729=CARTESIAN_POINT('Ctrl Pts',(98.6020333576421,0.,-1.75477545676559));
#2730=CARTESIAN_POINT('Ctrl Pts',(97.3828555256353,0.,13.7585734719163));
#2731=CARTESIAN_POINT('Ctrl Pts',(91.5856369774457,0.,29.933562693527));
#2732=CARTESIAN_POINT('Ctrl Pts',(80.7136070344997,0.,47.4555655299087));
#2733=CARTESIAN_POINT('Ctrl Pts',(61.2901268858173,0.,64.7576968190996));
#2734=CARTESIAN_POINT('Ctrl Pts',(42.3444459606681,0.,73.1104062022382));
#2735=CARTESIAN_POINT('Ctrl Pts',(32.4964804212481,0.,75.9506526362165));
#2736=CARTESIAN_POINT('Ctrl Pts',(32.2477430663698,0.,-75.0882074378336));
#2737=CARTESIAN_POINT('Ctrl Pts',(42.0171830869222,0.,-72.270608506433));
#2738=CARTESIAN_POINT('Ctrl Pts',(60.8035287693121,0.,-63.9853770671243));
#2739=CARTESIAN_POINT('Ctrl Pts',(81.3124292126712,0.,-45.7120340222708));
#2740=CARTESIAN_POINT('Ctrl Pts',(91.5386279956792,0.,-27.9914965335673));
#2741=CARTESIAN_POINT('Ctrl Pts',(95.6017799099487,0.,-15.0915218857232));
#2742=CARTESIAN_POINT('Ctrl Pts',(97.6961201188641,0.,-1.7304120431076));
#2743=CARTESIAN_POINT('Ctrl Pts',(96.4940306495939,0.,13.57098859235));
#2744=CARTESIAN_POINT('Ctrl Pts',(90.7724199239038,0.,29.537923410382));
#2745=CARTESIAN_POINT('Ctrl Pts',(80.0299729807728,0.,46.8536898264549));
#2746=CARTESIAN_POINT('Ctrl Pts',(60.8048855640338,0.,63.9856156070503));
#2747=CARTESIAN_POINT('Ctrl Pts',(42.0171830869221,0.,72.270608506433));
#2748=CARTESIAN_POINT('Ctrl Pts',(32.2477430663697,0.,75.0882074378336));
#2749=CARTESIAN_POINT('Ctrl Pts',(31.8171034509484,0.753287317847882,-73.5950538713528));
#2750=CARTESIAN_POINT('Ctrl Pts',(41.4515389089822,0.753287317847882,-70.8163915330718));
#2751=CARTESIAN_POINT('Ctrl Pts',(59.9627980788211,0.753287317847881,-62.6490293120087));
#2752=CARTESIAN_POINT('Ctrl Pts',(80.1062119664493,0.753287317847882,-44.6895746743282));
#2753=CARTESIAN_POINT('Ctrl Pts',(90.1131636322419,0.753287317847881,-27.3401053529271));
#2754=CARTESIAN_POINT('Ctrl Pts',(94.0835320261608,0.753287317847882,-14.7343566432664));
#2755=CARTESIAN_POINT('Ctrl Pts',(96.1277184113924,0.753287317847882,-1.68817539947603));
#2756=CARTESIAN_POINT('Ctrl Pts',(94.9554067187449,0.753287317847882,13.2461784183479));
#2757=CARTESIAN_POINT('Ctrl Pts',(89.3643482304815,0.753287317847881,28.8531437925946));
#2758=CARTESIAN_POINT('Ctrl Pts',(78.8467087270143,0.753287317847881,45.8117122333036));
#2759=CARTESIAN_POINT('Ctrl Pts',(59.9641095790088,0.753287317847882,62.649107912673));
#2760=CARTESIAN_POINT('Ctrl Pts',(41.4515389089821,0.753287317847882,70.8163915330718));
#2761=CARTESIAN_POINT('Ctrl Pts',(31.8171034509483,0.753287317847882,73.5950538713528));
#2762=CARTESIAN_POINT('Ctrl Pts',(31.6651370504777,2.32680157423076,-73.0681418903777));
#2763=CARTESIAN_POINT('Ctrl Pts',(41.25151859971,2.32680157423076,-70.303338754037));
#2764=CARTESIAN_POINT('Ctrl Pts',(59.6664053882267,2.32680157423076,-62.1773451355291));
#2765=CARTESIAN_POINT('Ctrl Pts',(79.6804991232274,2.32680157423076,-44.3286979020846));
#2766=CARTESIAN_POINT('Ctrl Pts',(89.61014481765,2.32680157423076,-27.1102241647491));
#2767=CARTESIAN_POINT('Ctrl Pts',(93.5477173893841,2.32680157423076,-14.6082940332499));
#2768=CARTESIAN_POINT('Ctrl Pts',(95.5742488962838,2.32680157423076,-1.67329520929725));
#2769=CARTESIAN_POINT('Ctrl Pts',(94.4123613593859,2.32680157423076,13.1315768538151));
#2770=CARTESIAN_POINT('Ctrl Pts',(88.8675244509951,2.32680157423076,28.611411553532));
#2771=CARTESIAN_POINT('Ctrl Pts',(78.4290156331666,2.32680157423076,45.4439912492174));
#2772=CARTESIAN_POINT('Ctrl Pts',(59.6677069658057,2.32680157423076,62.1773874384909));
#2773=CARTESIAN_POINT('Ctrl Pts',(41.2515185997099,2.32680157423076,70.3033387540371));
#2774=CARTESIAN_POINT('Ctrl Pts',(31.6651370504776,2.32680157423076,73.0681418903777));
#2775=CARTESIAN_POINT('Ctrl Pts',(31.6651370504777,3.,-73.0681418903777));
#2776=CARTESIAN_POINT('Ctrl Pts',(41.2517007342318,3.,-70.3032862247178));
#2777=CARTESIAN_POINT('Ctrl Pts',(59.6662779443362,3.,-62.1773922003299));
#2778=CARTESIAN_POINT('Ctrl Pts',(79.680524043847,3.,-44.3287269679673));
#2779=CARTESIAN_POINT('Ctrl Pts',(89.6101418878263,3.,-27.110230695066));
#2780=CARTESIAN_POINT('Ctrl Pts',(93.5477382332812,3.,-14.6083047277746));
#2781=CARTESIAN_POINT('Ctrl Pts',(95.5742504712747,3.,-1.67328439827657));
#2782=CARTESIAN_POINT('Ctrl Pts',(94.4123999916492,3.,13.1315683912296));
#2783=CARTESIAN_POINT('Ctrl Pts',(88.8674961865185,3.,28.611448424048));
#2784=CARTESIAN_POINT('Ctrl Pts',(78.4290758638422,3.,45.4440011254248));
#2785=CARTESIAN_POINT('Ctrl Pts',(59.6675768474929,3.,62.1774256156322));
#2786=CARTESIAN_POINT('Ctrl Pts',(41.2517007342317,3.,70.3032862247178));
#2787=CARTESIAN_POINT('Ctrl Pts',(31.6651370504776,3.,73.0681418903777));
#2788=CARTESIAN_POINT('',(32.2749952573913,3.,-72.8903429160763));
#2789=CARTESIAN_POINT('Ctrl Pts',(94.1001430461805,3.,-10.6425600993708));
#2790=CARTESIAN_POINT('Ctrl Pts',(93.8767712183536,3.,-11.9538220291284));
#2791=CARTESIAN_POINT('Ctrl Pts',(92.9644767393093,3.,-16.460168498835));
#2792=CARTESIAN_POINT('Ctrl Pts',(89.6101418878263,3.,-27.110230695066));
#2793=CARTESIAN_POINT('Ctrl Pts',(79.680524043847,3.,-44.3287269679673));
#2794=CARTESIAN_POINT('Ctrl Pts',(59.8255664671652,3.,-62.0353390095578));
#2795=CARTESIAN_POINT('Ctrl Pts',(41.6421364877634,3.,-70.1302351293484));
#2796=CARTESIAN_POINT('Ctrl Pts',(32.2749970824807,3.,-72.8903491099752));
#2797=CARTESIAN_POINT('',(32.4964804212482,-1.34441069388203E-16,-75.9506526362165));
#2798=CARTESIAN_POINT('Ctrl Pts',(32.4964804212482,-2.68882138776405E-16,
-75.9506526362165));
#2799=CARTESIAN_POINT('Ctrl Pts',(32.4923982003624,-2.54639613878499E-16,
-75.8810329413704));
#2800=CARTESIAN_POINT('Ctrl Pts',(32.4882267921696,0.00231446409560754,
-75.8110820525675));
#2801=CARTESIAN_POINT('Ctrl Pts',(32.4707382163385,0.0216229814659695,-75.5225982808701));
#2802=CARTESIAN_POINT('Ctrl Pts',(32.4567533858036,0.0592909764421809,-75.3032096276141));
#2803=CARTESIAN_POINT('Ctrl Pts',(32.4155827668069,0.236657336694478,-74.6854011856931));
#2804=CARTESIAN_POINT('Ctrl Pts',(32.3876233897791,0.435593680185915,-74.3000156570169));
#2805=CARTESIAN_POINT('Ctrl Pts',(32.3369188712695,0.98920170320066,-73.6371086865307));
#2806=CARTESIAN_POINT('Ctrl Pts',(32.3146988503414,1.33547498888878,-73.3643289946607));
#2807=CARTESIAN_POINT('Ctrl Pts',(32.2835574563592,2.12598488759983,-72.9895142574444));
#2808=CARTESIAN_POINT('Ctrl Pts',(32.2749952573913,2.56038393821945,-72.8903429160763));
#2809=CARTESIAN_POINT('Ctrl Pts',(32.2749952573913,3.,-72.8903429160763));
#2810=CARTESIAN_POINT('',(32.4964804212482,-2.81892564846231E-17,75.9506526362165));
#2811=CARTESIAN_POINT('Ctrl Pts',(32.4964804212482,0.,-75.9506526362165));
#2812=CARTESIAN_POINT('Ctrl Pts',(42.3444459606682,0.,-73.1104062022381));
#2813=CARTESIAN_POINT('Ctrl Pts',(61.2887519596971,0.,-64.7573925860196));
#2814=CARTESIAN_POINT('Ctrl Pts',(82.0092148816988,0.,-46.3026936137056));
#2815=CARTESIAN_POINT('Ctrl Pts',(92.3619671264262,0.,-28.3677595570623));
#2816=CARTESIAN_POINT('Ctrl Pts',(96.478782170683,0.,-15.2978525709787));
#2817=CARTESIAN_POINT('Ctrl Pts',(98.6020333576421,0.,-1.75477545676559));
#2818=CARTESIAN_POINT('Ctrl Pts',(97.3828555256353,0.,13.7585734719163));
#2819=CARTESIAN_POINT('Ctrl Pts',(91.5856369774457,0.,29.933562693527));
#2820=CARTESIAN_POINT('Ctrl Pts',(80.7136070344997,0.,47.4555655299087));
#2821=CARTESIAN_POINT('Ctrl Pts',(61.2901268858173,0.,64.7576968190996));
#2822=CARTESIAN_POINT('Ctrl Pts',(42.3444459606681,0.,73.1104062022382));
#2823=CARTESIAN_POINT('Ctrl Pts',(32.4964804212481,0.,75.9506526362165));
#2824=CARTESIAN_POINT('',(32.2749952573913,3.,72.8903429160763));
#2825=CARTESIAN_POINT('Ctrl Pts',(32.2749952573913,3.,72.8903429160763));
#2826=CARTESIAN_POINT('Ctrl Pts',(32.2749952573913,2.5521492836191,72.8903429160763));
#2827=CARTESIAN_POINT('Ctrl Pts',(32.283886713921,2.10982921618956,72.9932928908921));
#2828=CARTESIAN_POINT('Ctrl Pts',(32.3160787016641,1.30873171053194,73.3811418942689));
#2829=CARTESIAN_POINT('Ctrl Pts',(32.3389563170141,0.960075230596363,73.6625280848642));
#2830=CARTESIAN_POINT('Ctrl Pts',(32.3908679441393,0.407941361403006,74.343826520372));
#2831=CARTESIAN_POINT('Ctrl Pts',(32.4193362550932,0.213062125935929,74.7385723805839));
#2832=CARTESIAN_POINT('Ctrl Pts',(32.4640317998552,0.0337519151885771,75.4148769401039));
#2833=CARTESIAN_POINT('Ctrl Pts',(32.4808978511608,1.09131471271946E-16,
75.6849017607141));
#2834=CARTESIAN_POINT('Ctrl Pts',(32.4964804212482,-5.63785129692462E-17,
75.9506526362165));
#2835=CARTESIAN_POINT('Ctrl Pts',(32.2749971574572,3.,72.8903493644466));
#2836=CARTESIAN_POINT('Ctrl Pts',(41.6421632357351,3.,70.1302360327259));
#2837=CARTESIAN_POINT('Ctrl Pts',(59.8268494017144,3.,62.0353700550874));
#2838=CARTESIAN_POINT('Ctrl Pts',(78.4290758638422,3.,45.4440011254248));
#2839=CARTESIAN_POINT('Ctrl Pts',(88.8674961865185,3.,28.611448424048));
#2840=CARTESIAN_POINT('Ctrl Pts',(92.6464413403032,3.,18.0616499627906));
#2841=CARTESIAN_POINT('Ctrl Pts',(93.8773649207651,3.,11.954126828639));
#2842=CARTESIAN_POINT('Ctrl Pts',(94.0995867382191,3.,10.642465716798));
#2843=CARTESIAN_POINT('Ctrl Pts',(94.1,3.,-10.6425357167357));
#2844=CARTESIAN_POINT('Ctrl Pts',(86.7441176199356,3.,-53.9273419576567));
#2845=CARTESIAN_POINT('Ctrl Pts',(37.5366190652281,3.,-71.1937105355277));
#2846=CARTESIAN_POINT('Ctrl Pts',(-11.6708794894794,3.,-88.4600791133986));
#2847=CARTESIAN_POINT('Ctrl Pts',(-55.2475043640337,3.,-63.0469279795874));
#2848=CARTESIAN_POINT('Ctrl Pts',(94.1,62.,-10.6425357167357));
#2849=CARTESIAN_POINT('Ctrl Pts',(86.7441176199356,62.,-53.9273419576567));
#2850=CARTESIAN_POINT('Ctrl Pts',(37.5366190652281,62.,-71.1937105355277));
#2851=CARTESIAN_POINT('Ctrl Pts',(-11.6708794894794,62.,-88.4600791133986));
#2852=CARTESIAN_POINT('Ctrl Pts',(-55.2475043640337,62.,-63.0469279795874));
#2853=CARTESIAN_POINT('',(32.2749952573913,62.,-72.8903429160763));
#2854=CARTESIAN_POINT('Ctrl Pts',(32.2749971620309,62.,-72.8903493799693));
#2855=CARTESIAN_POINT('Ctrl Pts',(41.6421314358858,62.,-70.1302458390104));
#2856=CARTESIAN_POINT('Ctrl Pts',(59.8253217666106,62.,-62.0358458489263));
#2857=CARTESIAN_POINT('Ctrl Pts',(79.6807891381912,62.,-44.3282970584908));
#2858=CARTESIAN_POINT('Ctrl Pts',(89.6099353460781,62.,-27.1104713628251));
#2859=CARTESIAN_POINT('Ctrl Pts',(92.9645865710444,62.,-16.460157409898));
#2860=CARTESIAN_POINT('Ctrl Pts',(93.876846076306,62.,-11.953813040407));
#2861=CARTESIAN_POINT('Ctrl Pts',(94.100200375617,62.,-10.6425698631774));
#2862=CARTESIAN_POINT('',(32.2749952573913,46.999999999968,-72.8903429160763));
#2863=CARTESIAN_POINT('Ctrl Pts',(32.2749952573913,47.,-72.8903429160763));
#2864=CARTESIAN_POINT('Ctrl Pts',(32.2749952573913,52.,-72.8903429160763));
#2865=CARTESIAN_POINT('Ctrl Pts',(32.2749952573913,57.,-72.8903429160763));
#2866=CARTESIAN_POINT('Ctrl Pts',(32.2749952573913,62.,-72.8903429160763));
#2867=CARTESIAN_POINT('',(30.3514985322354,47.,-73.4382118314562));
#2868=CARTESIAN_POINT('Ctrl Pts',(32.2749952573913,47.,-72.8903429160763));
#2869=CARTESIAN_POINT('Ctrl Pts',(31.635535855398,47.,-73.0787795619766));
#2870=CARTESIAN_POINT('Ctrl Pts',(30.9943398688689,47.,-73.2614198059923));
#2871=CARTESIAN_POINT('Ctrl Pts',(30.3515137482511,47.,-73.4382671404747));
#2872=CARTESIAN_POINT('',(-55.2475043640337,47.,-63.0469279795875));
#2873=CARTESIAN_POINT('Ctrl Pts',(-55.247504387154,47.,-63.0469280192327));
#2874=CARTESIAN_POINT('Ctrl Pts',(-47.9898875098263,47.,-67.2794464780357));
#2875=CARTESIAN_POINT('Ctrl Pts',(-32.1141384989423,47.,-73.9789504172995));
#2876=CARTESIAN_POINT('Ctrl Pts',(-2.82691738710623,47.,-78.9100976084113));
#2877=CARTESIAN_POINT('Ctrl Pts',(18.4283751816398,47.,-76.7184314128015));
#2878=CARTESIAN_POINT('Ctrl Pts',(30.351513748251,47.,-73.4382671404747));
#2879=CARTESIAN_POINT('',(-55.2475043640332,18.,-63.0469279795877));
#2880=CARTESIAN_POINT('',(-55.2475043640332,0.,-63.0469279795877));
#2881=CARTESIAN_POINT('',(30.3514985322354,18.,-73.4382118314562));
#2882=CARTESIAN_POINT('Ctrl Pts',(30.3515049321836,18.,-73.4382350976623));
#2883=CARTESIAN_POINT('Ctrl Pts',(22.6167397746046,18.,-75.5658745008856));
#2884=CARTESIAN_POINT('Ctrl Pts',(6.00967991687431,18.,-78.2488638111191));
#2885=CARTESIAN_POINT('Ctrl Pts',(-19.549957282283,18.,-76.8485764400146));
#2886=CARTESIAN_POINT('Ctrl Pts',(-40.3098648536501,18.,-70.8304679508932));
#2887=CARTESIAN_POINT('Ctrl Pts',(-51.7285203127445,18.,-65.0990608580467));
#2888=CARTESIAN_POINT('Ctrl Pts',(-55.2475013143055,18.,-63.0469227499526));
#2889=CARTESIAN_POINT('',(32.2749952573913,18.0000000000319,-72.8903429160763));
#2890=CARTESIAN_POINT('Ctrl Pts',(30.3515049321836,18.,-73.4382350976623));
#2891=CARTESIAN_POINT('Ctrl Pts',(30.9943449304385,18.,-73.2614059784337));
#2892=CARTESIAN_POINT('Ctrl Pts',(31.6355445959778,18.,-73.0787769862922));
#2893=CARTESIAN_POINT('Ctrl Pts',(32.2749952573913,18.,-72.8903429160763));
#2894=CARTESIAN_POINT('Ctrl Pts',(32.2749952573913,3.,-72.8903429160763));
#2895=CARTESIAN_POINT('Ctrl Pts',(32.2749952573913,8.,-72.8903429160763));
#2896=CARTESIAN_POINT('Ctrl Pts',(32.2749952573913,13.,-72.8903429160763));
#2897=CARTESIAN_POINT('Ctrl Pts',(32.2749952573913,18.,-72.8903429160763));
#2898=CARTESIAN_POINT('Ctrl Pts',(-55.2475043640347,3.,63.0469279795869));
#2899=CARTESIAN_POINT('Ctrl Pts',(-11.6708794894804,3.,88.4600791133987));
#2900=CARTESIAN_POINT('Ctrl Pts',(37.5366190652276,3.,71.1937105355278));
#2901=CARTESIAN_POINT('Ctrl Pts',(86.7441176199356,3.,53.927341957657));
#2902=CARTESIAN_POINT('Ctrl Pts',(94.1,3.,10.6425357167356));
#2903=CARTESIAN_POINT('Ctrl Pts',(-55.2475043640347,62.,63.0469279795869));
#2904=CARTESIAN_POINT('Ctrl Pts',(-11.6708794894804,62.,88.4600791133987));
#2905=CARTESIAN_POINT('Ctrl Pts',(37.5366190652276,62.,71.1937105355278));
#2906=CARTESIAN_POINT('Ctrl Pts',(86.7441176199356,62.,53.927341957657));
#2907=CARTESIAN_POINT('Ctrl Pts',(94.1,62.,10.6425357167356));
#2908=CARTESIAN_POINT('',(32.2749952573913,18.0000000000319,72.8903429160763));
#2909=CARTESIAN_POINT('Ctrl Pts',(32.2749952573913,18.,72.8903429160763));
#2910=CARTESIAN_POINT('Ctrl Pts',(32.2749952573913,13.,72.8903429160763));
#2911=CARTESIAN_POINT('Ctrl Pts',(32.2749952573913,8.,72.8903429160763));
#2912=CARTESIAN_POINT('Ctrl Pts',(32.2749952573913,3.,72.8903429160763));
#2913=CARTESIAN_POINT('',(30.3514985322356,18.,73.4382118314562));
#2914=CARTESIAN_POINT('Ctrl Pts',(32.2749952573913,18.,72.8903429160763));
#2915=CARTESIAN_POINT('Ctrl Pts',(31.6355358849301,18.,73.078779553274));
#2916=CARTESIAN_POINT('Ctrl Pts',(30.9943398969215,18.,73.2614197897604));
#2917=CARTESIAN_POINT('Ctrl Pts',(30.351513741813,18.,73.4382671170773));
#2918=CARTESIAN_POINT('',(-55.2475043640348,18.,63.0469279795871));
#2919=CARTESIAN_POINT('Ctrl Pts',(-55.24750444283,18.,63.0469281146994));
#2920=CARTESIAN_POINT('Ctrl Pts',(-47.9898375484566,18.,67.2794784941961));
#2921=CARTESIAN_POINT('Ctrl Pts',(-32.1142659958936,18.,73.9789350150661));
#2922=CARTESIAN_POINT('Ctrl Pts',(-2.82692617205942,18.,78.9100966976144));
#2923=CARTESIAN_POINT('Ctrl Pts',(18.4283788844682,18.,76.7184300600492));
#2924=CARTESIAN_POINT('Ctrl Pts',(30.3515137418131,18.,73.4382671170773));
#2925=CARTESIAN_POINT('',(-55.2475043640332,47.,63.0469279795877));
#2926=CARTESIAN_POINT('',(-55.2475043640332,0.,63.0469279795877));
#2927=CARTESIAN_POINT('',(30.3514985322355,47.,73.4382118314562));
#2928=CARTESIAN_POINT('Ctrl Pts',(30.3515048636427,47.,73.4382348485124));
#2929=CARTESIAN_POINT('Ctrl Pts',(22.6167385388127,47.,75.5658725342863));
#2930=CARTESIAN_POINT('Ctrl Pts',(6.00962762401516,47.,78.2488498931204));
#2931=CARTESIAN_POINT('Ctrl Pts',(-19.5498615488811,47.,76.8486233489552));
#2932=CARTESIAN_POINT('Ctrl Pts',(-40.3102645365931,47.,70.8303110729541));
#2933=CARTESIAN_POINT('Ctrl Pts',(-51.7285101113634,47.,65.0990702783884));
#2934=CARTESIAN_POINT('Ctrl Pts',(-55.2475014491334,47.,63.0469229811612));
#2935=CARTESIAN_POINT('',(32.2749952573913,46.999999999968,72.8903429160763));
#2936=CARTESIAN_POINT('Ctrl Pts',(30.3515048636427,47.,73.4382348485124));
#2937=CARTESIAN_POINT('Ctrl Pts',(30.9943450571688,47.,73.2614058449928));
#2938=CARTESIAN_POINT('Ctrl Pts',(31.635544756577,47.,73.0787769389667));
#2939=CARTESIAN_POINT('Ctrl Pts',(32.2749952573913,47.,72.8903429160763));
#2940=CARTESIAN_POINT('',(32.2749952573913,62.,72.8903429160763));
#2941=CARTESIAN_POINT('Ctrl Pts',(32.2749952573913,62.,72.8903429160763));
#2942=CARTESIAN_POINT('Ctrl Pts',(32.2749952573913,57.,72.8903429160763));
#2943=CARTESIAN_POINT('Ctrl Pts',(32.2749952573913,52.,72.8903429160763));
#2944=CARTESIAN_POINT('Ctrl Pts',(32.2749952573913,47.,72.8903429160763));
#2945=CARTESIAN_POINT('Ctrl Pts',(94.0995721464593,62.,10.6424632469835));
#2946=CARTESIAN_POINT('Ctrl Pts',(93.8773568450644,62.,11.9541279298024));
#2947=CARTESIAN_POINT('Ctrl Pts',(92.6464646349539,62.,18.0616562869919));
#2948=CARTESIAN_POINT('Ctrl Pts',(88.8675078844229,62.0000000000001,28.6114746263116));
#2949=CARTESIAN_POINT('Ctrl Pts',(78.4288955442,61.9999999999999,45.4441759957193));
#2950=CARTESIAN_POINT('Ctrl Pts',(59.8270766313346,62.0000000000001,62.0350971137179));
#2951=CARTESIAN_POINT('Ctrl Pts',(41.6421679494548,62.,70.1302302836127));
#2952=CARTESIAN_POINT('Ctrl Pts',(32.2749971197852,62.,72.8903492365872));
#2953=CARTESIAN_POINT('Ctrl Pts',(33.0475444833264,62.,86.2365278685412));
#2954=CARTESIAN_POINT('Ctrl Pts',(44.6697381514528,62.,83.4066535734636));
#2955=CARTESIAN_POINT('Ctrl Pts',(61.5895423384812,62.,76.8477557604456));
#2956=CARTESIAN_POINT('Ctrl Pts',(81.5018941323297,62.0000000000001,63.2132675875182));
#2957=CARTESIAN_POINT('Ctrl Pts',(93.0494430522798,62.,51.9133186847805));
#2958=CARTESIAN_POINT('Ctrl Pts',(103.813054619278,62.0000000000001,37.2302170840662));
#2959=CARTESIAN_POINT('Ctrl Pts',(110.454587345786,62.,22.2280401541933));
#2960=CARTESIAN_POINT('Ctrl Pts',(113.207227518071,62.,6.12269121458636));
#2961=CARTESIAN_POINT('Ctrl Pts',(113.208423599561,62.,-6.12367665591378));
#2962=CARTESIAN_POINT('Ctrl Pts',(110.795382851387,62.,-20.2117924846907));
#2963=CARTESIAN_POINT('Ctrl Pts',(104.812827072373,62.,-35.407726028016));
#2964=CARTESIAN_POINT('Ctrl Pts',(91.042567385808,61.9999999999999,-55.5499941312994));
#2965=CARTESIAN_POINT('Ctrl Pts',(67.2156734345303,62.0000000000001,-74.6779007687129));
#2966=CARTESIAN_POINT('Ctrl Pts',(44.6697381514529,62.,-83.4066535734635));
#2967=CARTESIAN_POINT('Ctrl Pts',(33.0475444833264,62.,-86.2365278685412));
#2968=CARTESIAN_POINT('Ctrl Pts',(33.0475444833264,62.8975979010257,86.2365278685412));
#2969=CARTESIAN_POINT('Ctrl Pts',(44.6704928023508,62.8975979010257,83.4064698244022));
#2970=CARTESIAN_POINT('Ctrl Pts',(61.5887457015307,62.8975979010256,76.8482375741509));
#2971=CARTESIAN_POINT('Ctrl Pts',(81.5022239947226,62.8975979010257,63.2130596841617));
#2972=CARTESIAN_POINT('Ctrl Pts',(93.049171314141,62.8975979010257,51.9137210566232));
#2973=CARTESIAN_POINT('Ctrl Pts',(103.813305202793,62.8975979010257,37.229941718297));
#2974=CARTESIAN_POINT('Ctrl Pts',(110.454570525055,62.8975979010257,22.2281722372319));
#2975=CARTESIAN_POINT('Ctrl Pts',(113.207333899821,62.8975979010257,6.12299165171536));
#2976=CARTESIAN_POINT('Ctrl Pts',(113.208433662507,62.8975979010256,-6.12375208312478));
#2977=CARTESIAN_POINT('Ctrl Pts',(110.795511579144,62.8975979010257,-20.212004704648));
#2978=CARTESIAN_POINT('Ctrl Pts',(104.812690416645,62.8975979010257,-35.4078246040425));
#2979=CARTESIAN_POINT('Ctrl Pts',(91.0428124527886,62.8975979010256,-55.5501229957667));
#2980=CARTESIAN_POINT('Ctrl Pts',(67.2151273490137,62.8975979010257,-74.6779944596283));
#2981=CARTESIAN_POINT('Ctrl Pts',(44.6704928023509,62.8975979010257,-83.4064698244021));
#2982=CARTESIAN_POINT('Ctrl Pts',(33.0475444833264,62.8975979010257,-86.2365278685412));
#2983=CARTESIAN_POINT('Ctrl Pts',(32.8692935570125,64.4514822615336,85.5044576169593));
#2984=CARTESIAN_POINT('Ctrl Pts',(44.4266900302502,64.4514822615336,82.6903607148115));
#2985=CARTESIAN_POINT('Ctrl Pts',(61.247360766538,64.4514822615336,76.1685975894325));
#2986=CARTESIAN_POINT('Ctrl Pts',(81.0233471038852,64.4514822615336,62.6263341016904));
#2987=CARTESIAN_POINT('Ctrl Pts',(92.4816926029237,64.4514822615336,51.4128018962093));
#2988=CARTESIAN_POINT('Ctrl Pts',(103.15283937333,64.4514822615337,36.8548704969704));
#2989=CARTESIAN_POINT('Ctrl Pts',(109.729021122724,64.4514822615336,21.9966113510205));
#2990=CARTESIAN_POINT('Ctrl Pts',(112.4528613078,64.4514822615337,6.05826628318849));
#2991=CARTESIAN_POINT('Ctrl Pts',(112.454059559959,64.4514822615336,-6.05924541994507));
#2992=CARTESIAN_POINT('Ctrl Pts',(110.066232671476,64.4514822615336,-20.0013636277757));
#2993=CARTESIAN_POINT('Ctrl Pts',(104.142875145498,64.4514822615336,-35.0490563275719));
#2994=CARTESIAN_POINT('Ctrl Pts',(90.4943748963865,64.4514822615336,-55.016419647401));
#2995=CARTESIAN_POINT('Ctrl Pts',(66.8408366319284,64.4514822615336,-74.0110721656393));
#2996=CARTESIAN_POINT('Ctrl Pts',(44.4266900302502,64.4514822615336,-82.6903607148115));
#2997=CARTESIAN_POINT('Ctrl Pts',(32.8692935570125,64.4514822615336,-85.5044576169593));
#2998=CARTESIAN_POINT('Ctrl Pts',(32.4970770845108,65.,83.9757777256276));
#2999=CARTESIAN_POINT('Ctrl Pts',(43.9192712135446,65.,81.1946010835806));
#3000=CARTESIAN_POINT('Ctrl Pts',(60.5327204693588,65.,74.7504733591793));
#3001=CARTESIAN_POINT('Ctrl Pts',(80.0241100015137,65.,61.4006942045416));
#3002=CARTESIAN_POINT('Ctrl Pts',(91.2961011115099,65.,50.36769846501));
#3003=CARTESIAN_POINT('Ctrl Pts',(101.774238961566,65.,36.0710485715449));
#3004=CARTESIAN_POINT('Ctrl Pts',(108.21392035338,65.,21.5133692606521));
#3005=CARTESIAN_POINT('Ctrl Pts',(110.877638626544,65.,5.92377834379812));
#3006=CARTESIAN_POINT('Ctrl Pts',(110.878828064393,65.,-5.92471313570292));
#3007=CARTESIAN_POINT('Ctrl Pts',(108.543668195266,65.,-19.5619838920007));
#3008=CARTESIAN_POINT('Ctrl Pts',(102.743889324883,65.,-34.3001102290511));
#3009=CARTESIAN_POINT('Ctrl Pts',(89.3496951709031,65.,-53.9022485555001));
#3010=CARTESIAN_POINT('Ctrl Pts',(66.0580417041779,65.,-72.6186402645862));
#3011=CARTESIAN_POINT('Ctrl Pts',(43.9192712135446,65.,-81.1946010835806));
#3012=CARTESIAN_POINT('Ctrl Pts',(32.4970770845108,65.,-83.9757777256276));
#3013=CARTESIAN_POINT('Ctrl Pts',(32.3378139181007,65.,83.3216895325808));
#3014=CARTESIAN_POINT('Ctrl Pts',(43.7023920365227,65.,80.5545417453327));
#3015=CARTESIAN_POINT('Ctrl Pts',(60.2266946549869,65.,74.1438389244576));
#3016=CARTESIAN_POINT('Ctrl Pts',(79.5966609396825,65.,60.8762056126195));
#3017=CARTESIAN_POINT('Ctrl Pts',(90.788728543695,65.,49.9206467095582));
#3018=CARTESIAN_POINT('Ctrl Pts',(101.184444170395,65.,35.735583157658));
#3019=CARTESIAN_POINT('Ctrl Pts',(107.565637147898,65.,21.306641665239));
#3020=CARTESIAN_POINT('Ctrl Pts',(110.203668803419,65.,5.86632712688892));
#3021=CARTESIAN_POINT('Ctrl Pts',(110.204824594453,65.,-5.86717315290597));
#3022=CARTESIAN_POINT('Ctrl Pts',(107.892236580312,65.,-19.3740488807003));
#3023=CARTESIAN_POINT('Ctrl Pts',(102.145251959107,65.,-33.9796833935145));
#3024=CARTESIAN_POINT('Ctrl Pts',(88.8599881379274,65.,-53.4255594468955));
#3025=CARTESIAN_POINT('Ctrl Pts',(65.7229317501939,65.,-72.022878622523));
#3026=CARTESIAN_POINT('Ctrl Pts',(43.7023920365227,65.,-80.5545417453327));
#3027=CARTESIAN_POINT('Ctrl Pts',(32.3378139181008,65.,-83.3216895325808));
#3028=CARTESIAN_POINT('',(33.0475444833264,62.,-86.2365278685412));
#3029=CARTESIAN_POINT('Ctrl Pts',(95.7615721790129,62.,-47.9994821240701));
#3030=CARTESIAN_POINT('Ctrl Pts',(95.1993921337433,62.,-48.7122684868009));
#3031=CARTESIAN_POINT('Ctrl Pts',(86.9920378722431,62.,-58.8017041748321));
#3032=CARTESIAN_POINT('Ctrl Pts',(67.2156734345303,62.0000000000001,-74.6779007687129));
#3033=CARTESIAN_POINT('Ctrl Pts',(44.6697381514529,62.,-83.4066535734635));
#3034=CARTESIAN_POINT('Ctrl Pts',(33.0475444833264,62.,-86.2365278685412));
#3035=CARTESIAN_POINT('',(32.9258097402516,64.9788245845082,-83.5436852501691));
#3036=CARTESIAN_POINT('Ctrl Pts',(32.9258097402516,64.9788245845082,-83.5436852501691));
#3037=CARTESIAN_POINT('Ctrl Pts',(32.9372813945732,64.954434422423,-83.7512028007074));
#3038=CARTESIAN_POINT('Ctrl Pts',(32.9479991401578,64.9094178061932,-83.9532646304775));
#3039=CARTESIAN_POINT('Ctrl Pts',(32.967761947299,64.7823144544484,-84.3408097963449));
#3040=CARTESIAN_POINT('Ctrl Pts',(32.9767644868738,64.7006120767234,-84.5253985474946));
#3041=CARTESIAN_POINT('Ctrl Pts',(33.0002513866682,64.4186490197845,-85.0262439542384));
#3042=CARTESIAN_POINT('Ctrl Pts',(33.0123180575034,64.1806349000226,-85.3096454550305));
#3043=CARTESIAN_POINT('Ctrl Pts',(33.0308189391644,63.6309768359755,-85.769722876354));
#3044=CARTESIAN_POINT('Ctrl Pts',(33.0372098904455,63.3255892297885,-85.9439641267835));
#3045=CARTESIAN_POINT('Ctrl Pts',(33.0455832570693,62.6769243025119,-86.1779777131331));
#3046=CARTESIAN_POINT('Ctrl Pts',(33.0475444833264,62.3401263040248,-86.2365278685412));
#3047=CARTESIAN_POINT('Ctrl Pts',(33.0475444833264,62.,-86.2365278685412));
#3048=CARTESIAN_POINT('',(32.9054849137028,65.,-83.1821384440572));
#3049=CARTESIAN_POINT('Ctrl Pts',(32.9054849137028,65.,-83.1821384440572));
#3050=CARTESIAN_POINT('Ctrl Pts',(32.9122971638941,65.,-83.3026519371897));
#3051=CARTESIAN_POINT('Ctrl Pts',(32.9191472375598,64.9929898928405,-83.4231632922796));
#3052=CARTESIAN_POINT('Ctrl Pts',(32.9258097402516,64.9788245845082,-83.5436852501691));
#3053=CARTESIAN_POINT('',(32.9054849137028,65.,83.1821384440572));
#3054=CARTESIAN_POINT('Ctrl Pts',(32.9054870091769,65.,-83.182146888589));
#3055=CARTESIAN_POINT('Ctrl Pts',(44.068990541124,65.,-80.4119717169045));
#3056=CARTESIAN_POINT('Ctrl Pts',(65.8771086477336,65.,-71.8989528765247));
#3057=CARTESIAN_POINT('Ctrl Pts',(88.8599881379274,65.,-53.4255594468955));
#3058=CARTESIAN_POINT('Ctrl Pts',(102.145251959107,65.,-33.9796833935145));
#3059=CARTESIAN_POINT('Ctrl Pts',(107.892236580312,65.,-19.3740488807003));
#3060=CARTESIAN_POINT('Ctrl Pts',(110.204824594453,65.,-5.86717315290597));
#3061=CARTESIAN_POINT('Ctrl Pts',(110.203668803419,65.,5.86632712688892));
#3062=CARTESIAN_POINT('Ctrl Pts',(107.565637147898,65.,21.306641665239));
#3063=CARTESIAN_POINT('Ctrl Pts',(101.184444170395,65.,35.735583157658));
#3064=CARTESIAN_POINT('Ctrl Pts',(90.788728543695,65.,49.9206467095582));
#3065=CARTESIAN_POINT('Ctrl Pts',(79.5966609396825,65.,60.8762056126195));
#3066=CARTESIAN_POINT('Ctrl Pts',(60.3880358972639,65.,74.0333267836957));
#3067=CARTESIAN_POINT('Ctrl Pts',(44.0691815248246,65.,80.4117113684637));
#3068=CARTESIAN_POINT('Ctrl Pts',(32.9054857632567,65.,83.1821418674101));
#3069=CARTESIAN_POINT('',(32.9258097402516,64.9788245845082,83.5436852501691));
#3070=CARTESIAN_POINT('Ctrl Pts',(32.9258097402516,64.9788245845082,83.543685250169));
#3071=CARTESIAN_POINT('Ctrl Pts',(32.9191472375605,64.9929898928409,83.4231632922796));
#3072=CARTESIAN_POINT('Ctrl Pts',(32.9122971638941,65.,83.3026519371897));
#3073=CARTESIAN_POINT('Ctrl Pts',(32.9054849137028,65.,83.1821384440572));
#3074=CARTESIAN_POINT('',(33.0475444833264,62.,86.2365278685412));
#3075=CARTESIAN_POINT('Ctrl Pts',(33.0475444833264,62.,86.2365278685412));
#3076=CARTESIAN_POINT('Ctrl Pts',(33.0475444833264,62.348108497828,86.2365278685412));
#3077=CARTESIAN_POINT('Ctrl Pts',(33.045492332428,62.6926583188917,86.175215844136));
#3078=CARTESIAN_POINT('Ctrl Pts',(33.0367661102184,63.350605387822,85.9318277950006));
#3079=CARTESIAN_POINT('Ctrl Pts',(33.0301718947501,63.6576727265143,85.7526132720044));
#3080=CARTESIAN_POINT('Ctrl Pts',(33.0111029854665,64.208285923973,85.2806230913979));
#3081=CARTESIAN_POINT('Ctrl Pts',(32.9986662530255,64.4453952413096,84.9903239381047));
#3082=CARTESIAN_POINT('Ctrl Pts',(32.9669539020407,64.8095117469548,84.3186440576437));
#3083=CARTESIAN_POINT('Ctrl Pts',(32.9478433451367,64.9319784035302,83.9422641810786));
#3084=CARTESIAN_POINT('Ctrl Pts',(32.9258097402516,64.9788245845082,83.5436852501691));
#3085=CARTESIAN_POINT('Ctrl Pts',(33.0475444833264,62.,86.2365278685412));
#3086=CARTESIAN_POINT('Ctrl Pts',(44.6697381514528,62.,83.4066535734636));
#3087=CARTESIAN_POINT('Ctrl Pts',(61.5895423384812,62.,76.8477557604456));
#3088=CARTESIAN_POINT('Ctrl Pts',(81.5018941323297,62.0000000000001,63.2132675875182));
#3089=CARTESIAN_POINT('Ctrl Pts',(90.8109475593216,62.,54.1038168471858));
#3090=CARTESIAN_POINT('Ctrl Pts',(95.2008018105869,62.,48.7108499796021));
#3091=CARTESIAN_POINT('Ctrl Pts',(95.761996693577,62.,47.999816819025));
#3092=CARTESIAN_POINT('Ctrl Pts',(95.7622287848642,3.,-48.00000000076));
#3093=CARTESIAN_POINT('Ctrl Pts',(69.7955422940813,3.,-80.9155142880591));
#3094=CARTESIAN_POINT('Ctrl Pts',(21.9424085261587,3.,-88.4575866740632));
#3095=CARTESIAN_POINT('Ctrl Pts',(-25.9107252417639,3.,-95.9996590600673));
#3096=CARTESIAN_POINT('Ctrl Pts',(-65.6387882203962,3.,-73.438211828892));
#3097=CARTESIAN_POINT('Ctrl Pts',(95.7622287848642,62.,-48.00000000076));
#3098=CARTESIAN_POINT('Ctrl Pts',(69.7955422940813,62.,-80.9155142880591));
#3099=CARTESIAN_POINT('Ctrl Pts',(21.9424085261587,62.,-88.4575866740632));
#3100=CARTESIAN_POINT('Ctrl Pts',(-25.9107252417639,62.,-95.9996590600673));
#3101=CARTESIAN_POINT('Ctrl Pts',(-65.6387882203962,62.,-73.438211828892));
#3102=CARTESIAN_POINT('',(33.0475444833264,3.,-86.2365278685412));
#3103=CARTESIAN_POINT('Ctrl Pts',(33.0475444833264,3.,-86.2365278685412));
#3104=CARTESIAN_POINT('Ctrl Pts',(44.669738152473,3.,-83.4066535732151));
#3105=CARTESIAN_POINT('Ctrl Pts',(67.2129584080745,3.,-74.6787807129958));
#3106=CARTESIAN_POINT('Ctrl Pts',(86.6585541283181,3.,-59.0708351734805));
#3107=CARTESIAN_POINT('Ctrl Pts',(94.6586320124384,3.,-49.3725977431059));
#3108=CARTESIAN_POINT('Ctrl Pts',(94.9613436431426,3.,-48.9996483925665));
#3109=CARTESIAN_POINT('',(33.0475444833264,18.00000000001,-86.2365278685412));
#3110=CARTESIAN_POINT('Ctrl Pts',(33.0475444833264,18.00000000001,-86.2365278685412));
#3111=CARTESIAN_POINT('Ctrl Pts',(33.0475444833264,13.0000000000067,-86.2365278685412));
#3112=CARTESIAN_POINT('Ctrl Pts',(33.0475444833264,8.00000000000334,-86.2365278685412));
#3113=CARTESIAN_POINT('Ctrl Pts',(33.0475444833264,3.,-86.2365278685412));
#3114=CARTESIAN_POINT('',(31.1008823197361,18.,-86.6953376561283));
#3115=CARTESIAN_POINT('Ctrl Pts',(33.0475444833264,18.,-86.2365278685412));
#3116=CARTESIAN_POINT('Ctrl Pts',(32.3997415871567,18.,-86.3942606353918));
#3117=CARTESIAN_POINT('Ctrl Pts',(31.7508443064761,18.,-86.5472489379155));
#3118=CARTESIAN_POINT('Ctrl Pts',(31.1009180925831,18.,-86.6954944885653));
#3119=CARTESIAN_POINT('',(-65.6387882207756,18.,-73.4382118295598));
#3120=CARTESIAN_POINT('Ctrl Pts',(-65.6387882203962,18.,-73.438211828892));
#3121=CARTESIAN_POINT('Ctrl Pts',(-61.4060400685616,18.,-75.8419767474543));
#3122=CARTESIAN_POINT('Ctrl Pts',(-48.2636690449549,18.,-82.2569547511757));
#3123=CARTESIAN_POINT('Ctrl Pts',(-16.1039283500851,18.,-91.5000397858816));
#3124=CARTESIAN_POINT('Ctrl Pts',(12.8420054086069,18.,-90.8602789013838));
#3125=CARTESIAN_POINT('Ctrl Pts',(31.1009180925831,18.,-86.6954944885653));
#3126=CARTESIAN_POINT('',(-65.6387882160469,47.,-73.4382118314233));
#3127=CARTESIAN_POINT('',(-65.6387882159126,0.,-73.4382118314672));
#3128=CARTESIAN_POINT('',(31.1008823197362,47.,-86.6953376561283));
#3129=CARTESIAN_POINT('Ctrl Pts',(31.1009182324845,47.,-86.6954951014597));
#3130=CARTESIAN_POINT('Ctrl Pts',(12.842008043138,47.,-90.860290842232));
#3131=CARTESIAN_POINT('Ctrl Pts',(-16.1038711217887,47.,-91.5002994256924));
#3132=CARTESIAN_POINT('Ctrl Pts',(-48.2636965881341,47.,-82.2568164957494));
#3133=CARTESIAN_POINT('Ctrl Pts',(-61.4060400655826,47.,-75.8419767489045));
#3134=CARTESIAN_POINT('Ctrl Pts',(-65.6387882160206,47.,-73.4382118313768));
#3135=CARTESIAN_POINT('',(33.0475444833264,46.99999999999,-86.2365278685412));
#3136=CARTESIAN_POINT('Ctrl Pts',(31.1009182324845,47.,-86.6954951014597));
#3137=CARTESIAN_POINT('Ctrl Pts',(31.7508443559949,47.,-86.5472491479531));
#3138=CARTESIAN_POINT('Ctrl Pts',(32.3997415887095,47.,-86.3942606350137));
#3139=CARTESIAN_POINT('Ctrl Pts',(33.0475444833264,47.,-86.2365278685412));
#3140=CARTESIAN_POINT('Ctrl Pts',(33.0475444833264,62.,-86.2365278685412));
#3141=CARTESIAN_POINT('Ctrl Pts',(33.0475444833264,57.,-86.2365278685412));
#3142=CARTESIAN_POINT('Ctrl Pts',(33.0475444833264,52.,-86.2365278685412));
#3143=CARTESIAN_POINT('Ctrl Pts',(33.0475444833264,47.,-86.2365278685412));
#3144=CARTESIAN_POINT('Ctrl Pts',(33.0475444833264,18.00000000001,86.2365278685412));
#3145=CARTESIAN_POINT('Ctrl Pts',(33.0475444833264,13.0000000000067,86.2365278685412));
#3146=CARTESIAN_POINT('Ctrl Pts',(33.0475444833264,8.00000000000334,86.2365278685412));
#3147=CARTESIAN_POINT('Ctrl Pts',(33.0475444833264,3.,86.2365278685412));
#3148=CARTESIAN_POINT('Ctrl Pts',(32.3610325801432,18.00000000001,85.7238603476061));
#3149=CARTESIAN_POINT('Ctrl Pts',(32.3610325801432,13.0000000000067,85.7238603476061));
#3150=CARTESIAN_POINT('Ctrl Pts',(32.3610325801432,8.00000000000333,85.7238603476061));
#3151=CARTESIAN_POINT('Ctrl Pts',(32.3610325801432,3.,85.7238603476061));
#3152=CARTESIAN_POINT('Ctrl Pts',(31.67452067696,18.00000000001,85.2111928266711));
#3153=CARTESIAN_POINT('Ctrl Pts',(31.67452067696,13.0000000000067,85.2111928266711));
#3154=CARTESIAN_POINT('Ctrl Pts',(31.67452067696,8.00000000000334,85.2111928266711));
#3155=CARTESIAN_POINT('Ctrl Pts',(31.67452067696,2.99999999999999,85.2111928266711));
#3156=CARTESIAN_POINT('Ctrl Pts',(30.9880087737768,18.00000000001,84.698525305736));
#3157=CARTESIAN_POINT('Ctrl Pts',(30.9880087737768,13.0000000000067,84.698525305736));
#3158=CARTESIAN_POINT('Ctrl Pts',(30.9880087737768,8.00000000000333,84.698525305736));
#3159=CARTESIAN_POINT('Ctrl Pts',(30.9880087737768,2.99999999999999,84.698525305736));
#3160=CARTESIAN_POINT('',(33.0475444833264,18.00000000001,86.2365278685412));
#3161=CARTESIAN_POINT('',(30.9880087737768,15.1817937613246,84.698525305736));
#3162=CARTESIAN_POINT('Ctrl Pts',(30.9880087737768,15.1817937613246,84.698525305736));
#3163=CARTESIAN_POINT('Ctrl Pts',(31.2771200188289,15.2822713401208,84.9144253427027));
#3164=CARTESIAN_POINT('Ctrl Pts',(31.5576855814663,15.4257237845429,85.1239437076299));
#3165=CARTESIAN_POINT('Ctrl Pts',(32.0579066367998,15.7904967379185,85.4974945334325));
#3166=CARTESIAN_POINT('Ctrl Pts',(32.280954603086,16.0064928378107,85.664060396886));
#3167=CARTESIAN_POINT('Ctrl Pts',(32.6555117257403,16.5122437341044,85.9437689796934));
#3168=CARTESIAN_POINT('Ctrl Pts',(32.8065827830243,16.7977074155369,86.0565845391373));
#3169=CARTESIAN_POINT('Ctrl Pts',(32.99923845596,17.3960916885904,86.2004543042208));
#3170=CARTESIAN_POINT('Ctrl Pts',(33.0475444833264,17.6949675997211,86.2365278685412));
#3171=CARTESIAN_POINT('Ctrl Pts',(33.0475444833264,18.,86.2365278685412));
#3172=CARTESIAN_POINT('',(30.9880087737768,3.,84.698525305736));
#3173=CARTESIAN_POINT('Ctrl Pts',(30.9880087737768,15.1817937613246,84.698525305736));
#3174=CARTESIAN_POINT('Ctrl Pts',(30.9880087737768,11.1211958408831,84.698525305736));
#3175=CARTESIAN_POINT('Ctrl Pts',(30.9880087737768,7.06059792044154,84.698525305736));
#3176=CARTESIAN_POINT('Ctrl Pts',(30.9880087737768,2.99999999999999,84.698525305736));
#3177=CARTESIAN_POINT('',(33.0475444833264,3.,86.2365278685412));
#3178=CARTESIAN_POINT('',(30.9880087737768,3.,84.698525305736));
#3179=CARTESIAN_POINT('Ctrl Pts',(33.0475444833264,3.,86.2365278685412));
#3180=CARTESIAN_POINT('Ctrl Pts',(33.0475444833264,8.00000000000334,86.2365278685412));
#3181=CARTESIAN_POINT('Ctrl Pts',(33.0475444833264,13.0000000000067,86.2365278685412));
#3182=CARTESIAN_POINT('Ctrl Pts',(33.0475444833264,18.00000000001,86.2365278685412));
#3183=CARTESIAN_POINT('Ctrl Pts',(33.0475444833264,3.,86.2365278685412));
#3184=CARTESIAN_POINT('Ctrl Pts',(33.0475444833264,2.65987369597615,86.2365278685412));
#3185=CARTESIAN_POINT('Ctrl Pts',(33.0455832238222,2.32307594649761,86.1779774615769));
#3186=CARTESIAN_POINT('Ctrl Pts',(33.0372098540492,1.67441115015733,85.943963864888));
#3187=CARTESIAN_POINT('Ctrl Pts',(33.0308189013679,1.36902359485968,85.769722607942));
#3188=CARTESIAN_POINT('Ctrl Pts',(33.012318031868,0.819365513745842,85.3096452852917));
#3189=CARTESIAN_POINT('Ctrl Pts',(33.0002513709736,0.581351293668044,85.0262438561167));
#3190=CARTESIAN_POINT('Ctrl Pts',(32.9767644780958,0.299388096304452,84.5253984900042));
#3191=CARTESIAN_POINT('Ctrl Pts',(32.9677619408484,0.21768568135039,84.3408097547595));
#3192=CARTESIAN_POINT('Ctrl Pts',(32.947999136849,0.0905822701999738,83.9532646090488));
#3193=CARTESIAN_POINT('Ctrl Pts',(32.9372813945735,0.0455655775775796,83.7512028007121));
#3194=CARTESIAN_POINT('Ctrl Pts',(32.9258097402516,0.0211754154918331,83.543685250169));
#3195=CARTESIAN_POINT('Ctrl Pts',(32.3610325801432,3.,85.7238603476061));
#3196=CARTESIAN_POINT('Ctrl Pts',(32.3610385756783,2.73161058685608,85.7239012494681));
#3197=CARTESIAN_POINT('Ctrl Pts',(32.35926854366,2.46590011106884,85.6767479785558));
#3198=CARTESIAN_POINT('Ctrl Pts',(32.351878037814,1.95517763194648,85.4887379919873));
#3199=CARTESIAN_POINT('Ctrl Pts',(32.3462740201209,1.71536609844521,85.3488056570739));
#3200=CARTESIAN_POINT('Ctrl Pts',(32.3304546632672,1.2861043870856,84.9804566832178));
#3201=CARTESIAN_POINT('Ctrl Pts',(32.3202931974302,1.10161417474577,84.7540507904287));
#3202=CARTESIAN_POINT('Ctrl Pts',(32.3010093121384,0.886006529279021,84.3560231742624));
#3203=CARTESIAN_POINT('Ctrl Pts',(32.2936920609949,0.824167603980192,84.2096854607573));
#3204=CARTESIAN_POINT('Ctrl Pts',(32.2778091987636,0.729564560460096,83.903424140632));
#3205=CARTESIAN_POINT('Ctrl Pts',(32.269278819929,0.697035346177222,83.7442155068617));
#3206=CARTESIAN_POINT('Ctrl Pts',(32.2602429314688,0.680783610327889,83.5813076566116));
#3207=CARTESIAN_POINT('Ctrl Pts',(31.67452067696,3.,85.211192826671));
#3208=CARTESIAN_POINT('Ctrl Pts',(31.6745146814249,2.80341406755138,85.2111519248091));
#3209=CARTESIAN_POINT('Ctrl Pts',(31.6729532405988,2.60869683038393,85.1755147518631));
#3210=CARTESIAN_POINT('Ctrl Pts',(31.6665423216263,2.23599649188543,85.0334850334715));
#3211=CARTESIAN_POINT('Ctrl Pts',(31.6617236333154,2.06172180055089,84.927851561879));
#3212=CARTESIAN_POINT('Ctrl Pts',(31.6485937614431,1.7528587773948,84.6512843958842));
#3213=CARTESIAN_POINT('Ctrl Pts',(31.6403320375118,1.62197146787475,84.4818373967254));
#3214=CARTESIAN_POINT('Ctrl Pts',(31.6252552900831,1.47258705131235,84.1866555475353));
#3215=CARTESIAN_POINT('Ctrl Pts',(31.6196218465159,1.43067947541605,84.0785588457379));
#3216=CARTESIAN_POINT('Ctrl Pts',(31.607619619242,1.36852804925672,83.853586081691));
#3217=CARTESIAN_POINT('Ctrl Pts',(31.6012779027514,1.34853023140036,83.7372394822403));
#3218=CARTESIAN_POINT('Ctrl Pts',(31.594676122686,1.34039180516394,83.6189300630542));
#3219=CARTESIAN_POINT('Ctrl Pts',(30.9880087737768,3.,84.698525305736));
#3220=CARTESIAN_POINT('Ctrl Pts',(30.9880087737768,2.8751509584313,84.698525305736));
#3221=CARTESIAN_POINT('Ctrl Pts',(30.9866385604366,2.75152099495516,84.674285268842));
#3222=CARTESIAN_POINT('Ctrl Pts',(30.9812105053911,2.51676297367459,84.5782591605708));
#3223=CARTESIAN_POINT('Ctrl Pts',(30.9771787520683,2.40806430413642,84.5069346110109));
#3224=CARTESIAN_POINT('Ctrl Pts',(30.9667303928423,2.21959765073456,84.3220957938103));
#3225=CARTESIAN_POINT('Ctrl Pts',(30.9603738639684,2.14223434895248,84.2096443310373));
#3226=CARTESIAN_POINT('Ctrl Pts',(30.9495001241256,2.05920548428692,84.0172802317935));
#3227=CARTESIAN_POINT('Ctrl Pts',(30.9455519666624,2.03716139804585,83.9474345517357));
#3228=CARTESIAN_POINT('Ctrl Pts',(30.9374296811566,2.00751033951685,83.8037456132741));
#3229=CARTESIAN_POINT('Ctrl Pts',(30.9332753281069,2.,83.7302521883898));
#3230=CARTESIAN_POINT('Ctrl Pts',(30.9291093139032,2.,83.6565524694967));
#3231=CARTESIAN_POINT('',(30.9291093139032,2.,83.6565524694967));
#3232=CARTESIAN_POINT('',(32.9258097402516,0.0211754154918312,83.543685250169));
#3233=CARTESIAN_POINT('',(30.9291093139032,2.,83.6565524694967));
#3234=CARTESIAN_POINT('Ctrl Pts',(32.9258097402516,0.0211754154918331,83.543685250169));
#3235=CARTESIAN_POINT('Ctrl Pts',(32.9372813945735,0.0455655775775796,83.7512028007121));
#3236=CARTESIAN_POINT('Ctrl Pts',(32.947999136849,0.0905822701999738,83.9532646090488));
#3237=CARTESIAN_POINT('Ctrl Pts',(32.9677619408484,0.21768568135039,84.3408097547595));
#3238=CARTESIAN_POINT('Ctrl Pts',(32.9767644780958,0.299388096304452,84.5253984900042));
#3239=CARTESIAN_POINT('Ctrl Pts',(33.0002513709736,0.581351293668044,85.0262438561167));
#3240=CARTESIAN_POINT('Ctrl Pts',(33.012318031868,0.819365513745842,85.3096452852917));
#3241=CARTESIAN_POINT('Ctrl Pts',(33.0308189013679,1.36902359485968,85.769722607942));
#3242=CARTESIAN_POINT('Ctrl Pts',(33.0372098540492,1.67441115015733,85.943963864888));
#3243=CARTESIAN_POINT('Ctrl Pts',(33.0455832238222,2.32307594649761,86.1779774615769));
#3244=CARTESIAN_POINT('Ctrl Pts',(33.0475444833264,2.65987369597615,86.2365278685412));
#3245=CARTESIAN_POINT('Ctrl Pts',(33.0475444833264,3.,86.2365278685412));
#3246=CARTESIAN_POINT('Ctrl Pts',(30.9880087737768,3.,84.698525305736));
#3247=CARTESIAN_POINT('Ctrl Pts',(30.9880087737768,2.8751509584313,84.698525305736));
#3248=CARTESIAN_POINT('Ctrl Pts',(30.9866385604366,2.75152099495516,84.674285268842));
#3249=CARTESIAN_POINT('Ctrl Pts',(30.9812105053911,2.51676297367459,84.5782591605708));
#3250=CARTESIAN_POINT('Ctrl Pts',(30.9771787520683,2.40806430413642,84.5069346110109));
#3251=CARTESIAN_POINT('Ctrl Pts',(30.9667303928423,2.21959765073456,84.3220957938103));
#3252=CARTESIAN_POINT('Ctrl Pts',(30.9603738639684,2.14223434895248,84.2096443310373));
#3253=CARTESIAN_POINT('Ctrl Pts',(30.9495001241256,2.05920548428692,84.0172802317935));
#3254=CARTESIAN_POINT('Ctrl Pts',(30.9455519666624,2.03716139804585,83.9474345517357));
#3255=CARTESIAN_POINT('Ctrl Pts',(30.9374296811566,2.00751033951685,83.8037456132741));
#3256=CARTESIAN_POINT('Ctrl Pts',(30.9332753281069,2.,83.7302521883898));
#3257=CARTESIAN_POINT('Ctrl Pts',(30.9291093139032,2.,83.6565524694967));
#3258=CARTESIAN_POINT('Origin',(29.645065086028,1.,43.2219640944335));
#3259=CARTESIAN_POINT('',(32.9054849137028,0.,83.1821384440572));
#3260=CARTESIAN_POINT('',(30.9086725633294,2.,83.2950119900993));
#3261=CARTESIAN_POINT('',(32.9054849137028,0.,83.1821384440572));
#3262=CARTESIAN_POINT('',(30.5245784715153,2.,76.5001175871755));
#3263=CARTESIAN_POINT('',(28.6466589108413,2.,43.2784008674546));
#3264=CARTESIAN_POINT('',(32.5213908218887,0.,76.3872440411334));
#3265=CARTESIAN_POINT('',(30.5245784715153,2.,76.5001175871755));
#3266=CARTESIAN_POINT('',(30.6434712612147,0.,43.1655273214125));
#3267=CARTESIAN_POINT('Ctrl Pts',(32.9258097402516,0.0211754154918298,83.543685250169));
#3268=CARTESIAN_POINT('Ctrl Pts',(32.9191472375598,0.00701010715949004,
83.4231632922796));
#3269=CARTESIAN_POINT('Ctrl Pts',(32.9122971638941,3.80531277090337E-16,
83.3026519371896));
#3270=CARTESIAN_POINT('Ctrl Pts',(32.9054849137028,1.11672823766007E-16,
83.1821384440572));
#3271=CARTESIAN_POINT('Ctrl Pts',(32.2602429314688,0.680783610327886,83.5813076566116));
#3272=CARTESIAN_POINT('Ctrl Pts',(32.2535305129438,0.67134007143966,83.4607885203078));
#3273=CARTESIAN_POINT('Ctrl Pts',(32.2466930471029,0.666666666666667,83.340276452537));
#3274=CARTESIAN_POINT('Ctrl Pts',(32.2398807969117,0.666666666666667,83.2197629594045));
#3275=CARTESIAN_POINT('Ctrl Pts',(31.594676122686,1.34039180516394,83.6189300630541));
#3276=CARTESIAN_POINT('Ctrl Pts',(31.5879137883279,1.33567003571983,83.498413748336));
#3277=CARTESIAN_POINT('Ctrl Pts',(31.5810889303118,1.33333333333333,83.3779009678844));
#3278=CARTESIAN_POINT('Ctrl Pts',(31.5742766801205,1.33333333333333,83.2573874747519));
#3279=CARTESIAN_POINT('Ctrl Pts',(30.9291093139032,2.,83.6565524694967));
#3280=CARTESIAN_POINT('Ctrl Pts',(30.9222970637119,2.,83.5360389763642));
#3281=CARTESIAN_POINT('Ctrl Pts',(30.9154848135206,2.,83.4155254832318));
#3282=CARTESIAN_POINT('Ctrl Pts',(30.9086725633294,2.,83.2950119900993));
#3283=CARTESIAN_POINT('Ctrl Pts',(32.9054849137028,1.11672823766007E-16,
83.1821384440572));
#3284=CARTESIAN_POINT('Ctrl Pts',(32.9122971638941,3.80531277090337E-16,
83.3026519371896));
#3285=CARTESIAN_POINT('Ctrl Pts',(32.9191472375598,0.00701010715949004,
83.4231632922796));
#3286=CARTESIAN_POINT('Ctrl Pts',(32.9258097402516,0.0211754154918298,83.543685250169));
#3287=CARTESIAN_POINT('Ctrl Pts',(30.9291093139032,2.,83.6565524694967));
#3288=CARTESIAN_POINT('Ctrl Pts',(30.9222970637119,2.,83.5360389763642));
#3289=CARTESIAN_POINT('Ctrl Pts',(30.9154848135206,2.,83.4155254832318));
#3290=CARTESIAN_POINT('Ctrl Pts',(30.9086725633294,2.,83.2950119900993));
#3291=CARTESIAN_POINT('Ctrl Pts',(32.4964804212482,-5.63785129692462E-17,
75.9506526362165));
#3292=CARTESIAN_POINT('Ctrl Pts',(32.4808978511608,1.09131471271946E-16,
75.6849017607141));
#3293=CARTESIAN_POINT('Ctrl Pts',(32.4640317998552,0.0337519151885771,75.4148769401039));
#3294=CARTESIAN_POINT('Ctrl Pts',(32.4193362550932,0.213062125935929,74.7385723805839));
#3295=CARTESIAN_POINT('Ctrl Pts',(32.3908679441393,0.407941361403006,74.343826520372));
#3296=CARTESIAN_POINT('Ctrl Pts',(32.3389563170141,0.960075230596363,73.6625280848642));
#3297=CARTESIAN_POINT('Ctrl Pts',(32.3160787016641,1.30873171053194,73.3811418942689));
#3298=CARTESIAN_POINT('Ctrl Pts',(32.283886713921,2.10982921618956,72.9932928908921));
#3299=CARTESIAN_POINT('Ctrl Pts',(32.2749952573913,2.5521492836191,72.8903429160763));
#3300=CARTESIAN_POINT('Ctrl Pts',(32.2749952573913,3.,72.8903429160763));
#3301=CARTESIAN_POINT('Ctrl Pts',(31.8362369926256,0.670289365263099,76.0817477964487));
#3302=CARTESIAN_POINT('Ctrl Pts',(31.8240872599867,0.674658055990057,75.8734918280452));
#3303=CARTESIAN_POINT('Ctrl Pts',(31.8111370076558,0.705332888761998,75.6631828517921));
#3304=CARTESIAN_POINT('Ctrl Pts',(31.7772120614419,0.854966818877143,75.139392427655));
#3305=CARTESIAN_POINT('Ctrl Pts',(31.7560059286337,1.01115533991525,74.8368030718789));
#3306=CARTESIAN_POINT('Ctrl Pts',(31.7177850073993,1.44309973249831,74.3185789246242));
#3307=CARTESIAN_POINT('Ctrl Pts',(31.701147177445,1.71206873860743,74.1065405506293));
#3308=CARTESIAN_POINT('Ctrl Pts',(31.6778471456283,2.3243331440184,73.8153776707551));
#3309=CARTESIAN_POINT('Ctrl Pts',(31.6714724841567,2.66022616404158,73.738680321037));
#3310=CARTESIAN_POINT('Ctrl Pts',(31.6714541976968,3.,73.738570004658));
#3311=CARTESIAN_POINT('Ctrl Pts',(31.175993564003,1.3405787305262,76.212842956681));
#3312=CARTESIAN_POINT('Ctrl Pts',(31.1672949572943,1.34924247229215,76.0621928908983));
#3313=CARTESIAN_POINT('Ctrl Pts',(31.1582325733983,1.37700112960183,75.9114303425648));
#3314=CARTESIAN_POINT('Ctrl Pts',(31.1351053367352,1.49669911118134,75.5403185954096));
#3315=CARTESIAN_POINT('Ctrl Pts',(31.121155330287,1.61439880208092,75.3298497084907));
#3316=CARTESIAN_POINT('Ctrl Pts',(31.0965977396624,1.92602225205711,74.9745325926867));
#3317=CARTESIAN_POINT('Ctrl Pts',(31.0862187258075,2.1152578874179,74.8319589158378));
#3318=CARTESIAN_POINT('Ctrl Pts',(31.0717927294465,2.53890170478986,74.6373717280498));
#3319=CARTESIAN_POINT('Ctrl Pts',(31.0678948515423,2.76799909680307,74.5866867768607));
#3320=CARTESIAN_POINT('Ctrl Pts',(31.0679131380022,3.,74.5867970932397));
#3321=CARTESIAN_POINT('Ctrl Pts',(30.5157501353804,2.0108680957893,76.3439381169133));
#3322=CARTESIAN_POINT('Ctrl Pts',(30.5104843661203,2.02390052828221,76.2507829582294));
#3323=CARTESIAN_POINT('Ctrl Pts',(30.5053377811989,2.04858210317525,76.159736254253));
#3324=CARTESIAN_POINT('Ctrl Pts',(30.4929811430839,2.13860380412255,75.9411386424806));
#3325=CARTESIAN_POINT('Ctrl Pts',(30.4862933147815,2.21761278059316,75.8228262599976));
#3326=CARTESIAN_POINT('Ctrl Pts',(30.4754264300475,2.40904675395906,75.6305834324467));
#3327=CARTESIAN_POINT('Ctrl Pts',(30.4712872015884,2.51859491549339,75.5573575721982));
#3328=CARTESIAN_POINT('Ctrl Pts',(30.4657531611538,2.7534056326187,75.4594565079127));
#3329=CARTESIAN_POINT('Ctrl Pts',(30.4643720783077,2.87607597722555,75.4350241818214));
#3330=CARTESIAN_POINT('Ctrl Pts',(30.4643720783077,3.,75.4350241818214));
#3331=CARTESIAN_POINT('',(30.5157501353804,2.0108680957893,76.3439381169133));
#3332=CARTESIAN_POINT('',(32.4964804212482,-2.81892564846231E-17,75.9506526362165));
#3333=CARTESIAN_POINT('',(30.4643720783077,3.,75.4350241818214));
#3334=CARTESIAN_POINT('Ctrl Pts',(30.5157501353804,2.0108680957893,76.3439381169133));
#3335=CARTESIAN_POINT('Ctrl Pts',(30.5104843661203,2.02390052828221,76.2507829582294));
#3336=CARTESIAN_POINT('Ctrl Pts',(30.5053377811989,2.04858210317525,76.159736254253));
#3337=CARTESIAN_POINT('Ctrl Pts',(30.4929811430839,2.13860380412255,75.9411386424806));
#3338=CARTESIAN_POINT('Ctrl Pts',(30.4862933147815,2.21761278059316,75.8228262599976));
#3339=CARTESIAN_POINT('Ctrl Pts',(30.4754264300475,2.40904675395906,75.6305834324467));
#3340=CARTESIAN_POINT('Ctrl Pts',(30.4712872015884,2.51859491549339,75.5573575721982));
#3341=CARTESIAN_POINT('Ctrl Pts',(30.4657531611538,2.7534056326187,75.4594565079127));
#3342=CARTESIAN_POINT('Ctrl Pts',(30.4643720783077,2.87607597722555,75.4350241818214));
#3343=CARTESIAN_POINT('Ctrl Pts',(30.4643720783077,3.,75.4350241818214));
#3344=CARTESIAN_POINT('',(30.4643720783077,3.,75.4350241818214));
#3345=CARTESIAN_POINT('Ctrl Pts',(32.2749952573913,3.,72.8903429160763));
#3346=CARTESIAN_POINT('Ctrl Pts',(32.2749952573913,8.,72.8903429160763));
#3347=CARTESIAN_POINT('Ctrl Pts',(32.2749952573913,13.,72.8903429160763));
#3348=CARTESIAN_POINT('Ctrl Pts',(32.2749952573913,18.,72.8903429160763));
#3349=CARTESIAN_POINT('Ctrl Pts',(31.6714541976968,3.,73.738570004658));
#3350=CARTESIAN_POINT('Ctrl Pts',(31.6714541976968,7.99999999999999,73.738570004658));
#3351=CARTESIAN_POINT('Ctrl Pts',(31.6714541976968,13.,73.738570004658));
#3352=CARTESIAN_POINT('Ctrl Pts',(31.6714541976968,18.,73.738570004658));
#3353=CARTESIAN_POINT('Ctrl Pts',(31.0679131380022,3.,74.5867970932397));
#3354=CARTESIAN_POINT('Ctrl Pts',(31.0679131380022,8.00000000000001,74.5867970932397));
#3355=CARTESIAN_POINT('Ctrl Pts',(31.0679131380022,13.,74.5867970932397));
#3356=CARTESIAN_POINT('Ctrl Pts',(31.0679131380022,18.,74.5867970932397));
#3357=CARTESIAN_POINT('Ctrl Pts',(30.4643720783077,3.,75.4350241818214));
#3358=CARTESIAN_POINT('Ctrl Pts',(30.4643720783077,8.,75.4350241818214));
#3359=CARTESIAN_POINT('Ctrl Pts',(30.4643720783077,13.,75.4350241818214));
#3360=CARTESIAN_POINT('Ctrl Pts',(30.4643720783077,18.,75.4350241818214));
#3361=CARTESIAN_POINT('',(30.4643720783077,15.1875043010741,75.4350241818214));
#3362=CARTESIAN_POINT('Ctrl Pts',(32.2749952573913,18.,72.8903429160763));
#3363=CARTESIAN_POINT('Ctrl Pts',(32.2749952573913,17.9053211114778,72.8903429160763));
#3364=CARTESIAN_POINT('Ctrl Pts',(32.2708344107783,17.8113628493146,72.8964109330465));
#3365=CARTESIAN_POINT('Ctrl Pts',(32.2626753431283,17.7184173141586,72.9081539147948));
#3366=CARTESIAN_POINT('Ctrl Pts',(32.2545162754784,17.6254717790026,72.9198968965432));
#3367=CARTESIAN_POINT('Ctrl Pts',(32.2423589698654,17.5335382527864,72.9373151435245));
#3368=CARTESIAN_POINT('Ctrl Pts',(32.2263736082942,17.4428801071073,72.9600667125071));
#3369=CARTESIAN_POINT('Ctrl Pts',(32.2123418909438,17.3633017084564,72.9800377080847));
#3370=CARTESIAN_POINT('Ctrl Pts',(32.1955040103828,17.2854832391781,73.0039216994868));
#3371=CARTESIAN_POINT('Ctrl Pts',(32.1761469398441,17.2095715130159,73.0312721445141));
#3372=CARTESIAN_POINT('Ctrl Pts',(32.1561897459181,17.1313063107867,73.0594705299195));
#3373=CARTESIAN_POINT('Ctrl Pts',(32.1335546563095,17.05506770309,73.0913536329572));
#3374=CARTESIAN_POINT('Ctrl Pts',(32.1085657541739,16.9809762273612,73.1264688409708));
#3375=CARTESIAN_POINT('Ctrl Pts',(32.0998983894285,16.9552777056264,73.1386485003376));
#3376=CARTESIAN_POINT('Ctrl Pts',(32.0909479397848,16.9298371600433,73.151217311266));
#3377=CARTESIAN_POINT('Ctrl Pts',(32.0817282113518,16.9046586082524,73.1641573761231));
#3378=CARTESIAN_POINT('Ctrl Pts',(32.0481236590008,16.8128864950145,73.2113220068463));
#3379=CARTESIAN_POINT('Ctrl Pts',(32.0104131975595,16.7231714308941,73.2641480558785));
#3380=CARTESIAN_POINT('Ctrl Pts',(31.9688061530878,16.6358269882468,73.3223845681175));
#3381=CARTESIAN_POINT('Ctrl Pts',(31.9259164904807,16.5457899831356,73.3824163342057));
#3382=CARTESIAN_POINT('Ctrl Pts',(31.8788862807177,16.4582709314636,73.4481973186519));
#3383=CARTESIAN_POINT('Ctrl Pts',(31.8279552351009,16.3736316218902,73.5195065921125));
#3384=CARTESIAN_POINT('Ctrl Pts',(31.7796547283531,16.2933638501674,73.5871328110964));
#3385=CARTESIAN_POINT('Ctrl Pts',(31.7278460371038,16.2156854225717,73.6597316261565));
#3386=CARTESIAN_POINT('Ctrl Pts',(31.6727419750328,16.1409329347069,73.7371564053208));
#3387=CARTESIAN_POINT('Ctrl Pts',(31.6697409014027,16.1368617698657,73.7413731083067));
#3388=CARTESIAN_POINT('Ctrl Pts',(31.6667300553014,16.1327992921984,73.7456041351253));
#3389=CARTESIAN_POINT('Ctrl Pts',(31.66370947177,16.1287455591506,73.7498494653524));
#3390=CARTESIAN_POINT('Ctrl Pts',(31.633162654344,16.0877506182669,73.7927820067019));
#3391=CARTESIAN_POINT('Ctrl Pts',(31.6016199253757,16.0476497069553,73.8371771286473));
#3392=CARTESIAN_POINT('Ctrl Pts',(31.5691067850521,16.0084642522296,73.8829765467311));
#3393=CARTESIAN_POINT('Ctrl Pts',(31.5080418981034,15.9348676897618,73.9689951921084));
#3394=CARTESIAN_POINT('Ctrl Pts',(31.4438429406966,15.8648384316195,74.0595656857506));
#3395=CARTESIAN_POINT('Ctrl Pts',(31.3767734406548,15.798471816587,74.1541825391189));
#3396=CARTESIAN_POINT('Ctrl Pts',(31.307935069655,15.7303548682758,74.2512947891124));
#3397=CARTESIAN_POINT('Ctrl Pts',(31.2360727953241,15.6660958053272,74.3526701527195));
#3398=CARTESIAN_POINT('Ctrl Pts',(31.1614869415586,15.6058308906641,74.4578032193871));
#3399=CARTESIAN_POINT('Ctrl Pts',(31.0865233383126,15.545260756726,74.5634687457548));
#3400=CARTESIAN_POINT('Ctrl Pts',(31.0088086135466,15.4887249061514,74.6729308118259));
#3401=CARTESIAN_POINT('Ctrl Pts',(30.9286616847399,15.4364016316662,74.785708102118));
#3402=CARTESIAN_POINT('Ctrl Pts',(30.8492906297686,15.3845848801416,74.8973936356821));
#3403=CARTESIAN_POINT('Ctrl Pts',(30.7675343807705,15.3368992108715,75.0123312347994));
#3404=CARTESIAN_POINT('Ctrl Pts',(30.6837143709269,15.2935623279678,75.1300740379023));
#3405=CARTESIAN_POINT('Ctrl Pts',(30.6122674204175,15.2566226027897,75.2304362812594));
#3406=CARTESIAN_POINT('Ctrl Pts',(30.5393212594157,15.2228431243921,75.3328372492838));
#3407=CARTESIAN_POINT('Ctrl Pts',(30.4650805675415,15.1923874896377,75.4370063634205));
#3408=CARTESIAN_POINT('Ctrl Pts',(30.4643720783077,3.,75.4350241818214));
#3409=CARTESIAN_POINT('Ctrl Pts',(30.4643720783077,7.06250143369138,75.4350241818214));
#3410=CARTESIAN_POINT('Ctrl Pts',(30.4643720783077,11.1250028673828,75.4350241818214));
#3411=CARTESIAN_POINT('Ctrl Pts',(30.4643720783077,15.1875043010741,75.4350241818214));
#3412=CARTESIAN_POINT('Ctrl Pts',(32.5213908218887,0.,76.3872440411334));
#3413=CARTESIAN_POINT('Ctrl Pts',(32.5131984984944,0.,76.2423160832051));
#3414=CARTESIAN_POINT('Ctrl Pts',(32.5051100367435,0.,76.097825269502));
#3415=CARTESIAN_POINT('Ctrl Pts',(32.4964804212482,0.,75.9506526362165));
#3416=CARTESIAN_POINT('Ctrl Pts',(31.8557867050976,0.666666666666666,76.4248685564807));
#3417=CARTESIAN_POINT('Ctrl Pts',(31.8493385314725,0.666666666666666,76.3107958336556));
#3418=CARTESIAN_POINT('Ctrl Pts',(31.8429621292965,0.66788358151987,76.1970593040465));
#3419=CARTESIAN_POINT('Ctrl Pts',(31.8362369926256,0.670289365263099,76.0817477964487));
#3420=CARTESIAN_POINT('Ctrl Pts',(31.1901825883065,1.33333333333333,76.4624930718281));
#3421=CARTESIAN_POINT('Ctrl Pts',(31.1854785644506,1.33333333333333,76.3792755841062));
#3422=CARTESIAN_POINT('Ctrl Pts',(31.1808142218496,1.33576716303974,76.2962933385911));
#3423=CARTESIAN_POINT('Ctrl Pts',(31.175993564003,1.3405787305262,76.212842956681));
#3424=CARTESIAN_POINT('Ctrl Pts',(30.5245784715153,2.,76.5001175871755));
#3425=CARTESIAN_POINT('Ctrl Pts',(30.5216185974286,2.,76.4477553345567));
#3426=CARTESIAN_POINT('Ctrl Pts',(30.5186663144026,2.00365074455961,76.3955273731357));
#3427=CARTESIAN_POINT('Ctrl Pts',(30.5157501353804,2.0108680957893,76.3439381169133));
#3428=CARTESIAN_POINT('Ctrl Pts',(32.4964804212482,0.,75.9506526362165));
#3429=CARTESIAN_POINT('Ctrl Pts',(32.5051100367435,0.,76.097825269502));
#3430=CARTESIAN_POINT('Ctrl Pts',(32.5131984984944,0.,76.2423160832051));
#3431=CARTESIAN_POINT('Ctrl Pts',(32.5213908218887,0.,76.3872440411334));
#3432=CARTESIAN_POINT('Ctrl Pts',(30.5245784715153,2.,76.5001175871755));
#3433=CARTESIAN_POINT('Ctrl Pts',(30.5216185974286,2.,76.4477553345567));
#3434=CARTESIAN_POINT('Ctrl Pts',(30.5186663144026,2.00365074455961,76.3955273731357));
#3435=CARTESIAN_POINT('Ctrl Pts',(30.5157501353804,2.0108680957893,76.3439381169133));
#3436=CARTESIAN_POINT('Ctrl Pts',(32.3378139181007,0.,83.3216895325808));
#3437=CARTESIAN_POINT('Ctrl Pts',(43.7023920375202,0.,80.5545417450899));
#3438=CARTESIAN_POINT('Ctrl Pts',(65.7241117116343,0.,72.0257200104418));
#3439=CARTESIAN_POINT('Ctrl Pts',(87.315039789318,0.,54.6610777298827));
#3440=CARTESIAN_POINT('Ctrl Pts',(101.189459288645,0.,35.7310683672772));
#3441=CARTESIAN_POINT('Ctrl Pts',(107.557480888834,0.,21.3073911729486));
#3442=CARTESIAN_POINT('Ctrl Pts',(110.876159801387,0.,2.00840238638221));
#3443=CARTESIAN_POINT('Ctrl Pts',(109.341519538041,0.,-15.7186676258133));
#3444=CARTESIAN_POINT('Ctrl Pts',(102.140363876263,0.,-33.9812750017974));
#3445=CARTESIAN_POINT('Ctrl Pts',(88.8637191076998,0.,-53.4243205317929));
#3446=CARTESIAN_POINT('Ctrl Pts',(65.7204749762986,0.,-72.0237327627151));
#3447=CARTESIAN_POINT('Ctrl Pts',(43.7023920375202,0.,-80.5545417450899));
#3448=CARTESIAN_POINT('Ctrl Pts',(32.3378139181007,0.,-83.3216895325808));
#3449=CARTESIAN_POINT('Ctrl Pts',(32.5501648066475,0.,84.1938071233098));
#3450=CARTESIAN_POINT('Ctrl Pts',(43.9921310328161,0.,81.4078161965384));
#3451=CARTESIAN_POINT('Ctrl Pts',(66.1705520634659,0.,72.8201877978241));
#3452=CARTESIAN_POINT('Ctrl Pts',(87.9542729430514,0.,55.3072775856493));
#3453=CARTESIAN_POINT('Ctrl Pts',(101.976205235765,0.,36.178113402858));
#3454=CARTESIAN_POINT('Ctrl Pts',(108.421583826421,0.,21.5831781063618));
#3455=CARTESIAN_POINT('Ctrl Pts',(111.783845380558,0.,2.03535275782127));
#3456=CARTESIAN_POINT('Ctrl Pts',(110.228222487396,0.,-15.9251095850595));
#3457=CARTESIAN_POINT('Ctrl Pts',(102.938295839024,0.,-34.4086232234949));
#3458=CARTESIAN_POINT('Ctrl Pts',(89.5169616171108,0.,-54.0599581499791));
#3459=CARTESIAN_POINT('Ctrl Pts',(66.1668038603501,0.,-72.8181728287056));
#3460=CARTESIAN_POINT('Ctrl Pts',(43.9921310328161,0.,-81.4078161965384));
#3461=CARTESIAN_POINT('Ctrl Pts',(32.5501648066475,0.,-84.1938071233098));
#3462=CARTESIAN_POINT('Ctrl Pts',(32.9177976224484,0.753348042849336,85.7036620986454));
#3463=CARTESIAN_POINT('Ctrl Pts',(44.4928129216631,0.753348042849336,82.88527520924));
#3464=CARTESIAN_POINT('Ctrl Pts',(66.9440277902657,0.753348042849335,74.1956290669465));
#3465=CARTESIAN_POINT('Ctrl Pts',(89.0610285936508,0.753348042849337,56.4255811772213));
#3466=CARTESIAN_POINT('Ctrl Pts',(103.338166814829,0.753348042849335,36.9523031172763));
#3467=CARTESIAN_POINT('Ctrl Pts',(109.917451219424,0.753348042849337,22.0603816040682));
#3468=CARTESIAN_POINT('Ctrl Pts',(113.355276550366,0.753348042849335,2.08206275276024));
#3469=CARTESIAN_POINT('Ctrl Pts',(111.763119351631,0.753348042849336,-16.282539877182));
#3470=CARTESIAN_POINT('Ctrl Pts',(104.319871469118,0.753348042849336,-35.1482922584406));
#3471=CARTESIAN_POINT('Ctrl Pts',(90.6475900851589,0.753348042849336,-55.1603441212592));
#3472=CARTESIAN_POINT('Ctrl Pts',(66.9401748469518,0.753348042849336,-74.193393723108));
#3473=CARTESIAN_POINT('Ctrl Pts',(44.4928129216631,0.753348042849336,-82.88527520924));
#3474=CARTESIAN_POINT('Ctrl Pts',(32.9177976224484,0.753348042849336,-85.7036620986454));
#3475=CARTESIAN_POINT('Ctrl Pts',(33.0475444833264,2.32680157423076,86.2365278685412));
#3476=CARTESIAN_POINT('Ctrl Pts',(44.6699176488458,2.32680157423076,83.406609867854));
#3477=CARTESIAN_POINT('Ctrl Pts',(67.2167582961436,2.32680157423076,74.6810492393609));
#3478=CARTESIAN_POINT('Ctrl Pts',(89.4515949494622,2.32680157423076,56.8204448295423));
#3479=CARTESIAN_POINT('Ctrl Pts',(103.818877732466,2.32680157423076,37.2254294386396));
#3480=CARTESIAN_POINT('Ctrl Pts',(110.445428901189,2.32680157423076,22.2289080630587));
#3481=CARTESIAN_POINT('Ctrl Pts',(113.909874514196,2.32680157423076,2.09852536283681));
#3482=CARTESIAN_POINT('Ctrl Pts',(112.304913356524,2.32680157423076,-16.4086742064303));
#3483=CARTESIAN_POINT('Ctrl Pts',(104.807397414344,2.32680157423076,-35.4094170757867));
#3484=CARTESIAN_POINT('Ctrl Pts',(91.0467463429136,2.32680157423076,-55.5487250683905));
#3485=CARTESIAN_POINT('Ctrl Pts',(67.2128302602145,2.32680157423076,-74.6788106046045));
#3486=CARTESIAN_POINT('Ctrl Pts',(44.6699176488458,2.32680157423076,-83.406609867854));
#3487=CARTESIAN_POINT('Ctrl Pts',(33.0475444833264,2.32680157423076,-86.2365278685412));
#3488=CARTESIAN_POINT('Ctrl Pts',(33.0475444833264,3.,86.2365278685412));
#3489=CARTESIAN_POINT('Ctrl Pts',(44.669738152473,3.,83.4066535732151));
#3490=CARTESIAN_POINT('Ctrl Pts',(67.216869398887,3.,74.6810526469247));
#3491=CARTESIAN_POINT('Ctrl Pts',(89.4516108338384,3.,56.8203615838626));
#3492=CARTESIAN_POINT('Ctrl Pts',(103.818859651374,3.,37.2254762402137));
#3493=CARTESIAN_POINT('Ctrl Pts',(110.445407227183,3.,22.2288591768713));
#3494=CARTESIAN_POINT('Ctrl Pts',(113.909874332139,3.,2.0985354311374));
#3495=CARTESIAN_POINT('Ctrl Pts',(112.304872976761,3.,-16.408679483786));
#3496=CARTESIAN_POINT('Ctrl Pts',(104.807427286656,3.,-35.4093826415234));
#3497=CARTESIAN_POINT('Ctrl Pts',(91.0466886481443,3.,-55.5487129618059));
#3498=CARTESIAN_POINT('Ctrl Pts',(67.2129584080745,3.,-74.6787807129958));
#3499=CARTESIAN_POINT('Ctrl Pts',(44.669738152473,3.,-83.4066535732151));
#3500=CARTESIAN_POINT('Ctrl Pts',(33.0475444833264,3.,-86.2365278685412));
#3501=CARTESIAN_POINT('Ctrl Pts',(94.9618188887153,3.,49.000034173053));
#3502=CARTESIAN_POINT('Ctrl Pts',(94.659116525021,3.,49.3725876251839));
#3503=CARTESIAN_POINT('Ctrl Pts',(86.6533535324253,3.,59.068141677088));
#3504=CARTESIAN_POINT('Ctrl Pts',(67.216869398887,3.,74.6810526469247));
#3505=CARTESIAN_POINT('Ctrl Pts',(44.669738152473,3.,83.4066535732151));
#3506=CARTESIAN_POINT('Ctrl Pts',(33.0475444833264,3.,86.2365278685412));
#3507=CARTESIAN_POINT('',(32.9054849137028,0.,-83.1821384440572));
#3508=CARTESIAN_POINT('Ctrl Pts',(32.905487309713,0.,83.1821480998917));
#3509=CARTESIAN_POINT('Ctrl Pts',(44.0690097816151,0.,80.4120184756935));
#3510=CARTESIAN_POINT('Ctrl Pts',(65.8782624435918,0.,71.9017432963285));
#3511=CARTESIAN_POINT('Ctrl Pts',(87.315039789318,0.,54.6610777298827));
#3512=CARTESIAN_POINT('Ctrl Pts',(101.189459288645,0.,35.7310683672772));
#3513=CARTESIAN_POINT('Ctrl Pts',(107.557480888834,0.,21.3073911729486));
#3514=CARTESIAN_POINT('Ctrl Pts',(110.876159801387,0.,2.00840238638221));
#3515=CARTESIAN_POINT('Ctrl Pts',(109.341519538041,0.,-15.7186676258133));
#3516=CARTESIAN_POINT('Ctrl Pts',(102.140363876263,0.,-33.9812750017974));
#3517=CARTESIAN_POINT('Ctrl Pts',(88.8637191076998,0.,-53.4243205317929));
#3518=CARTESIAN_POINT('Ctrl Pts',(65.8746933871876,0.,-71.8997928439451));
#3519=CARTESIAN_POINT('Ctrl Pts',(44.0689507946347,0.,-80.4119855103504));
#3520=CARTESIAN_POINT('Ctrl Pts',(32.9054870326476,0.,-83.1821469831853));
#3521=CARTESIAN_POINT('',(32.9258097402516,0.0211754154918307,-83.543685250169));
#3522=CARTESIAN_POINT('Ctrl Pts',(32.9258097402516,0.0211754154918327,-83.543685250169));
#3523=CARTESIAN_POINT('Ctrl Pts',(32.9191472375605,0.0070101071590596,-83.4231632922796));
#3524=CARTESIAN_POINT('Ctrl Pts',(32.9122971638941,-1.27262276028923E-16,
-83.3026519371896));
#3525=CARTESIAN_POINT('Ctrl Pts',(32.9054849137028,-1.87566975839992E-16,
-83.1821384440572));
#3526=CARTESIAN_POINT('Ctrl Pts',(33.0475444833264,3.,-86.2365278685412));
#3527=CARTESIAN_POINT('Ctrl Pts',(33.0475444833264,2.65189150218323,-86.2365278685412));
#3528=CARTESIAN_POINT('Ctrl Pts',(33.0454923123207,2.30734197503444,-86.1752156892741));
#3529=CARTESIAN_POINT('Ctrl Pts',(33.0367660944896,1.64939506582817,-85.9318276839268));
#3530=CARTESIAN_POINT('Ctrl Pts',(33.0301718823794,1.34232780980177,-85.7526131893963));
#3531=CARTESIAN_POINT('Ctrl Pts',(33.0111029876228,0.791714632952541,-85.2806231251926));
#3532=CARTESIAN_POINT('Ctrl Pts',(32.9986662601583,0.554605243842969,-84.9903240093608));
#3533=CARTESIAN_POINT('Ctrl Pts',(32.9669539187892,0.190488591639849,-84.3186441930531));
#3534=CARTESIAN_POINT('Ctrl Pts',(32.9478433451368,0.0680215964700378,-83.9422641810806));
#3535=CARTESIAN_POINT('Ctrl Pts',(32.9258097402516,0.0211754154918307,-83.543685250169));
#3536=CARTESIAN_POINT('Origin',(23.7416377009364,0.,0.));
#3537=CARTESIAN_POINT('',(32.5213908218887,0.,-76.3872440411334));
#3538=CARTESIAN_POINT('Ctrl Pts',(32.5213908218887,0.,-76.3872440411334));
#3539=CARTESIAN_POINT('Ctrl Pts',(32.5132101522153,0.,-76.2425222457169));
#3540=CARTESIAN_POINT('Ctrl Pts',(32.5051222727108,0.,-76.0980339461837));
#3541=CARTESIAN_POINT('Ctrl Pts',(32.4964804212482,0.,-75.9506526362165));
#3542=CARTESIAN_POINT('',(30.268779367438,0.,-36.5369644090817));
#3543=CARTESIAN_POINT('Ctrl Pts',(32.2749952573913,18.,-72.8903429160763));
#3544=CARTESIAN_POINT('Ctrl Pts',(32.2749952573913,13.,-72.8903429160763));
#3545=CARTESIAN_POINT('Ctrl Pts',(32.2749952573913,8.,-72.8903429160763));
#3546=CARTESIAN_POINT('Ctrl Pts',(32.2749952573913,3.,-72.8903429160763));
#3547=CARTESIAN_POINT('Ctrl Pts',(31.6714541976968,18.,-73.738570004658));
#3548=CARTESIAN_POINT('Ctrl Pts',(31.6714541976968,13.,-73.738570004658));
#3549=CARTESIAN_POINT('Ctrl Pts',(31.6714541976968,7.99999999999999,-73.738570004658));
#3550=CARTESIAN_POINT('Ctrl Pts',(31.6714541976968,3.,-73.738570004658));
#3551=CARTESIAN_POINT('Ctrl Pts',(31.0679131380022,18.,-74.5867970932397));
#3552=CARTESIAN_POINT('Ctrl Pts',(31.0679131380022,13.,-74.5867970932397));
#3553=CARTESIAN_POINT('Ctrl Pts',(31.0679131380022,8.00000000000001,-74.5867970932397));
#3554=CARTESIAN_POINT('Ctrl Pts',(31.0679131380022,3.,-74.5867970932397));
#3555=CARTESIAN_POINT('Ctrl Pts',(30.4643720783077,18.,-75.4350241818214));
#3556=CARTESIAN_POINT('Ctrl Pts',(30.4643720783077,13.,-75.4350241818214));
#3557=CARTESIAN_POINT('Ctrl Pts',(30.4643720783077,8.,-75.4350241818214));
#3558=CARTESIAN_POINT('Ctrl Pts',(30.4643720783077,3.,-75.4350241818214));
#3559=CARTESIAN_POINT('',(30.4643720783077,15.1875043010741,-75.4350241818213));
#3560=CARTESIAN_POINT('Ctrl Pts',(30.4643720783077,15.1875043010741,-75.4350241818214));
#3561=CARTESIAN_POINT('Ctrl Pts',(30.771046624575,15.3121390282674,-75.0040184476728));
#3562=CARTESIAN_POINT('Ctrl Pts',(31.0745935236249,15.5030910550994,-74.577408363159));
#3563=CARTESIAN_POINT('Ctrl Pts',(31.5616977750496,15.9761392362758,-73.8928235873845));
#3564=CARTESIAN_POINT('Ctrl Pts',(31.7635083571357,16.2359634520223,-73.6091954900336));
#3565=CARTESIAN_POINT('Ctrl Pts',(32.0379897366422,16.7690088350603,-73.2234345916341));
#3566=CARTESIAN_POINT('Ctrl Pts',(32.1317675907974,17.0147472353477,-73.0916375665194));
#3567=CARTESIAN_POINT('Ctrl Pts',(32.246605422173,17.514193125611,-72.9302424836132));
#3568=CARTESIAN_POINT('Ctrl Pts',(32.2749952573913,17.7539401173733,-72.8903429160763));
#3569=CARTESIAN_POINT('Ctrl Pts',(32.2749952573913,18.,-72.8903429160763));
#3570=CARTESIAN_POINT('',(30.4643720783077,3.00000000000001,-75.4350241818214));
#3571=CARTESIAN_POINT('Ctrl Pts',(30.4643720783077,15.1875043010741,-75.4350241818214));
#3572=CARTESIAN_POINT('Ctrl Pts',(30.4643720783077,11.1250028673828,-75.4350241818214));
#3573=CARTESIAN_POINT('Ctrl Pts',(30.4643720783077,7.06250143369138,-75.4350241818214));
#3574=CARTESIAN_POINT('Ctrl Pts',(30.4643720783077,3.,-75.4350241818214));
#3575=CARTESIAN_POINT('',(30.4643720783077,3.00000000000001,-75.4350241818214));
#3576=CARTESIAN_POINT('Ctrl Pts',(32.2749952573913,3.,-72.8903429160763));
#3577=CARTESIAN_POINT('Ctrl Pts',(32.2749952573913,2.56038393821945,-72.8903429160763));
#3578=CARTESIAN_POINT('Ctrl Pts',(32.2835574563592,2.12598488759983,-72.9895142574444));
#3579=CARTESIAN_POINT('Ctrl Pts',(32.3146988503414,1.33547498888878,-73.3643289946607));
#3580=CARTESIAN_POINT('Ctrl Pts',(32.3369188712695,0.98920170320066,-73.6371086865307));
#3581=CARTESIAN_POINT('Ctrl Pts',(32.3876233897791,0.435593680185915,-74.3000156570169));
#3582=CARTESIAN_POINT('Ctrl Pts',(32.4155827668069,0.236657336694478,-74.6854011856931));
#3583=CARTESIAN_POINT('Ctrl Pts',(32.4567533858036,0.0592909764421809,-75.3032096276141));
#3584=CARTESIAN_POINT('Ctrl Pts',(32.4707382163385,0.0216229814659695,-75.5225982808701));
#3585=CARTESIAN_POINT('Ctrl Pts',(32.4882267921696,0.00231446409560754,
-75.8110820525675));
#3586=CARTESIAN_POINT('Ctrl Pts',(32.4923982003624,-2.54639613878499E-16,
-75.8810329413704));
#3587=CARTESIAN_POINT('Ctrl Pts',(32.4964804212482,-2.68882138776405E-16,
-75.9506526362165));
#3588=CARTESIAN_POINT('Ctrl Pts',(31.6714541976968,3.,-73.738570004658));
#3589=CARTESIAN_POINT('Ctrl Pts',(31.671471490339,2.66646775578348,-73.7386743363803));
#3590=CARTESIAN_POINT('Ctrl Pts',(31.6776104687842,2.33660229013808,-73.8125607677643));
#3591=CARTESIAN_POINT('Ctrl Pts',(31.7001464379726,1.73258470034802,-74.0938967471878));
#3592=CARTESIAN_POINT('Ctrl Pts',(31.7162992954511,1.46562511809389,-74.2993826580189));
#3593=CARTESIAN_POINT('Ctrl Pts',(31.7536031299133,1.03302055133721,-74.8033463659673));
#3594=CARTESIAN_POINT('Ctrl Pts',(31.7744036585665,0.873990701894266,-75.098526722075));
#3595=CARTESIAN_POINT('Ctrl Pts',(31.805597071842,0.726915622221452,-75.5765753782116));
#3596=CARTESIAN_POINT('Ctrl Pts',(31.8162878033845,0.694127985985234,-75.7470979264675));
#3597=CARTESIAN_POINT('Ctrl Pts',(31.8298182896764,0.674368701127053,-75.9724795336088));
#3598=CARTESIAN_POINT('Ctrl Pts',(31.8330548847376,0.671432294364027,-76.0271951019044));
#3599=CARTESIAN_POINT('Ctrl Pts',(31.8362369926256,0.670289365263099,-76.0817477964487));
#3600=CARTESIAN_POINT('Ctrl Pts',(31.0679131380022,3.,-74.5867970932397));
#3601=CARTESIAN_POINT('Ctrl Pts',(31.06789584536,2.77227075716495,-74.5866927615173));
#3602=CARTESIAN_POINT('Ctrl Pts',(31.0716501777428,2.54728141969715,-74.6355259757334));
#3603=CARTESIAN_POINT('Ctrl Pts',(31.0855957711137,2.12955543165595,-74.823476068413));
#3604=CARTESIAN_POINT('Ctrl Pts',(31.0956648103759,1.94195161623933,-74.9615658448592));
#3605=CARTESIAN_POINT('Ctrl Pts',(31.1195922428594,1.63047740471362,-75.3067346848111));
#3606=CARTESIAN_POINT('Ctrl Pts',(31.1332411126783,1.51114494233849,-75.5117528975334));
#3607=CARTESIAN_POINT('Ctrl Pts',(31.1544317801932,1.39461870942964,-75.8498867026089));
#3608=CARTESIAN_POINT('Ctrl Pts',(31.1618467939956,1.36656877113623,-75.9716546865365));
#3609=CARTESIAN_POINT('Ctrl Pts',(31.1714068166586,1.34644199562161,-76.1338589847623));
#3610=CARTESIAN_POINT('Ctrl Pts',(31.1737139588461,1.34284995376454,-76.1733717706596));
#3611=CARTESIAN_POINT('Ctrl Pts',(31.175993564003,1.3405787305262,-76.212842956681));
#3612=CARTESIAN_POINT('Ctrl Pts',(30.4643720783077,3.,-75.4350241818214));
#3613=CARTESIAN_POINT('Ctrl Pts',(30.4643720783077,2.87835457472898,-75.4350241818214));
#3614=CARTESIAN_POINT('Ctrl Pts',(30.4657031901678,2.7578988222354,-75.4585724860533));
#3615=CARTESIAN_POINT('Ctrl Pts',(30.471043358745,2.52666514311519,-75.5530438209401));
#3616=CARTESIAN_POINT('Ctrl Pts',(30.4750452345575,2.41837503113256,-75.6238398163474));
#3617=CARTESIAN_POINT('Ctrl Pts',(30.4855719829936,2.22790427586492,-75.8100653937614));
#3618=CARTESIAN_POINT('Ctrl Pts',(30.4920620044379,2.14847830753827,-75.9248784339153));
#3619=CARTESIAN_POINT('Ctrl Pts',(30.5032754662315,2.06224335520892,-76.1232524532064));
#3620=CARTESIAN_POINT('Ctrl Pts',(30.5073963810417,2.03907377565549,-76.196154332134));
#3621=CARTESIAN_POINT('Ctrl Pts',(30.5129983141655,2.01849623265305,-76.2952564658035));
#3622=CARTESIAN_POINT('Ctrl Pts',(30.5143706432213,2.01428224812857,-76.3195339311936));
#3623=CARTESIAN_POINT('Ctrl Pts',(30.5157501353804,2.0108680957893,-76.3439381169133));
#3624=CARTESIAN_POINT('',(30.5157501353804,2.0108680957893,-76.3439381169133));
#3625=CARTESIAN_POINT('',(30.5157501353804,2.0108680957893,-76.3439381169133));
#3626=CARTESIAN_POINT('Ctrl Pts',(30.4643720783077,3.,-75.4350241818214));
#3627=CARTESIAN_POINT('Ctrl Pts',(30.4643720783077,2.87835457472898,-75.4350241818214));
#3628=CARTESIAN_POINT('Ctrl Pts',(30.4657031901678,2.7578988222354,-75.4585724860533));
#3629=CARTESIAN_POINT('Ctrl Pts',(30.471043358745,2.52666514311519,-75.5530438209401));
#3630=CARTESIAN_POINT('Ctrl Pts',(30.4750452345575,2.41837503113256,-75.6238398163474));
#3631=CARTESIAN_POINT('Ctrl Pts',(30.4855719829936,2.22790427586492,-75.8100653937614));
#3632=CARTESIAN_POINT('Ctrl Pts',(30.4920620044379,2.14847830753827,-75.9248784339153));
#3633=CARTESIAN_POINT('Ctrl Pts',(30.5032754662315,2.06224335520892,-76.1232524532064));
#3634=CARTESIAN_POINT('Ctrl Pts',(30.5073963810417,2.03907377565549,-76.196154332134));
#3635=CARTESIAN_POINT('Ctrl Pts',(30.5129983141655,2.01849623265305,-76.2952564658035));
#3636=CARTESIAN_POINT('Ctrl Pts',(30.5143706432213,2.01428224812857,-76.3195339311936));
#3637=CARTESIAN_POINT('Ctrl Pts',(30.5157501353804,2.0108680957893,-76.3439381169133));
#3638=CARTESIAN_POINT('Origin',(29.2703731922513,1.,-36.5934011821028));
#3639=CARTESIAN_POINT('',(30.9086725633294,2.,-83.2950119900993));
#3640=CARTESIAN_POINT('',(30.9086725633294,2.,-83.2950119900993));
#3641=CARTESIAN_POINT('',(30.5245784715153,2.,-76.5001175871755));
#3642=CARTESIAN_POINT('',(32.5213908218887,0.,-76.3872440411334));
#3643=CARTESIAN_POINT('',(28.2719670170646,2.,-36.6498379551239));
#3644=CARTESIAN_POINT('Ctrl Pts',(32.4964804212482,0.,-75.9506526362165));
#3645=CARTESIAN_POINT('Ctrl Pts',(32.5051222727108,0.,-76.0980339461837));
#3646=CARTESIAN_POINT('Ctrl Pts',(32.5132101522153,0.,-76.2425222457169));
#3647=CARTESIAN_POINT('Ctrl Pts',(32.5213908218887,0.,-76.3872440411334));
#3648=CARTESIAN_POINT('Ctrl Pts',(31.8362369926256,0.6702893652631,-76.0817477964487));
#3649=CARTESIAN_POINT('Ctrl Pts',(31.8429716648955,0.66788017034921,-76.1972228047072));
#3650=CARTESIAN_POINT('Ctrl Pts',(31.8493477041103,0.666666666666667,-76.3109581040651));
#3651=CARTESIAN_POINT('Ctrl Pts',(31.8557867050976,0.666666666666667,-76.4248685564808));
#3652=CARTESIAN_POINT('Ctrl Pts',(31.175993564003,1.3405787305262,-76.212842956681));
#3653=CARTESIAN_POINT('Ctrl Pts',(31.1808210570802,1.33576034069842,-76.2964116632307));
#3654=CARTESIAN_POINT('Ctrl Pts',(31.1854852560054,1.33333333333333,-76.3793939624133));
#3655=CARTESIAN_POINT('Ctrl Pts',(31.1901825883065,1.33333333333333,-76.4624930718281));
#3656=CARTESIAN_POINT('Ctrl Pts',(30.5157501353804,2.0108680957893,-76.3439381169133));
#3657=CARTESIAN_POINT('Ctrl Pts',(30.5186704492648,2.00364051104763,-76.3956005217542));
#3658=CARTESIAN_POINT('Ctrl Pts',(30.5216228079004,2.,-76.4478298207616));
#3659=CARTESIAN_POINT('Ctrl Pts',(30.5245784715153,2.,-76.5001175871755));
#3660=CARTESIAN_POINT('Ctrl Pts',(30.5157501353804,2.0108680957893,-76.3439381169133));
#3661=CARTESIAN_POINT('Ctrl Pts',(30.5186704492648,2.00364051104763,-76.3956005217542));
#3662=CARTESIAN_POINT('Ctrl Pts',(30.5216228079004,2.,-76.4478298207616));
#3663=CARTESIAN_POINT('Ctrl Pts',(30.5245784715153,2.,-76.5001175871755));
#3664=CARTESIAN_POINT('Ctrl Pts',(32.9258097402516,0.0211754154918307,-83.543685250169));
#3665=CARTESIAN_POINT('Ctrl Pts',(32.9478433451368,0.0680215964700378,-83.9422641810806));
#3666=CARTESIAN_POINT('Ctrl Pts',(32.9669539187892,0.190488591639849,-84.3186441930531));
#3667=CARTESIAN_POINT('Ctrl Pts',(32.9986662601583,0.554605243842969,-84.9903240093608));
#3668=CARTESIAN_POINT('Ctrl Pts',(33.0111029876228,0.791714632952541,-85.2806231251926));
#3669=CARTESIAN_POINT('Ctrl Pts',(33.0301718823794,1.34232780980177,-85.7526131893963));
#3670=CARTESIAN_POINT('Ctrl Pts',(33.0367660944896,1.64939506582817,-85.9318276839268));
#3671=CARTESIAN_POINT('Ctrl Pts',(33.0454923123207,2.30734197503444,-86.1752156892741));
#3672=CARTESIAN_POINT('Ctrl Pts',(33.0475444833264,2.65189150218323,-86.2365278685412));
#3673=CARTESIAN_POINT('Ctrl Pts',(33.0475444833264,3.,-86.2365278685412));
#3674=CARTESIAN_POINT('Ctrl Pts',(32.2602429314688,0.680783610327888,-83.5813076566116));
#3675=CARTESIAN_POINT('Ctrl Pts',(32.2775934577887,0.711952249036163,-83.8941727552601));
#3676=CARTESIAN_POINT('Ctrl Pts',(32.2929781093427,0.802930165775971,-84.1918266613752));
#3677=CARTESIAN_POINT('Ctrl Pts',(32.3189704235027,1.08097487139578,-84.7254021443511));
#3678=CARTESIAN_POINT('Ctrl Pts',(32.329426072243,1.26459543741367,-84.9572521524837));
#3679=CARTESIAN_POINT('Ctrl Pts',(32.3457114431686,1.6944371718419,-85.3350777080349));
#3680=CARTESIAN_POINT('Ctrl Pts',(32.3514882429726,1.93550717027374,-85.478989781234));
#3681=CARTESIAN_POINT('Ctrl Pts',(32.3591864238773,2.45348746943272,-85.6745253501888));
#3682=CARTESIAN_POINT('Ctrl Pts',(32.3610389717642,2.72530918085916,-85.7239039510933));
#3683=CARTESIAN_POINT('Ctrl Pts',(32.3610325801432,3.,-85.7238603476061));
#3684=CARTESIAN_POINT('Ctrl Pts',(31.594676122686,1.34039180516394,-83.6189300630541));
#3685=CARTESIAN_POINT('Ctrl Pts',(31.6073608641619,1.35606934743388,-83.8461989353036));
#3686=CARTESIAN_POINT('Ctrl Pts',(31.6190071585035,1.41535634769701,-84.0650419921136));
#3687=CARTESIAN_POINT('Ctrl Pts',(31.6392727682052,1.60741557055802,-84.4604679015218));
#3688=CARTESIAN_POINT('Ctrl Pts',(31.6477543974166,1.73752534660544,-84.6339163155434));
#3689=CARTESIAN_POINT('Ctrl Pts',(31.661245470932,2.04655204037456,-84.9175049027476));
#3690=CARTESIAN_POINT('Ctrl Pts',(31.6662077849291,2.22168706591342,-85.0261335477851));
#3691=CARTESIAN_POINT('Ctrl Pts',(31.6728796722527,2.59960161191345,-85.1738296638717));
#3692=CARTESIAN_POINT('Ctrl Pts',(31.674514285339,2.79880328218412,-85.2111492231839));
#3693=CARTESIAN_POINT('Ctrl Pts',(31.67452067696,3.,-85.211192826671));
#3694=CARTESIAN_POINT('Ctrl Pts',(30.9291093139032,2.,-83.6565524694967));
#3695=CARTESIAN_POINT('Ctrl Pts',(30.9371109768138,2.,-83.7981075094831));
#3696=CARTESIAN_POINT('Ctrl Pts',(30.9450313490569,2.02779792183314,-83.9382244604356));
#3697=CARTESIAN_POINT('Ctrl Pts',(30.9595769315497,2.13378519811083,-84.1955460365121));
#3698=CARTESIAN_POINT('Ctrl Pts',(30.9660774820368,2.21040615106657,-84.3105453428345));
#3699=CARTESIAN_POINT('Ctrl Pts',(30.9767850317212,2.3986614024147,-84.4999694213862));
#3700=CARTESIAN_POINT('Ctrl Pts',(30.9809299334121,2.50779917035899,-84.5732956450923));
#3701=CARTESIAN_POINT('Ctrl Pts',(30.9865737838094,2.74574710631173,-84.6731393247865));
#3702=CARTESIAN_POINT('Ctrl Pts',(30.9880087737768,2.87222096086005,-84.698525305736));
#3703=CARTESIAN_POINT('Ctrl Pts',(30.9880087737768,3.,-84.698525305736));
#3704=CARTESIAN_POINT('',(30.9880087737768,3.,-84.698525305736));
#3705=CARTESIAN_POINT('',(30.9880087737768,3.,-84.698525305736));
#3706=CARTESIAN_POINT('',(30.9291093139032,2.,-83.6565524694967));
#3707=CARTESIAN_POINT('',(32.9258097402516,0.0211754154918307,-83.543685250169));
#3708=CARTESIAN_POINT('Ctrl Pts',(30.9291093139032,2.,-83.6565524694967));
#3709=CARTESIAN_POINT('Ctrl Pts',(30.9371109768138,2.,-83.7981075094831));
#3710=CARTESIAN_POINT('Ctrl Pts',(30.9450313490569,2.02779792183314,-83.9382244604356));
#3711=CARTESIAN_POINT('Ctrl Pts',(30.9595769315497,2.13378519811083,-84.1955460365121));
#3712=CARTESIAN_POINT('Ctrl Pts',(30.9660774820368,2.21040615106657,-84.3105453428345));
#3713=CARTESIAN_POINT('Ctrl Pts',(30.9767850317212,2.3986614024147,-84.4999694213862));
#3714=CARTESIAN_POINT('Ctrl Pts',(30.9809299334121,2.50779917035899,-84.5732956450923));
#3715=CARTESIAN_POINT('Ctrl Pts',(30.9865737838094,2.74574710631173,-84.6731393247865));
#3716=CARTESIAN_POINT('Ctrl Pts',(30.9880087737768,2.87222096086005,-84.698525305736));
#3717=CARTESIAN_POINT('Ctrl Pts',(30.9880087737768,3.,-84.698525305736));
#3718=CARTESIAN_POINT('Ctrl Pts',(33.0475444833264,3.,-86.2365278685412));
#3719=CARTESIAN_POINT('Ctrl Pts',(33.0475444833264,8.00000000000334,-86.2365278685412));
#3720=CARTESIAN_POINT('Ctrl Pts',(33.0475444833264,13.0000000000067,-86.2365278685412));
#3721=CARTESIAN_POINT('Ctrl Pts',(33.0475444833264,18.00000000001,-86.2365278685412));
#3722=CARTESIAN_POINT('Ctrl Pts',(32.3610325801432,3.,-85.7238603476061));
#3723=CARTESIAN_POINT('Ctrl Pts',(32.3610325801432,8.00000000000334,-85.7238603476061));
#3724=CARTESIAN_POINT('Ctrl Pts',(32.3610325801432,13.0000000000067,-85.7238603476061));
#3725=CARTESIAN_POINT('Ctrl Pts',(32.3610325801432,18.00000000001,-85.7238603476061));
#3726=CARTESIAN_POINT('Ctrl Pts',(31.67452067696,3.,-85.2111928266711));
#3727=CARTESIAN_POINT('Ctrl Pts',(31.67452067696,8.00000000000334,-85.2111928266711));
#3728=CARTESIAN_POINT('Ctrl Pts',(31.67452067696,13.0000000000067,-85.2111928266711));
#3729=CARTESIAN_POINT('Ctrl Pts',(31.67452067696,18.00000000001,-85.2111928266711));
#3730=CARTESIAN_POINT('Ctrl Pts',(30.9880087737768,3.,-84.698525305736));
#3731=CARTESIAN_POINT('Ctrl Pts',(30.9880087737768,8.00000000000334,-84.698525305736));
#3732=CARTESIAN_POINT('Ctrl Pts',(30.9880087737768,13.0000000000067,-84.698525305736));
#3733=CARTESIAN_POINT('Ctrl Pts',(30.9880087737768,18.00000000001,-84.698525305736));
#3734=CARTESIAN_POINT('',(30.9880087737768,15.1817937613246,-84.698525305736));
#3735=CARTESIAN_POINT('Ctrl Pts',(33.0475444833264,18.,-86.2365278685412));
#3736=CARTESIAN_POINT('Ctrl Pts',(33.0475444833264,17.793304162103,-86.2365278685412));
#3737=CARTESIAN_POINT('Ctrl Pts',(33.0253474836243,17.5885842062879,-86.2199517818678));
#3738=CARTESIAN_POINT('Ctrl Pts',(32.9379013016739,17.1842654410388,-86.1546494657567));
#3739=CARTESIAN_POINT('Ctrl Pts',(32.8723057831366,16.9883330790959,-86.1056646022635));
#3740=CARTESIAN_POINT('Ctrl Pts',(32.6295720486176,16.4519670126351,-85.9243979682166));
#3741=CARTESIAN_POINT('Ctrl Pts',(32.4091498775822,16.1488832611362,-85.7597929738109));
#3742=CARTESIAN_POINT('Ctrl Pts',(31.826523547472,15.5799201417101,-85.3247042376884));
#3743=CARTESIAN_POINT('Ctrl Pts',(31.4290941028513,15.33508833795,-85.0279152567753));
#3744=CARTESIAN_POINT('Ctrl Pts',(30.9880087737768,15.1817937613246,-84.698525305736));
#3745=CARTESIAN_POINT('Ctrl Pts',(30.9880087737768,3.,-84.698525305736));
#3746=CARTESIAN_POINT('Ctrl Pts',(30.9880087737768,7.06059792044155,-84.698525305736));
#3747=CARTESIAN_POINT('Ctrl Pts',(30.9880087737768,11.1211958408831,-84.698525305736));
#3748=CARTESIAN_POINT('Ctrl Pts',(30.9880087737768,15.1817937613246,-84.698525305736));
#3749=CARTESIAN_POINT('Ctrl Pts',(32.9054849137028,-1.87566975839992E-16,
-83.1821384440572));
#3750=CARTESIAN_POINT('Ctrl Pts',(32.9122971639573,-1.27262275469451E-16,
-83.3026519383077));
#3751=CARTESIAN_POINT('Ctrl Pts',(32.9191472376876,0.00701010728913101,
-83.4231632945156));
#3752=CARTESIAN_POINT('Ctrl Pts',(32.9258097404371,0.0211754158860852,-83.5436852535234));
#3753=CARTESIAN_POINT('Ctrl Pts',(32.2398807969117,0.666666666666667,-83.2197629594045));
#3754=CARTESIAN_POINT('Ctrl Pts',(32.2466930471661,0.666666666666667,-83.3402764536551));
#3755=CARTESIAN_POINT('Ctrl Pts',(32.2535305130712,0.671340071526087,-83.4607885225439));
#3756=CARTESIAN_POINT('Ctrl Pts',(32.2602429316557,0.680783610590723,-83.5813076599659));
#3757=CARTESIAN_POINT('Ctrl Pts',(31.5742766801205,1.33333333333333,-83.2573874747519));
#3758=CARTESIAN_POINT('Ctrl Pts',(31.581088930375,1.33333333333333,-83.3779009690024));
#3759=CARTESIAN_POINT('Ctrl Pts',(31.5879137884547,1.33567003576304,-83.4984137505721));
#3760=CARTESIAN_POINT('Ctrl Pts',(31.5946761228742,1.34039180529536,-83.6189300664084));
#3761=CARTESIAN_POINT('Ctrl Pts',(30.9086725633294,2.,-83.2950119900993));
#3762=CARTESIAN_POINT('Ctrl Pts',(30.9154848135839,2.,-83.4155254843498));
#3763=CARTESIAN_POINT('Ctrl Pts',(30.9222970638383,2.,-83.5360389786003));
#3764=CARTESIAN_POINT('Ctrl Pts',(30.9291093140928,2.,-83.6565524728509));
#3765=CARTESIAN_POINT('Ctrl Pts',(30.9086725633294,2.,-83.2950119900993));
#3766=CARTESIAN_POINT('Ctrl Pts',(30.9154848135207,2.,-83.4155254832318));
#3767=CARTESIAN_POINT('Ctrl Pts',(30.9222970637119,2.,-83.5360389763642));
#3768=CARTESIAN_POINT('Ctrl Pts',(30.9291093139032,2.,-83.6565524694967));
#3769=CARTESIAN_POINT('Ctrl Pts',(-65.6387882204829,3.,73.4382118288427));
#3770=CARTESIAN_POINT('Ctrl Pts',(-25.9107252418515,3.,95.9996590600624));
#3771=CARTESIAN_POINT('Ctrl Pts',(21.9424085261066,3.,88.4575866740714));
#3772=CARTESIAN_POINT('Ctrl Pts',(69.7955422940646,3.,80.9155142880803));
#3773=CARTESIAN_POINT('Ctrl Pts',(95.7622287848643,3.,48.0000000007599));
#3774=CARTESIAN_POINT('Ctrl Pts',(-65.6387882204829,62.,73.4382118288427));
#3775=CARTESIAN_POINT('Ctrl Pts',(-25.9107252418515,62.,95.9996590600624));
#3776=CARTESIAN_POINT('Ctrl Pts',(21.9424085261066,62.,88.4575866740714));
#3777=CARTESIAN_POINT('Ctrl Pts',(69.7955422940646,62.,80.9155142880803));
#3778=CARTESIAN_POINT('Ctrl Pts',(95.7622287848643,62.,48.0000000007599));
#3779=CARTESIAN_POINT('',(33.0475444833264,46.99999999999,86.2365278685412));
#3780=CARTESIAN_POINT('Ctrl Pts',(33.0475444833264,47.,86.2365278685412));
#3781=CARTESIAN_POINT('Ctrl Pts',(33.0475444833264,52.,86.2365278685412));
#3782=CARTESIAN_POINT('Ctrl Pts',(33.0475444833264,57.,86.2365278685412));
#3783=CARTESIAN_POINT('Ctrl Pts',(33.0475444833264,62.,86.2365278685412));
#3784=CARTESIAN_POINT('',(31.1008823197363,47.,86.6953376561282));
#3785=CARTESIAN_POINT('Ctrl Pts',(33.0475444833264,47.,86.2365278685412));
#3786=CARTESIAN_POINT('Ctrl Pts',(32.3997387679257,47.,86.3942613218431));
#3787=CARTESIAN_POINT('Ctrl Pts',(31.7508366530423,47.,86.5472278268574));
#3788=CARTESIAN_POINT('Ctrl Pts',(31.1009037878753,47.,86.6954318023821));
#3789=CARTESIAN_POINT('',(-65.6387882208639,47.,73.4382118295139));
#3790=CARTESIAN_POINT('Ctrl Pts',(-65.6387882204829,47.,73.4382118288427));
#3791=CARTESIAN_POINT('Ctrl Pts',(-57.1732919193894,47.,78.2457416645142));
#3792=CARTESIAN_POINT('Ctrl Pts',(-39.0947420777609,47.,85.7188970600786));
#3793=CARTESIAN_POINT('Ctrl Pts',(-6.1761269168735,47.,91.5157235816128));
#3794=CARTESIAN_POINT('Ctrl Pts',(17.5691240649086,47.,89.781079041276));
#3795=CARTESIAN_POINT('Ctrl Pts',(31.1009037878753,47.,86.6954318023821));
#3796=CARTESIAN_POINT('',(-65.6387882160651,18.,73.438211831413));
#3797=CARTESIAN_POINT('',(-65.6387882158941,0.,73.4382118314487));
#3798=CARTESIAN_POINT('',(31.1008823197362,18.,86.6953376561283));
#3799=CARTESIAN_POINT('Ctrl Pts',(31.1009180925855,18.,86.6954944885755));
#3800=CARTESIAN_POINT('Ctrl Pts',(12.8420054096722,18.,90.860278901347));
#3801=CARTESIAN_POINT('Ctrl Pts',(-16.103928341283,18.,91.5000397888329));
#3802=CARTESIAN_POINT('Ctrl Pts',(-48.263669055888,18.,82.2569547471905));
#3803=CARTESIAN_POINT('Ctrl Pts',(-61.4060400656003,18.,75.8419767488954));
#3804=CARTESIAN_POINT('Ctrl Pts',(-65.6387882160387,18.,73.4382118313666));
#3805=CARTESIAN_POINT('Ctrl Pts',(31.1009180925855,18.,86.6954944885755));
#3806=CARTESIAN_POINT('Ctrl Pts',(31.7508443064724,18.,86.5472489379201));
#3807=CARTESIAN_POINT('Ctrl Pts',(32.399741587152,18.,86.394260635393));
#3808=CARTESIAN_POINT('Ctrl Pts',(33.0475444833264,18.,86.2365278685412));
#3809=CARTESIAN_POINT('Ctrl Pts',(32.2749952573913,47.,72.8903429160763));
#3810=CARTESIAN_POINT('Ctrl Pts',(32.2749952573913,52.,72.8903429160763));
#3811=CARTESIAN_POINT('Ctrl Pts',(32.2749952573913,57.,72.8903429160763));
#3812=CARTESIAN_POINT('Ctrl Pts',(32.2749952573913,62.,72.8903429160763));
#3813=CARTESIAN_POINT('Ctrl Pts',(31.6714541976968,47.,73.738570004658));
#3814=CARTESIAN_POINT('Ctrl Pts',(31.6714541976968,52.,73.738570004658));
#3815=CARTESIAN_POINT('Ctrl Pts',(31.6714541976968,57.,73.738570004658));
#3816=CARTESIAN_POINT('Ctrl Pts',(31.6714541976968,62.,73.738570004658));
#3817=CARTESIAN_POINT('Ctrl Pts',(31.0679131380022,47.,74.5867970932397));
#3818=CARTESIAN_POINT('Ctrl Pts',(31.0679131380022,52.,74.5867970932397));
#3819=CARTESIAN_POINT('Ctrl Pts',(31.0679131380022,57.,74.5867970932397));
#3820=CARTESIAN_POINT('Ctrl Pts',(31.0679131380022,62.,74.5867970932397));
#3821=CARTESIAN_POINT('Ctrl Pts',(30.4643720783077,47.,75.4350241818214));
#3822=CARTESIAN_POINT('Ctrl Pts',(30.4643720783077,52.,75.4350241818214));
#3823=CARTESIAN_POINT('Ctrl Pts',(30.4643720783077,57.,75.4350241818214));
#3824=CARTESIAN_POINT('Ctrl Pts',(30.4643720783077,62.,75.4350241818214));
#3825=CARTESIAN_POINT('',(30.4643720783077,49.8124956989258,75.4350241818214));
#3826=CARTESIAN_POINT('Ctrl Pts',(30.4643720783077,49.8124956989258,75.4350241818213));
#3827=CARTESIAN_POINT('Ctrl Pts',(30.7710465136243,49.6878610168238,75.0040186036048));
#3828=CARTESIAN_POINT('Ctrl Pts',(31.0745933015136,49.4969090840733,74.5774086753181));
#3829=CARTESIAN_POINT('Ctrl Pts',(31.5616975630362,49.0238610294615,73.8928238853518));
#3830=CARTESIAN_POINT('Ctrl Pts',(31.7635082331284,48.7640367564141,73.6091956643155));
#3831=CARTESIAN_POINT('Ctrl Pts',(32.0379897010222,48.2309912565314,73.2234346416951));
#3832=CARTESIAN_POINT('Ctrl Pts',(32.1317675754544,47.9852528238431,73.0916375880827));
#3833=CARTESIAN_POINT('Ctrl Pts',(32.2466054205868,47.4858068876639,72.9302424858425));
#3834=CARTESIAN_POINT('Ctrl Pts',(32.2749952573913,47.2460598895109,72.8903429160763));
#3835=CARTESIAN_POINT('Ctrl Pts',(32.2749952573913,47.,72.8903429160763));
#3836=CARTESIAN_POINT('',(30.4643720783077,62.,75.4350241818214));
#3837=CARTESIAN_POINT('Ctrl Pts',(30.4643720783077,49.8124956989258,75.4350241818214));
#3838=CARTESIAN_POINT('Ctrl Pts',(30.4643720783077,53.8749971326172,75.4350241818214));
#3839=CARTESIAN_POINT('Ctrl Pts',(30.4643720783077,57.9374985663086,75.4350241818214));
#3840=CARTESIAN_POINT('Ctrl Pts',(30.4643720783077,62.,75.4350241818214));
#3841=CARTESIAN_POINT('',(30.4643720783077,62.,75.4350241818214));
#3842=CARTESIAN_POINT('Ctrl Pts',(32.2749952573913,62.,72.8903429160763));
#3843=CARTESIAN_POINT('Ctrl Pts',(32.2749952573913,62.4396160617843,72.8903429160763));
#3844=CARTESIAN_POINT('Ctrl Pts',(32.2835575618791,62.8740144375035,72.9895148341692));
#3845=CARTESIAN_POINT('Ctrl Pts',(32.3146989342928,63.6645240504947,73.3643294746896));
#3846=CARTESIAN_POINT('Ctrl Pts',(32.3369189501401,64.010797252617,73.6371091445227));
#3847=CARTESIAN_POINT('Ctrl Pts',(32.3876234146254,64.564405451346,74.300015826785));
#3848=CARTESIAN_POINT('Ctrl Pts',(32.4155827672659,64.7633421037138,74.6854012152792));
#3849=CARTESIAN_POINT('Ctrl Pts',(32.4567533889403,64.9407088183493,75.3032096530566));
#3850=CARTESIAN_POINT('Ctrl Pts',(32.4707382163797,64.9783769321021,75.5225982850222));
#3851=CARTESIAN_POINT('Ctrl Pts',(32.4882267923172,64.9976855225095,75.8110820539509));
#3852=CARTESIAN_POINT('Ctrl Pts',(32.4923982003633,65.,75.8810329413866));
#3853=CARTESIAN_POINT('Ctrl Pts',(32.4964804212482,65.,75.9506526362165));
#3854=CARTESIAN_POINT('Ctrl Pts',(31.6714541976968,62.,73.738570004658));
#3855=CARTESIAN_POINT('Ctrl Pts',(31.671471490339,62.3335322442193,73.7386743363803));
#3856=CARTESIAN_POINT('Ctrl Pts',(31.6776105743041,62.6633970349634,73.8125613444886));
#3857=CARTESIAN_POINT('Ctrl Pts',(31.7001465219238,63.2674143390297,74.0938972272134));
#3858=CARTESIAN_POINT('Ctrl Pts',(31.7162993743211,63.5343738377159,74.299383116004));
#3859=CARTESIAN_POINT('Ctrl Pts',(31.7536031547584,63.9669785801856,74.80334653572));
#3860=CARTESIAN_POINT('Ctrl Pts',(31.7744036590239,64.126008738506,75.098526751641));
#3861=CARTESIAN_POINT('Ctrl Pts',(31.8055970749772,64.2730841725677,75.5765754036344));
#3862=CARTESIAN_POINT('Ctrl Pts',(31.8162878034248,64.3058719275821,75.7470979306045));
#3863=CARTESIAN_POINT('Ctrl Pts',(31.8298182898236,64.3256312854783,75.972479534985));
#3864=CARTESIAN_POINT('Ctrl Pts',(31.8330548847383,64.3285677056362,76.0271951019171));
#3865=CARTESIAN_POINT('Ctrl Pts',(31.8362369926256,64.3297106347369,76.0817477964487));
#3866=CARTESIAN_POINT('Ctrl Pts',(31.0679131380022,62.,74.5867970932397));
#3867=CARTESIAN_POINT('Ctrl Pts',(31.06789584536,62.2277292428379,74.5866927615173));
#3868=CARTESIAN_POINT('Ctrl Pts',(31.0716501726034,62.452718729492,74.6355258848151));
#3869=CARTESIAN_POINT('Ctrl Pts',(31.0855957690265,62.8704447618243,74.8234760314867));
#3870=CARTESIAN_POINT('Ctrl Pts',(31.0956648090696,63.058048586093,74.9615658217471));
#3871=CARTESIAN_POINT('Ctrl Pts',(31.1195922449318,63.3695227305715,75.3067347214669));
#3872=CARTESIAN_POINT('Ctrl Pts',(31.1332411152471,63.4888551356263,75.5117529429691));
#3873=CARTESIAN_POINT('Ctrl Pts',(31.1544317808529,63.6053813195152,75.8498867142763));
#3874=CARTESIAN_POINT('Ctrl Pts',(31.1618467943739,63.6334312402298,75.9716546932267));
#3875=CARTESIAN_POINT('Ctrl Pts',(31.171406816707,63.6535580062303,76.1338589856177));
#3876=CARTESIAN_POINT('Ctrl Pts',(31.1737139588466,63.657150046236,76.1733717706689));
#3877=CARTESIAN_POINT('Ctrl Pts',(31.175993564003,63.6594212694738,76.212842956681));
#3878=CARTESIAN_POINT('Ctrl Pts',(30.4643720783077,62.,75.4350241818214));
#3879=CARTESIAN_POINT('Ctrl Pts',(30.4643720783077,62.1216454252729,75.4350241818214));
#3880=CARTESIAN_POINT('Ctrl Pts',(30.4657031850284,62.2421013269519,75.4585723951345));
#3881=CARTESIAN_POINT('Ctrl Pts',(30.4710433566574,62.4733350503593,75.5530437840105));
#3882=CARTESIAN_POINT('Ctrl Pts',(30.4750452332507,62.5816251711919,75.6238397932284));
#3883=CARTESIAN_POINT('Ctrl Pts',(30.4855719850648,62.7720958594111,75.8100654304019));
#3884=CARTESIAN_POINT('Ctrl Pts',(30.4920620070051,62.8515217704186,75.9248784793309));
#3885=CARTESIAN_POINT('Ctrl Pts',(30.5032754668899,62.9377566737335,76.1232524648541));
#3886=CARTESIAN_POINT('Ctrl Pts',(30.507396381419,62.9609262357099,76.196154338809));
#3887=CARTESIAN_POINT('Ctrl Pts',(30.5129983142134,62.9815037691992,76.2952564666519));
#3888=CARTESIAN_POINT('Ctrl Pts',(30.5143706432216,62.9857177518722,76.3195339311993));
#3889=CARTESIAN_POINT('Ctrl Pts',(30.5157501353804,62.9891319042107,76.3439381169133));
#3890=CARTESIAN_POINT('',(30.5157501353804,62.9891319042107,76.3439381169133));
#3891=CARTESIAN_POINT('',(32.4964804212482,65.,75.9506526362165));
#3892=CARTESIAN_POINT('',(30.5157501353804,62.9891319042107,76.3439381169133));
#3893=CARTESIAN_POINT('Ctrl Pts',(32.4964804212482,65.,75.9506526362165));
#3894=CARTESIAN_POINT('Ctrl Pts',(32.4923982003633,65.,75.8810329413866));
#3895=CARTESIAN_POINT('Ctrl Pts',(32.4882267923172,64.9976855225095,75.8110820539509));
#3896=CARTESIAN_POINT('Ctrl Pts',(32.4707382163797,64.9783769321021,75.5225982850222));
#3897=CARTESIAN_POINT('Ctrl Pts',(32.4567533889403,64.9407088183493,75.3032096530566));
#3898=CARTESIAN_POINT('Ctrl Pts',(32.4155827672659,64.7633421037138,74.6854012152792));
#3899=CARTESIAN_POINT('Ctrl Pts',(32.3876234146254,64.564405451346,74.300015826785));
#3900=CARTESIAN_POINT('Ctrl Pts',(32.3369189501401,64.010797252617,73.6371091445227));
#3901=CARTESIAN_POINT('Ctrl Pts',(32.3146989342928,63.6645240504947,73.3643294746896));
#3902=CARTESIAN_POINT('Ctrl Pts',(32.2835575618791,62.8740144375035,72.9895148341692));
#3903=CARTESIAN_POINT('Ctrl Pts',(32.2749952573913,62.4396160617843,72.8903429160763));
#3904=CARTESIAN_POINT('Ctrl Pts',(32.2749952573913,62.,72.8903429160763));
#3905=CARTESIAN_POINT('Ctrl Pts',(30.4643720783077,62.,75.4350241818214));
#3906=CARTESIAN_POINT('Ctrl Pts',(30.4643720783077,62.1216454252729,75.4350241818214));
#3907=CARTESIAN_POINT('Ctrl Pts',(30.4657031850284,62.2421013269519,75.4585723951345));
#3908=CARTESIAN_POINT('Ctrl Pts',(30.4710433566574,62.4733350503593,75.5530437840105));
#3909=CARTESIAN_POINT('Ctrl Pts',(30.4750452332507,62.5816251711919,75.6238397932284));
#3910=CARTESIAN_POINT('Ctrl Pts',(30.4855719850648,62.7720958594111,75.8100654304019));
#3911=CARTESIAN_POINT('Ctrl Pts',(30.4920620070051,62.8515217704186,75.9248784793309));
#3912=CARTESIAN_POINT('Ctrl Pts',(30.5032754668899,62.9377566737335,76.1232524648541));
#3913=CARTESIAN_POINT('Ctrl Pts',(30.507396381419,62.9609262357099,76.196154338809));
#3914=CARTESIAN_POINT('Ctrl Pts',(30.5129983142134,62.9815037691992,76.2952564666519));
#3915=CARTESIAN_POINT('Ctrl Pts',(30.5143706432216,62.9857177518722,76.3195339311993));
#3916=CARTESIAN_POINT('Ctrl Pts',(30.5157501353804,62.9891319042107,76.3439381169133));
#3917=CARTESIAN_POINT('Origin',(29.2703731922513,64.,36.5934011821028));
#3918=CARTESIAN_POINT('',(30.9086725633294,63.,83.2950119900993));
#3919=CARTESIAN_POINT('',(30.9086725633294,63.,83.2950119900993));
#3920=CARTESIAN_POINT('',(32.5213908218887,65.,76.3872440411334));
#3921=CARTESIAN_POINT('',(30.268779367438,65.,36.5369644090817));
#3922=CARTESIAN_POINT('',(30.5245784715153,63.,76.5001175871755));
#3923=CARTESIAN_POINT('',(32.5213908218887,65.,76.3872440411334));
#3924=CARTESIAN_POINT('',(28.2719670170646,63.,36.6498379551239));
#3925=CARTESIAN_POINT('Ctrl Pts',(32.4964804212482,65.,75.9506526362165));
#3926=CARTESIAN_POINT('Ctrl Pts',(32.5051222727108,65.,76.0980339461837));
#3927=CARTESIAN_POINT('Ctrl Pts',(32.5132101522153,65.,76.2425222457168));
#3928=CARTESIAN_POINT('Ctrl Pts',(32.5213908218887,65.,76.3872440411334));
#3929=CARTESIAN_POINT('Ctrl Pts',(31.8362369926256,64.3297106347369,76.0817477964488));
#3930=CARTESIAN_POINT('Ctrl Pts',(31.8429716648955,64.3321198296508,76.1972228047072));
#3931=CARTESIAN_POINT('Ctrl Pts',(31.8493477041103,64.3333333333333,76.3109581040649));
#3932=CARTESIAN_POINT('Ctrl Pts',(31.8557867050976,64.3333333333333,76.4248685564807));
#3933=CARTESIAN_POINT('Ctrl Pts',(31.175993564003,63.6594212694738,76.212842956681));
#3934=CARTESIAN_POINT('Ctrl Pts',(31.1808210570802,63.6642396593016,76.2964116632307));
#3935=CARTESIAN_POINT('Ctrl Pts',(31.1854852560054,63.6666666666667,76.3793939624129));
#3936=CARTESIAN_POINT('Ctrl Pts',(31.1901825883065,63.6666666666667,76.4624930718281));
#3937=CARTESIAN_POINT('Ctrl Pts',(30.5157501353804,62.9891319042107,76.3439381169133));
#3938=CARTESIAN_POINT('Ctrl Pts',(30.5186704492648,62.9963594889524,76.3956005217542));
#3939=CARTESIAN_POINT('Ctrl Pts',(30.5216228079004,63.,76.4478298207609));
#3940=CARTESIAN_POINT('Ctrl Pts',(30.5245784715153,63.,76.5001175871755));
#3941=CARTESIAN_POINT('Ctrl Pts',(32.5213908218887,65.,76.3872440411334));
#3942=CARTESIAN_POINT('Ctrl Pts',(32.5132101522153,65.,76.2425222457168));
#3943=CARTESIAN_POINT('Ctrl Pts',(32.5051222727108,65.,76.0980339461837));
#3944=CARTESIAN_POINT('Ctrl Pts',(32.4964804212482,65.,75.9506526362165));
#3945=CARTESIAN_POINT('Ctrl Pts',(30.5157501353804,62.9891319042107,76.3439381169133));
#3946=CARTESIAN_POINT('Ctrl Pts',(30.5186704492648,62.9963594889524,76.3956005217542));
#3947=CARTESIAN_POINT('Ctrl Pts',(30.5216228079004,63.,76.4478298207609));
#3948=CARTESIAN_POINT('Ctrl Pts',(30.5245784715153,63.,76.5001175871755));
#3949=CARTESIAN_POINT('Ctrl Pts',(32.9258097402516,64.9788245845082,83.5436852501691));
#3950=CARTESIAN_POINT('Ctrl Pts',(32.9478433451367,64.9319784035302,83.9422641810786));
#3951=CARTESIAN_POINT('Ctrl Pts',(32.9669539020407,64.8095117469548,84.3186440576437));
#3952=CARTESIAN_POINT('Ctrl Pts',(32.9986662530255,64.4453952413096,84.9903239381047));
#3953=CARTESIAN_POINT('Ctrl Pts',(33.0111029854665,64.208285923973,85.2806230913979));
#3954=CARTESIAN_POINT('Ctrl Pts',(33.0301718947501,63.6576727265143,85.7526132720044));
#3955=CARTESIAN_POINT('Ctrl Pts',(33.0367661102184,63.350605387822,85.9318277950006));
#3956=CARTESIAN_POINT('Ctrl Pts',(33.045492332428,62.6926583188917,86.175215844136));
#3957=CARTESIAN_POINT('Ctrl Pts',(33.0475444833264,62.348108497828,86.2365278685412));
#3958=CARTESIAN_POINT('Ctrl Pts',(33.0475444833264,62.,86.2365278685412));
#3959=CARTESIAN_POINT('Ctrl Pts',(32.2602429314688,64.3192163896721,83.5813076566116));
#3960=CARTESIAN_POINT('Ctrl Pts',(32.2775934577886,64.288047750964,83.8941727552585));
#3961=CARTESIAN_POINT('Ctrl Pts',(32.2929780925942,64.1970701728184,84.1918265259665));
#3962=CARTESIAN_POINT('Ctrl Pts',(32.31897041637,63.9190256137555,84.7254020730969));
#3963=CARTESIAN_POINT('Ctrl Pts',(32.3294260700869,63.7354051195096,84.9572521186914));
#3964=CARTESIAN_POINT('Ctrl Pts',(32.3457114555394,63.3055633644698,85.3350777906459));
#3965=CARTESIAN_POINT('Ctrl Pts',(32.3514882587015,63.0644932833708,85.4789898923105));
#3966=CARTESIAN_POINT('Ctrl Pts',(32.3591864439846,62.5465128244888,85.6745255050515));
#3967=CARTESIAN_POINT('Ctrl Pts',(32.3610389717642,62.2746908191497,85.7239039510933));
#3968=CARTESIAN_POINT('Ctrl Pts',(32.3610325801432,62.,85.7238603476061));
#3969=CARTESIAN_POINT('Ctrl Pts',(31.594676122686,63.6596081948361,83.6189300630542));
#3970=CARTESIAN_POINT('Ctrl Pts',(31.6073608641618,63.6439306525662,83.8461989353026));
#3971=CARTESIAN_POINT('Ctrl Pts',(31.61900715643,63.5846436233705,84.0650419554316));
#3972=CARTESIAN_POINT('Ctrl Pts',(31.6392727659688,63.3925844247268,84.460467861958));
#3973=CARTESIAN_POINT('Ctrl Pts',(31.6477543954871,63.2624746581799,84.6339162814081));
#3974=CARTESIAN_POINT('Ctrl Pts',(31.6612454706444,62.9534479917526,84.9175048976579));
#3975=CARTESIAN_POINT('Ctrl Pts',(31.6662077851809,62.7783129709248,85.0261335522379));
#3976=CARTESIAN_POINT('Ctrl Pts',(31.6728796738574,62.4003984216062,85.1738296922578));
#3977=CARTESIAN_POINT('Ctrl Pts',(31.674514285339,62.2011967178225,85.2111492231839));
#3978=CARTESIAN_POINT('Ctrl Pts',(31.67452067696,62.,85.2111928266711));
#3979=CARTESIAN_POINT('Ctrl Pts',(30.9291093139032,63.,83.6565524694967));
#3980=CARTESIAN_POINT('Ctrl Pts',(30.9371109768138,63.,83.7981075094825));
#3981=CARTESIAN_POINT('Ctrl Pts',(30.9450313469835,62.9722020492341,83.9382244237544));
#3982=CARTESIAN_POINT('Ctrl Pts',(30.9595769293134,62.8662147971727,84.1955459969502));
#3983=CARTESIAN_POINT('Ctrl Pts',(30.9660774801074,62.7895938537165,84.3105453087016));
#3984=CARTESIAN_POINT('Ctrl Pts',(30.9767850314336,62.601338629708,84.4999694162994));
#3985=CARTESIAN_POINT('Ctrl Pts',(30.980929933664,62.4922008664736,84.5732956495479));
#3986=CARTESIAN_POINT('Ctrl Pts',(30.986573785414,62.2542529272033,84.6731393531733));
#3987=CARTESIAN_POINT('Ctrl Pts',(30.9880087737768,62.1277790391442,84.698525305736));
#3988=CARTESIAN_POINT('Ctrl Pts',(30.9880087737768,62.,84.698525305736));
#3989=CARTESIAN_POINT('',(30.9880087737768,62.,84.698525305736));
#3990=CARTESIAN_POINT('',(30.9880087737768,62.,84.698525305736));
#3991=CARTESIAN_POINT('',(30.9291093139032,63.,83.6565524694967));
#3992=CARTESIAN_POINT('',(32.9258097402516,64.9788245845082,83.5436852501691));
#3993=CARTESIAN_POINT('Ctrl Pts',(30.9291093139032,63.,83.6565524694967));
#3994=CARTESIAN_POINT('Ctrl Pts',(30.9371109768138,63.,83.7981075094825));
#3995=CARTESIAN_POINT('Ctrl Pts',(30.9450313469835,62.9722020492341,83.9382244237544));
#3996=CARTESIAN_POINT('Ctrl Pts',(30.9595769293134,62.8662147971727,84.1955459969502));
#3997=CARTESIAN_POINT('Ctrl Pts',(30.9660774801074,62.7895938537165,84.3105453087016));
#3998=CARTESIAN_POINT('Ctrl Pts',(30.9767850314336,62.601338629708,84.4999694162994));
#3999=CARTESIAN_POINT('Ctrl Pts',(30.980929933664,62.4922008664736,84.5732956495479));
#4000=CARTESIAN_POINT('Ctrl Pts',(30.986573785414,62.2542529272033,84.6731393531733));
#4001=CARTESIAN_POINT('Ctrl Pts',(30.9880087737768,62.1277790391442,84.698525305736));
#4002=CARTESIAN_POINT('Ctrl Pts',(30.9880087737768,62.,84.698525305736));
#4003=CARTESIAN_POINT('Ctrl Pts',(33.0475444833264,62.,86.2365278685412));
#4004=CARTESIAN_POINT('Ctrl Pts',(33.0475444833264,57.,86.2365278685412));
#4005=CARTESIAN_POINT('Ctrl Pts',(33.0475444833264,52.,86.2365278685412));
#4006=CARTESIAN_POINT('Ctrl Pts',(33.0475444833264,47.,86.2365278685412));
#4007=CARTESIAN_POINT('Ctrl Pts',(32.3610325801432,62.,85.7238603476061));
#4008=CARTESIAN_POINT('Ctrl Pts',(32.3610325801432,57.,85.7238603476061));
#4009=CARTESIAN_POINT('Ctrl Pts',(32.3610325801432,52.,85.7238603476061));
#4010=CARTESIAN_POINT('Ctrl Pts',(32.3610325801432,47.,85.7238603476061));
#4011=CARTESIAN_POINT('Ctrl Pts',(31.67452067696,62.,85.2111928266711));
#4012=CARTESIAN_POINT('Ctrl Pts',(31.67452067696,57.,85.2111928266711));
#4013=CARTESIAN_POINT('Ctrl Pts',(31.67452067696,52.,85.2111928266711));
#4014=CARTESIAN_POINT('Ctrl Pts',(31.67452067696,47.,85.2111928266711));
#4015=CARTESIAN_POINT('Ctrl Pts',(30.9880087737768,62.,84.698525305736));
#4016=CARTESIAN_POINT('Ctrl Pts',(30.9880087737768,57.,84.698525305736));
#4017=CARTESIAN_POINT('Ctrl Pts',(30.9880087737768,52.,84.698525305736));
#4018=CARTESIAN_POINT('Ctrl Pts',(30.9880087737768,47.,84.698525305736));
#4019=CARTESIAN_POINT('',(30.9880087737768,49.8182062386753,84.698525305736));
#4020=CARTESIAN_POINT('Ctrl Pts',(33.0475444833264,47.,86.2365278685412));
#4021=CARTESIAN_POINT('Ctrl Pts',(33.0475444833264,47.2066958378538,86.2365278685412));
#4022=CARTESIAN_POINT('Ctrl Pts',(33.0253474836336,47.4114157936269,86.2199517818748));
#4023=CARTESIAN_POINT('Ctrl Pts',(32.9379013017111,47.8157345588325,86.1546494657844));
#4024=CARTESIAN_POINT('Ctrl Pts',(32.8723057831852,48.0116669207722,86.1056646022998));
#4025=CARTESIAN_POINT('Ctrl Pts',(32.6295720486894,48.5480329872532,85.9243979682701));
#4026=CARTESIAN_POINT('Ctrl Pts',(32.409149877658,48.8511167387727,85.7597929738674));
#4027=CARTESIAN_POINT('Ctrl Pts',(31.826523547532,49.4200798582533,85.3247042377331));
#4028=CARTESIAN_POINT('Ctrl Pts',(31.4290941028839,49.6649116620386,85.0279152567997));
#4029=CARTESIAN_POINT('Ctrl Pts',(30.9880087737768,49.8182062386753,84.698525305736));
#4030=CARTESIAN_POINT('Ctrl Pts',(30.9880087737768,62.,84.698525305736));
#4031=CARTESIAN_POINT('Ctrl Pts',(30.9880087737768,57.9394020795585,84.698525305736));
#4032=CARTESIAN_POINT('Ctrl Pts',(30.9880087737768,53.8788041591169,84.698525305736));
#4033=CARTESIAN_POINT('Ctrl Pts',(30.9880087737768,49.8182062386754,84.698525305736));
#4034=CARTESIAN_POINT('Ctrl Pts',(32.9054849137028,65.,83.1821384440572));
#4035=CARTESIAN_POINT('Ctrl Pts',(32.9122971639573,65.,83.3026519383077));
#4036=CARTESIAN_POINT('Ctrl Pts',(32.9191472376876,64.9929898927109,83.4231632945156));
#4037=CARTESIAN_POINT('Ctrl Pts',(32.9258097404371,64.9788245841139,83.5436852535234));
#4038=CARTESIAN_POINT('Ctrl Pts',(32.2398807969117,64.3333333333333,83.2197629594046));
#4039=CARTESIAN_POINT('Ctrl Pts',(32.2466930471661,64.3333333333333,83.3402764536551));
#4040=CARTESIAN_POINT('Ctrl Pts',(32.2535305130712,64.3286599284739,83.4607885225439));
#4041=CARTESIAN_POINT('Ctrl Pts',(32.2602429316556,64.3192163894093,83.5813076599659));
#4042=CARTESIAN_POINT('Ctrl Pts',(31.5742766801205,63.6666666666667,83.257387474752));
#4043=CARTESIAN_POINT('Ctrl Pts',(31.581088930375,63.6666666666667,83.3779009690025));
#4044=CARTESIAN_POINT('Ctrl Pts',(31.5879137884548,63.664329964237,83.4984137505721));
#4045=CARTESIAN_POINT('Ctrl Pts',(31.5946761228742,63.6596081947046,83.6189300664084));
#4046=CARTESIAN_POINT('Ctrl Pts',(30.9086725633294,63.,83.2950119900993));
#4047=CARTESIAN_POINT('Ctrl Pts',(30.9154848135839,63.,83.4155254843498));
#4048=CARTESIAN_POINT('Ctrl Pts',(30.9222970638383,63.,83.5360389786004));
#4049=CARTESIAN_POINT('Ctrl Pts',(30.9291093140928,63.,83.6565524728509));
#4050=CARTESIAN_POINT('Ctrl Pts',(30.9086725633294,63.,83.2950119900993));
#4051=CARTESIAN_POINT('Ctrl Pts',(30.9154848135207,63.,83.4155254832318));
#4052=CARTESIAN_POINT('Ctrl Pts',(30.9222970637119,63.,83.5360389763643));
#4053=CARTESIAN_POINT('Ctrl Pts',(30.9291093139032,63.,83.6565524694967));
#4054=CARTESIAN_POINT('Origin',(23.7416377009364,65.,0.));
#4055=CARTESIAN_POINT('',(32.5213908218887,65.,-76.3872440411334));
#4056=CARTESIAN_POINT('',(30.6434712612147,65.,-43.1655273214125));
#4057=CARTESIAN_POINT('',(32.4964804212482,65.,-75.9506526362165));
#4058=CARTESIAN_POINT('Ctrl Pts',(32.4964804212482,65.,-75.9506526362165));
#4059=CARTESIAN_POINT('Ctrl Pts',(32.5051100367435,65.,-76.097825269502));
#4060=CARTESIAN_POINT('Ctrl Pts',(32.5131984984944,65.,-76.2423160832051));
#4061=CARTESIAN_POINT('Ctrl Pts',(32.5213908218887,65.,-76.3872440411334));
#4062=CARTESIAN_POINT('Ctrl Pts',(32.4964804212481,65.,75.9506526362165));
#4063=CARTESIAN_POINT('Ctrl Pts',(42.3444459622129,65.,73.1104062017926));
#4064=CARTESIAN_POINT('Ctrl Pts',(61.2903950371772,65.,64.7574157513872));
#4065=CARTESIAN_POINT('Ctrl Pts',(80.7134028368955,65.,47.4557389226089));
#4066=CARTESIAN_POINT('Ctrl Pts',(91.5856414309302,65.,29.9335926471792));
#4067=CARTESIAN_POINT('Ctrl Pts',(97.3828930978152,65.,13.7585749771054));
#4068=CARTESIAN_POINT('Ctrl Pts',(98.6018879383755,65.,-1.75475600132253));
#4069=CARTESIAN_POINT('Ctrl Pts',(96.478984082483,65.,-15.2977774893357));
#4070=CARTESIAN_POINT('Ctrl Pts',(92.3617172298418,65.,-28.3680067573198));
#4071=CARTESIAN_POINT('Ctrl Pts',(82.0095431896828,65.,-46.302246906071));
#4072=CARTESIAN_POINT('Ctrl Pts',(61.2884334663983,64.9999999999999,-64.7579321277003));
#4073=CARTESIAN_POINT('Ctrl Pts',(42.344445962213,65.,-73.1104062017926));
#4074=CARTESIAN_POINT('Ctrl Pts',(32.4964804212482,65.,-75.9506526362165));
#4075=CARTESIAN_POINT('Ctrl Pts',(33.0475444833264,47.,-86.2365278685412));
#4076=CARTESIAN_POINT('Ctrl Pts',(33.0475444833264,52.,-86.2365278685412));
#4077=CARTESIAN_POINT('Ctrl Pts',(33.0475444833264,57.,-86.2365278685412));
#4078=CARTESIAN_POINT('Ctrl Pts',(33.0475444833264,62.,-86.2365278685412));
#4079=CARTESIAN_POINT('Ctrl Pts',(32.3610325801432,47.,-85.7238603476061));
#4080=CARTESIAN_POINT('Ctrl Pts',(32.3610325801432,52.,-85.7238603476061));
#4081=CARTESIAN_POINT('Ctrl Pts',(32.3610325801432,57.,-85.7238603476061));
#4082=CARTESIAN_POINT('Ctrl Pts',(32.3610325801432,62.,-85.7238603476061));
#4083=CARTESIAN_POINT('Ctrl Pts',(31.67452067696,47.,-85.2111928266711));
#4084=CARTESIAN_POINT('Ctrl Pts',(31.67452067696,52.,-85.2111928266711));
#4085=CARTESIAN_POINT('Ctrl Pts',(31.67452067696,57.,-85.2111928266711));
#4086=CARTESIAN_POINT('Ctrl Pts',(31.67452067696,62.,-85.2111928266711));
#4087=CARTESIAN_POINT('Ctrl Pts',(30.9880087737768,47.,-84.698525305736));
#4088=CARTESIAN_POINT('Ctrl Pts',(30.9880087737768,52.,-84.698525305736));
#4089=CARTESIAN_POINT('Ctrl Pts',(30.9880087737768,57.,-84.698525305736));
#4090=CARTESIAN_POINT('Ctrl Pts',(30.9880087737768,62.,-84.698525305736));
#4091=CARTESIAN_POINT('',(30.9880087737768,49.8182062386753,-84.698525305736));
#4092=CARTESIAN_POINT('Ctrl Pts',(30.9880087737768,49.8182062386753,-84.698525305736));
#4093=CARTESIAN_POINT('Ctrl Pts',(31.2771200188289,49.7177286598792,-84.9144253427026));
#4094=CARTESIAN_POINT('Ctrl Pts',(31.5576855814663,49.5742762154571,-85.1239437076299));
#4095=CARTESIAN_POINT('Ctrl Pts',(32.0579066367998,49.2095032620815,-85.4974945334325));
#4096=CARTESIAN_POINT('Ctrl Pts',(32.280954603086,48.9935071621893,-85.664060396886));
#4097=CARTESIAN_POINT('Ctrl Pts',(32.6555117257403,48.4877562658956,-85.9437689796933));
#4098=CARTESIAN_POINT('Ctrl Pts',(32.8065827830243,48.2022925844631,-86.0565845391373));
#4099=CARTESIAN_POINT('Ctrl Pts',(32.99923845596,47.6039083114095,-86.2004543042208));
#4100=CARTESIAN_POINT('Ctrl Pts',(33.0475444833264,47.3050324002788,-86.2365278685412));
#4101=CARTESIAN_POINT('Ctrl Pts',(33.0475444833264,47.,-86.2365278685412));
#4102=CARTESIAN_POINT('',(30.9880087737768,62.,-84.698525305736));
#4103=CARTESIAN_POINT('Ctrl Pts',(30.9880087737768,49.8182062386754,-84.698525305736));
#4104=CARTESIAN_POINT('Ctrl Pts',(30.9880087737768,53.8788041591169,-84.698525305736));
#4105=CARTESIAN_POINT('Ctrl Pts',(30.9880087737768,57.9394020795585,-84.698525305736));
#4106=CARTESIAN_POINT('Ctrl Pts',(30.9880087737768,62.,-84.698525305736));
#4107=CARTESIAN_POINT('',(30.9880087737768,62.,-84.698525305736));
#4108=CARTESIAN_POINT('Ctrl Pts',(33.0475444833264,62.,-86.2365278685412));
#4109=CARTESIAN_POINT('Ctrl Pts',(33.0475444833264,62.3401263040248,-86.2365278685412));
#4110=CARTESIAN_POINT('Ctrl Pts',(33.0455832570693,62.6769243025119,-86.1779777131331));
#4111=CARTESIAN_POINT('Ctrl Pts',(33.0372098904455,63.3255892297885,-85.9439641267835));
#4112=CARTESIAN_POINT('Ctrl Pts',(33.0308189391644,63.6309768359755,-85.769722876354));
#4113=CARTESIAN_POINT('Ctrl Pts',(33.0123180575034,64.1806349000226,-85.3096454550305));
#4114=CARTESIAN_POINT('Ctrl Pts',(33.0002513866682,64.4186490197845,-85.0262439542384));
#4115=CARTESIAN_POINT('Ctrl Pts',(32.9767644868738,64.7006120767234,-84.5253985474946));
#4116=CARTESIAN_POINT('Ctrl Pts',(32.967761947299,64.7823144544484,-84.3408097963449));
#4117=CARTESIAN_POINT('Ctrl Pts',(32.9479991401578,64.9094178061932,-83.9532646304775));
#4118=CARTESIAN_POINT('Ctrl Pts',(32.9372813945732,64.954434422423,-83.7512028007074));
#4119=CARTESIAN_POINT('Ctrl Pts',(32.9258097402516,64.9788245845082,-83.5436852501691));
#4120=CARTESIAN_POINT('Ctrl Pts',(32.3610325801432,62.,-85.7238603476061));
#4121=CARTESIAN_POINT('Ctrl Pts',(32.3610385756783,62.2683894131447,-85.7239012494681));
#4122=CARTESIAN_POINT('Ctrl Pts',(32.3592685769071,62.5341001379403,-85.676748230112));
#4123=CARTESIAN_POINT('Ctrl Pts',(32.3518780742103,63.044822747998,-85.4887382538833));
#4124=CARTESIAN_POINT('Ctrl Pts',(32.3462740579173,63.284634332388,-85.348805925487));
#4125=CARTESIAN_POINT('Ctrl Pts',(32.3304546889028,63.7138960266797,-84.9804568529595));
#4126=CARTESIAN_POINT('Ctrl Pts',(32.320293213125,63.8983861387032,-84.7540508885544));
#4127=CARTESIAN_POINT('Ctrl Pts',(32.3010093209166,64.1139936437463,-84.3560232317574));
#4128=CARTESIAN_POINT('Ctrl Pts',(32.2936920674456,64.1758325318168,-84.2096855023465));
#4129=CARTESIAN_POINT('Ctrl Pts',(32.2778092020725,64.2704355159326,-83.9034241620625));
#4130=CARTESIAN_POINT('Ctrl Pts',(32.2692788199288,64.3029646538232,-83.744215506858));
#4131=CARTESIAN_POINT('Ctrl Pts',(32.2602429314688,64.3192163896721,-83.5813076566116));
#4132=CARTESIAN_POINT('Ctrl Pts',(31.67452067696,62.,-85.211192826671));
#4133=CARTESIAN_POINT('Ctrl Pts',(31.6745146814249,62.1965859324498,-85.2111519248091));
#4134=CARTESIAN_POINT('Ctrl Pts',(31.6729532428857,62.3913032305962,-85.1755147923203));
#4135=CARTESIAN_POINT('Ctrl Pts',(31.666542322832,62.7640035903637,-85.0334850547992));
#4136=CARTESIAN_POINT('Ctrl Pts',(31.6617236342284,62.9382782873159,-84.9278515780302));
#4137=CARTESIAN_POINT('Ctrl Pts',(31.6485937608686,63.2471412878942,-84.65128438572));
#4138=CARTESIAN_POINT('Ctrl Pts',(31.640332036605,63.3780285759965,-84.4818373806819));
#4139=CARTESIAN_POINT('Ctrl Pts',(31.6252552898042,63.5274129716454,-84.1866555426012));
#4140=CARTESIAN_POINT('Ctrl Pts',(31.6196218462467,63.5693205419192,-84.0785588409756));
#4141=CARTESIAN_POINT('Ctrl Pts',(31.6076196191087,63.6314719596893,-83.8535860793324));
#4142=CARTESIAN_POINT('Ctrl Pts',(31.6012779027512,63.6514697685998,-83.7372394822376));
#4143=CARTESIAN_POINT('Ctrl Pts',(31.594676122686,63.6596081948361,-83.6189300630542));
#4144=CARTESIAN_POINT('Ctrl Pts',(30.9880087737768,62.,-84.698525305736));
#4145=CARTESIAN_POINT('Ctrl Pts',(30.9880087737768,62.1248490415697,-84.698525305736));
#4146=CARTESIAN_POINT('Ctrl Pts',(30.9866385627235,62.2484790660247,-84.6742853092993));
#4147=CARTESIAN_POINT('Ctrl Pts',(30.9812105065968,62.4832371085733,-84.578259181899));
#4148=CARTESIAN_POINT('Ctrl Pts',(30.9771787529814,62.5919357837284,-84.5069346271632));
#4149=CARTESIAN_POINT('Ctrl Pts',(30.9667303922679,62.7804024145513,-84.3220957836489));
#4150=CARTESIAN_POINT('Ctrl Pts',(30.9603738630618,62.8577656949153,-84.2096443149978));
#4151=CARTESIAN_POINT('Ctrl Pts',(30.949500123847,62.9407945386682,-84.0172802268641));
#4152=CARTESIAN_POINT('Ctrl Pts',(30.9455519663934,62.9628386192877,-83.9474345469772));
#4153=CARTESIAN_POINT('Ctrl Pts',(30.9374296810234,62.9924896694286,-83.8037456109174));
#4154=CARTESIAN_POINT('Ctrl Pts',(30.9332753281068,63.,-83.7302521883882));
#4155=CARTESIAN_POINT('Ctrl Pts',(30.9291093139032,63.,-83.6565524694967));
#4156=CARTESIAN_POINT('',(30.9291093139032,63.,-83.6565524694967));
#4157=CARTESIAN_POINT('',(30.9291093139032,63.,-83.6565524694967));
#4158=CARTESIAN_POINT('Ctrl Pts',(30.9880087737768,62.,-84.698525305736));
#4159=CARTESIAN_POINT('Ctrl Pts',(30.9880087737768,62.1248490415697,-84.698525305736));
#4160=CARTESIAN_POINT('Ctrl Pts',(30.9866385627235,62.2484790660247,-84.6742853092993));
#4161=CARTESIAN_POINT('Ctrl Pts',(30.9812105065968,62.4832371085733,-84.578259181899));
#4162=CARTESIAN_POINT('Ctrl Pts',(30.9771787529814,62.5919357837284,-84.5069346271632));
#4163=CARTESIAN_POINT('Ctrl Pts',(30.9667303922679,62.7804024145513,-84.3220957836489));
#4164=CARTESIAN_POINT('Ctrl Pts',(30.9603738630618,62.8577656949153,-84.2096443149978));
#4165=CARTESIAN_POINT('Ctrl Pts',(30.949500123847,62.9407945386682,-84.0172802268641));
#4166=CARTESIAN_POINT('Ctrl Pts',(30.9455519663934,62.9628386192877,-83.9474345469772));
#4167=CARTESIAN_POINT('Ctrl Pts',(30.9374296810234,62.9924896694286,-83.8037456109174));
#4168=CARTESIAN_POINT('Ctrl Pts',(30.9332753281068,63.,-83.7302521883882));
#4169=CARTESIAN_POINT('Ctrl Pts',(30.9291093139032,63.,-83.6565524694967));
#4170=CARTESIAN_POINT('Origin',(29.645065086028,64.,-43.2219640944335));
#4171=CARTESIAN_POINT('',(30.9086725633294,63.,-83.2950119900993));
#4172=CARTESIAN_POINT('',(32.9054849137028,65.,-83.1821384440572));
#4173=CARTESIAN_POINT('',(30.5245784715153,63.,-76.5001175871755));
#4174=CARTESIAN_POINT('',(28.6466589108413,63.,-43.2784008674546));
#4175=CARTESIAN_POINT('',(30.5245784715153,63.,-76.5001175871755));
#4176=CARTESIAN_POINT('Ctrl Pts',(32.9258097402516,64.9788245845082,-83.5436852501691));
#4177=CARTESIAN_POINT('Ctrl Pts',(32.9191472375598,64.9929898928405,-83.4231632922796));
#4178=CARTESIAN_POINT('Ctrl Pts',(32.9122971638941,65.,-83.3026519371897));
#4179=CARTESIAN_POINT('Ctrl Pts',(32.9054849137028,65.,-83.1821384440572));
#4180=CARTESIAN_POINT('Ctrl Pts',(32.2602429314688,64.3192163896721,-83.5813076566116));
#4181=CARTESIAN_POINT('Ctrl Pts',(32.2535305129438,64.3286599285603,-83.4607885203078));
#4182=CARTESIAN_POINT('Ctrl Pts',(32.2466930471029,64.3333333333333,-83.3402764525371));
#4183=CARTESIAN_POINT('Ctrl Pts',(32.2398807969117,64.3333333333333,-83.2197629594046));
#4184=CARTESIAN_POINT('Ctrl Pts',(31.594676122686,63.6596081948361,-83.6189300630542));
#4185=CARTESIAN_POINT('Ctrl Pts',(31.5879137883279,63.6643299642802,-83.498413748336));
#4186=CARTESIAN_POINT('Ctrl Pts',(31.5810889303118,63.6666666666667,-83.3779009678844));
#4187=CARTESIAN_POINT('Ctrl Pts',(31.5742766801205,63.6666666666667,-83.257387474752));
#4188=CARTESIAN_POINT('Ctrl Pts',(30.9291093139032,63.,-83.6565524694967));
#4189=CARTESIAN_POINT('Ctrl Pts',(30.9222970637119,63.,-83.5360389763643));
#4190=CARTESIAN_POINT('Ctrl Pts',(30.9154848135206,63.,-83.4155254832318));
#4191=CARTESIAN_POINT('Ctrl Pts',(30.9086725633294,63.,-83.2950119900993));
#4192=CARTESIAN_POINT('Ctrl Pts',(30.9291093139032,63.,-83.6565524694967));
#4193=CARTESIAN_POINT('Ctrl Pts',(30.9222970637119,63.,-83.5360389763643));
#4194=CARTESIAN_POINT('Ctrl Pts',(30.9154848135206,63.,-83.4155254832318));
#4195=CARTESIAN_POINT('Ctrl Pts',(30.9086725633294,63.,-83.2950119900993));
#4196=CARTESIAN_POINT('Ctrl Pts',(32.4964804212482,65.,-75.9506526362165));
#4197=CARTESIAN_POINT('Ctrl Pts',(32.4808978511609,65.,-75.6849017607168));
#4198=CARTESIAN_POINT('Ctrl Pts',(32.46403179631,64.9662478619438,-75.4148769287306));
#4199=CARTESIAN_POINT('Ctrl Pts',(32.4193362474221,64.7869373180704,-74.7385723632023));
#4200=CARTESIAN_POINT('Ctrl Pts',(32.3908679553716,64.5920578161715,-74.3438266113229));
#4201=CARTESIAN_POINT('Ctrl Pts',(32.338956377398,64.039923793926,-73.6625284383955));
#4202=CARTESIAN_POINT('Ctrl Pts',(32.3160787685057,63.69126739806,-73.3811422780365));
#4203=CARTESIAN_POINT('Ctrl Pts',(32.2838868038927,62.8901701565195,-72.9932933822791));
#4204=CARTESIAN_POINT('Ctrl Pts',(32.2749952573913,62.4478507164217,-72.8903429160763));
#4205=CARTESIAN_POINT('Ctrl Pts',(32.2749952573913,62.,-72.8903429160763));
#4206=CARTESIAN_POINT('Ctrl Pts',(31.8362369926256,64.3297106347369,-76.0817477964487));
#4207=CARTESIAN_POINT('Ctrl Pts',(31.8240872599868,64.32534194401,-75.8734918280473));
#4208=CARTESIAN_POINT('Ctrl Pts',(31.8111370041105,64.2946668883703,-75.6631828404175));
#4209=CARTESIAN_POINT('Ctrl Pts',(31.7772120537705,64.1450326251279,-75.1393924102679));
#4210=CARTESIAN_POINT('Ctrl Pts',(31.7560059398653,63.9888438376554,-74.8368031628212));
#4211=CARTESIAN_POINT('Ctrl Pts',(31.717785067782,63.5568992920116,-74.318579278142));
#4212=CARTESIAN_POINT('Ctrl Pts',(31.7011472442853,63.2879303699658,-74.1065409343823));
#4213=CARTESIAN_POINT('Ctrl Pts',(31.6778472355995,62.6756662286714,-73.8153781621372));
#4214=CARTESIAN_POINT('Ctrl Pts',(31.6714724841567,62.3397738359894,-73.738680321037));
#4215=CARTESIAN_POINT('Ctrl Pts',(31.6714541976968,62.,-73.738570004658));
#4216=CARTESIAN_POINT('Ctrl Pts',(31.175993564003,63.6594212694738,-76.212842956681));
#4217=CARTESIAN_POINT('Ctrl Pts',(31.1672949572944,63.6507575277079,-76.0621928908998));
#4218=CARTESIAN_POINT('Ctrl Pts',(31.1582325743907,63.6229988911267,-75.911430360121));
#4219=CARTESIAN_POINT('Ctrl Pts',(31.1351053395134,63.503300950878,-75.540318644556));
#4220=CARTESIAN_POINT('Ctrl Pts',(31.121155332671,63.3856013049063,-75.3298497506602));
#4221=CARTESIAN_POINT('Ctrl Pts',(31.0965977389991,63.073977916801,-74.9745325809457));
#4222=CARTESIAN_POINT('Ctrl Pts',(31.0862187243467,62.8847422757785,-74.8319588899874));
#4223=CARTESIAN_POINT('Ctrl Pts',(31.0717927250616,62.461098424002,-74.6373716504738));
#4224=CARTESIAN_POINT('Ctrl Pts',(31.0678948515423,62.232000903218,-74.5866867768607));
#4225=CARTESIAN_POINT('Ctrl Pts',(31.0679131380022,62.,-74.5867970932397));
#4226=CARTESIAN_POINT('Ctrl Pts',(30.5157501353804,62.9891319042107,-76.3439381169133));
#4227=CARTESIAN_POINT('Ctrl Pts',(30.5104843661203,62.9760994717179,-76.2507829582303));
#4228=CARTESIAN_POINT('Ctrl Pts',(30.5053377821912,62.9514179175532,-76.1597362718079));
#4229=CARTESIAN_POINT('Ctrl Pts',(30.4929811458617,62.8613962579355,-75.9411386916217));
#4230=CARTESIAN_POINT('Ctrl Pts',(30.4862933171647,62.7823873263902,-75.8228263021585));
#4231=CARTESIAN_POINT('Ctrl Pts',(30.475426429383,62.5909534148865,-75.6305834206921));
#4232=CARTESIAN_POINT('Ctrl Pts',(30.4712872001263,62.4814052476843,-75.5573575463332));
#4233=CARTESIAN_POINT('Ctrl Pts',(30.4657531567684,62.2465944961539,-75.4594564303319));
#4234=CARTESIAN_POINT('Ctrl Pts',(30.4643720783077,62.1239240227857,-75.4350241818214));
#4235=CARTESIAN_POINT('Ctrl Pts',(30.4643720783077,62.,-75.4350241818214));
#4236=CARTESIAN_POINT('',(30.5157501353804,62.9891319042107,-76.3439381169133));
#4237=CARTESIAN_POINT('',(32.4964804212482,65.,-75.9506526362165));
#4238=CARTESIAN_POINT('',(30.4643720783077,62.,-75.4350241818214));
#4239=CARTESIAN_POINT('Ctrl Pts',(30.5157501353804,62.9891319042107,-76.3439381169133));
#4240=CARTESIAN_POINT('Ctrl Pts',(30.5104843661203,62.9760994717179,-76.2507829582303));
#4241=CARTESIAN_POINT('Ctrl Pts',(30.5053377821912,62.9514179175532,-76.1597362718079));
#4242=CARTESIAN_POINT('Ctrl Pts',(30.4929811458617,62.8613962579355,-75.9411386916217));
#4243=CARTESIAN_POINT('Ctrl Pts',(30.4862933171647,62.7823873263902,-75.8228263021585));
#4244=CARTESIAN_POINT('Ctrl Pts',(30.475426429383,62.5909534148865,-75.6305834206921));
#4245=CARTESIAN_POINT('Ctrl Pts',(30.4712872001263,62.4814052476843,-75.5573575463332));
#4246=CARTESIAN_POINT('Ctrl Pts',(30.4657531567684,62.2465944961539,-75.4594564303319));
#4247=CARTESIAN_POINT('Ctrl Pts',(30.4643720783077,62.1239240227857,-75.4350241818214));
#4248=CARTESIAN_POINT('Ctrl Pts',(30.4643720783077,62.,-75.4350241818214));
#4249=CARTESIAN_POINT('',(30.4643720783077,62.,-75.4350241818214));
#4250=CARTESIAN_POINT('Ctrl Pts',(32.2749952573913,62.,-72.8903429160763));
#4251=CARTESIAN_POINT('Ctrl Pts',(32.2749952573913,62.4478507164217,-72.8903429160763));
#4252=CARTESIAN_POINT('Ctrl Pts',(32.2838868038927,62.8901701565195,-72.9932933822791));
#4253=CARTESIAN_POINT('Ctrl Pts',(32.3160787685057,63.69126739806,-73.3811422780365));
#4254=CARTESIAN_POINT('Ctrl Pts',(32.338956377398,64.039923793926,-73.6625284383955));
#4255=CARTESIAN_POINT('Ctrl Pts',(32.3908679553716,64.5920578161715,-74.3438266113229));
#4256=CARTESIAN_POINT('Ctrl Pts',(32.4193362474221,64.7869373180704,-74.7385723632023));
#4257=CARTESIAN_POINT('Ctrl Pts',(32.46403179631,64.9662478619438,-75.4148769287306));
#4258=CARTESIAN_POINT('Ctrl Pts',(32.4808978511609,65.,-75.6849017607168));
#4259=CARTESIAN_POINT('Ctrl Pts',(32.4964804212482,65.,-75.9506526362165));
#4260=CARTESIAN_POINT('Ctrl Pts',(32.2749952573913,62.,-72.8903429160763));
#4261=CARTESIAN_POINT('Ctrl Pts',(32.2749952573913,57.,-72.8903429160763));
#4262=CARTESIAN_POINT('Ctrl Pts',(32.2749952573913,52.,-72.8903429160763));
#4263=CARTESIAN_POINT('Ctrl Pts',(32.2749952573913,47.,-72.8903429160763));
#4264=CARTESIAN_POINT('Ctrl Pts',(31.6714541976968,62.,-73.738570004658));
#4265=CARTESIAN_POINT('Ctrl Pts',(31.6714541976968,57.,-73.738570004658));
#4266=CARTESIAN_POINT('Ctrl Pts',(31.6714541976968,52.,-73.738570004658));
#4267=CARTESIAN_POINT('Ctrl Pts',(31.6714541976968,47.,-73.738570004658));
#4268=CARTESIAN_POINT('Ctrl Pts',(31.0679131380022,62.,-74.5867970932397));
#4269=CARTESIAN_POINT('Ctrl Pts',(31.0679131380022,57.,-74.5867970932397));
#4270=CARTESIAN_POINT('Ctrl Pts',(31.0679131380022,52.,-74.5867970932397));
#4271=CARTESIAN_POINT('Ctrl Pts',(31.0679131380022,47.,-74.5867970932397));
#4272=CARTESIAN_POINT('Ctrl Pts',(30.4643720783077,62.,-75.4350241818214));
#4273=CARTESIAN_POINT('Ctrl Pts',(30.4643720783077,57.,-75.4350241818214));
#4274=CARTESIAN_POINT('Ctrl Pts',(30.4643720783077,52.,-75.4350241818214));
#4275=CARTESIAN_POINT('Ctrl Pts',(30.4643720783077,47.,-75.4350241818214));
#4276=CARTESIAN_POINT('',(30.4643720783077,49.8124956989258,-75.4350241818214));
#4277=CARTESIAN_POINT('Ctrl Pts',(32.2749952573913,47.,-72.8903429160763));
#4278=CARTESIAN_POINT('Ctrl Pts',(32.2749952573913,47.1893578126295,-72.8903429160763));
#4279=CARTESIAN_POINT('Ctrl Pts',(32.2581735308774,47.3757091035264,-72.9139844627062));
#4280=CARTESIAN_POINT('Ctrl Pts',(32.1924428784754,47.746735475027,-73.0063634633094));
#4281=CARTESIAN_POINT('Ctrl Pts',(32.142830121626,47.9264102971376,-73.0760900935361));
#4282=CARTESIAN_POINT('Ctrl Pts',(31.9603383646091,48.4242107421662,-73.3325671786626));
#4283=CARTESIAN_POINT('Ctrl Pts',(31.7865179371868,48.7275224368556,-73.5768574243562));
#4284=CARTESIAN_POINT('Ctrl Pts',(31.2664647218592,49.358602443964,-74.3077492463115));
#4285=CARTESIAN_POINT('Ctrl Pts',(30.8862706570274,49.6410331015178,-74.842080591065));
#4286=CARTESIAN_POINT('Ctrl Pts',(30.4643720783077,49.8124956989258,-75.4350241818213));
#4287=CARTESIAN_POINT('Ctrl Pts',(30.4643720783077,62.,-75.4350241818214));
#4288=CARTESIAN_POINT('Ctrl Pts',(30.4643720783077,57.9374985663086,-75.4350241818214));
#4289=CARTESIAN_POINT('Ctrl Pts',(30.4643720783077,53.8749971326172,-75.4350241818214));
#4290=CARTESIAN_POINT('Ctrl Pts',(30.4643720783077,49.8124956989258,-75.4350241818214));
#4291=CARTESIAN_POINT('Ctrl Pts',(32.5213908218887,65.,-76.3872440411334));
#4292=CARTESIAN_POINT('Ctrl Pts',(32.5131984984944,65.,-76.2423160832051));
#4293=CARTESIAN_POINT('Ctrl Pts',(32.5051100367435,65.,-76.097825269502));
#4294=CARTESIAN_POINT('Ctrl Pts',(32.4964804212482,65.,-75.9506526362165));
#4295=CARTESIAN_POINT('Ctrl Pts',(31.8557867050976,64.3333333333333,-76.4248685564808));
#4296=CARTESIAN_POINT('Ctrl Pts',(31.8493385314725,64.3333333333333,-76.3107958336557));
#4297=CARTESIAN_POINT('Ctrl Pts',(31.8429621292965,64.3321164184801,-76.1970593040465));
#4298=CARTESIAN_POINT('Ctrl Pts',(31.8362369926256,64.3297106347369,-76.0817477964487));
#4299=CARTESIAN_POINT('Ctrl Pts',(31.1901825883065,63.6666666666667,-76.4624930718281));
#4300=CARTESIAN_POINT('Ctrl Pts',(31.1854785644506,63.6666666666667,-76.3792755841063));
#4301=CARTESIAN_POINT('Ctrl Pts',(31.1808142218496,63.6642328369603,-76.2962933385912));
#4302=CARTESIAN_POINT('Ctrl Pts',(31.175993564003,63.6594212694738,-76.212842956681));
#4303=CARTESIAN_POINT('Ctrl Pts',(30.5245784715153,63.,-76.5001175871755));
#4304=CARTESIAN_POINT('Ctrl Pts',(30.5216185974286,63.,-76.4477553345568));
#4305=CARTESIAN_POINT('Ctrl Pts',(30.5186663144026,62.9963492554404,-76.3955273731357));
#4306=CARTESIAN_POINT('Ctrl Pts',(30.5157501353804,62.9891319042107,-76.3439381169133));
#4307=CARTESIAN_POINT('Ctrl Pts',(30.5245784715153,63.,-76.5001175871755));
#4308=CARTESIAN_POINT('Ctrl Pts',(30.5216185974286,63.,-76.4477553345568));
#4309=CARTESIAN_POINT('Ctrl Pts',(30.5186663144026,62.9963492554404,-76.3955273731357));
#4310=CARTESIAN_POINT('Ctrl Pts',(30.5157501353804,62.9891319042107,-76.3439381169133));
#4311=CARTESIAN_POINT('Ctrl Pts',(31.6651370504777,62.,-73.0681418903777));
#4312=CARTESIAN_POINT('Ctrl Pts',(41.2517007357357,62.,-70.3032862242841));
#4313=CARTESIAN_POINT('Ctrl Pts',(59.666029089365,62.,-62.1779066124177));
#4314=CARTESIAN_POINT('Ctrl Pts',(79.6807891381912,62.,-44.3282970584908));
#4315=CARTESIAN_POINT('Ctrl Pts',(89.6099353460781,62.,-27.1104713628251));
#4316=CARTESIAN_POINT('Ctrl Pts',(93.5479099884331,61.9999999999999,-14.608227920165));
#4317=CARTESIAN_POINT('Ctrl Pts',(95.5741292731852,62.,-1.67327055609905));
#4318=CARTESIAN_POINT('Ctrl Pts',(94.4124268618812,61.9999999999999,13.1315705733713));
#4319=CARTESIAN_POINT('Ctrl Pts',(88.8675078844229,62.0000000000001,28.6114746263116));
#4320=CARTESIAN_POINT('Ctrl Pts',(78.4288955442,61.9999999999999,45.4441759957193));
#4321=CARTESIAN_POINT('Ctrl Pts',(59.6678076169711,62.0000000000001,62.1771487951273));
#4322=CARTESIAN_POINT('Ctrl Pts',(41.2517007357356,62.,70.3032862242841));
#4323=CARTESIAN_POINT('Ctrl Pts',(31.6651370504776,62.,73.0681418903777));
#4324=CARTESIAN_POINT('Ctrl Pts',(31.6651370504777,62.8975979010257,-73.0681418903777));
#4325=CARTESIAN_POINT('Ctrl Pts',(41.2509349933519,62.8975979010257,-70.3035070716323));
#4326=CARTESIAN_POINT('Ctrl Pts',(59.6665567391897,62.8975979010256,-62.1776797753825));
#4327=CARTESIAN_POINT('Ctrl Pts',(79.6807329951647,62.8975979010256,-44.3280986524697));
#4328=CARTESIAN_POINT('Ctrl Pts',(89.6099147994846,62.8975979010257,-27.1104289807616));
#4329=CARTESIAN_POINT('Ctrl Pts',(93.5478014574128,62.8975979010256,-14.6081663834765));
#4330=CARTESIAN_POINT('Ctrl Pts',(95.5740889494661,62.8975979010257,-1.67332360463676));
#4331=CARTESIAN_POINT('Ctrl Pts',(94.41223329358,62.8975979010256,13.1315984918113));
#4332=CARTESIAN_POINT('Ctrl Pts',(88.8676263549044,62.8975979010257,28.6112657870182));
#4333=CARTESIAN_POINT('Ctrl Pts',(78.4286471048797,62.8975979010257,45.4440802275248));
#4334=CARTESIAN_POINT('Ctrl Pts',(59.6683621668954,62.8975979010257,62.1769778739237));
#4335=CARTESIAN_POINT('Ctrl Pts',(41.2509349933518,62.8975979010257,70.3035070716323));
#4336=CARTESIAN_POINT('Ctrl Pts',(31.6651370504776,62.8975979010257,73.0681418903777));
#4337=CARTESIAN_POINT('Ctrl Pts',(31.873925003055,64.451499622046,-73.7920708204272));
#4338=CARTESIAN_POINT('Ctrl Pts',(41.5262382403409,64.451499622046,-71.0082523614668));
#4339=CARTESIAN_POINT('Ctrl Pts',(60.073419559963,64.4514996220459,-62.8258973467752));
#4340=CARTESIAN_POINT('Ctrl Pts',(80.2656520063672,64.451499622046,-44.8240710554154));
#4341=CARTESIAN_POINT('Ctrl Pts',(90.301035016727,64.4514996220459,-27.4263009437664));
#4342=CARTESIAN_POINT('Ctrl Pts',(94.2840495061878,64.451499622046,-14.7814130437919));
#4343=CARTESIAN_POINT('Ctrl Pts',(96.3345417815434,64.451499622046,-1.69372833211064));
#4344=CARTESIAN_POINT('Ctrl Pts',(95.1584706029797,64.4514996220459,13.2890361260968));
#4345=CARTESIAN_POINT('Ctrl Pts',(89.550138831945,64.451499622046,28.9435455038657));
#4346=CARTESIAN_POINT('Ctrl Pts',(79.0026710887301,64.4514996220459,45.9493829742108));
#4347=CARTESIAN_POINT('Ctrl Pts',(60.0752405551248,64.451499622046,62.825192885009));
#4348=CARTESIAN_POINT('Ctrl Pts',(41.5262382403408,64.451499622046,71.0082523614668));
#4349=CARTESIAN_POINT('Ctrl Pts',(31.8739250030549,64.451499622046,73.7920708204272));
#4350=CARTESIAN_POINT('Ctrl Pts',(32.3099274050894,65.,-75.3038187374293));
#4351=CARTESIAN_POINT('Ctrl Pts',(42.0994301237998,65.,-72.4804335340651));
#4352=CARTESIAN_POINT('Ctrl Pts',(60.9242319818055,64.9999999999999,-64.1790337038444));
#4353=CARTESIAN_POINT('Ctrl Pts',(81.4869863448571,65.,-45.8593442810097));
#4354=CARTESIAN_POINT('Ctrl Pts',(91.74422406795,65.,-28.0858273016256));
#4355=CARTESIAN_POINT('Ctrl Pts',(95.8212803192385,65.,-15.143058648049));
#4356=CARTESIAN_POINT('Ctrl Pts',(97.9224707838246,65.,-1.73645715836287));
#4357=CARTESIAN_POINT('Ctrl Pts',(96.7163714822761,65.,13.617868385863));
#4358=CARTESIAN_POINT('Ctrl Pts',(90.9756634248787,65.,29.6369634072775));
#4359=CARTESIAN_POINT('Ctrl Pts',(80.2008240656491,65.,47.0043697223685));
#4360=CARTESIAN_POINT('Ctrl Pts',(60.9261456058774,65.,64.1784488640117));
#4361=CARTESIAN_POINT('Ctrl Pts',(42.0994301237997,65.,72.4804335340651));
#4362=CARTESIAN_POINT('Ctrl Pts',(32.3099274050893,65.,75.3038187374293));
#4363=CARTESIAN_POINT('Ctrl Pts',(32.4964804212482,65.,-75.9506526362165));
#4364=CARTESIAN_POINT('Ctrl Pts',(42.344445962213,65.,-73.1104062017926));
#4365=CARTESIAN_POINT('Ctrl Pts',(61.2884334663983,64.9999999999999,-64.7579321277003));
#4366=CARTESIAN_POINT('Ctrl Pts',(82.0095431896828,65.,-46.302246906071));
#4367=CARTESIAN_POINT('Ctrl Pts',(92.3617172298418,65.,-28.3680067573198));
#4368=CARTESIAN_POINT('Ctrl Pts',(96.478984082483,65.,-15.2977774893357));
#4369=CARTESIAN_POINT('Ctrl Pts',(98.6018879383755,65.,-1.75475600132253));
#4370=CARTESIAN_POINT('Ctrl Pts',(97.3828930978152,65.,13.7585749771054));
#4371=CARTESIAN_POINT('Ctrl Pts',(91.5856414309302,65.,29.9335926471792));
#4372=CARTESIAN_POINT('Ctrl Pts',(80.7134028368955,65.,47.4557389226089));
#4373=CARTESIAN_POINT('Ctrl Pts',(61.2903950371772,65.,64.7574157513872));
#4374=CARTESIAN_POINT('Ctrl Pts',(42.3444459622129,65.,73.1104062017926));
#4375=CARTESIAN_POINT('Ctrl Pts',(32.4964804212481,65.,75.9506526362165));
#4376=CARTESIAN_POINT('Origin',(31.1008823198189,65.,-86.6953376561094));
#4377=CARTESIAN_POINT('',(30.9291093138709,50.,-83.65655246951));
#4378=CARTESIAN_POINT('Ctrl Pts',(30.987592251873,49.8133603933373,-84.6966876272452));
#4379=CARTESIAN_POINT('Ctrl Pts',(30.9821707960486,49.8485211126292,-84.6002629269313));
#4380=CARTESIAN_POINT('Ctrl Pts',(30.9766661534092,49.8789580503433,-84.5021932709039));
#4381=CARTESIAN_POINT('Ctrl Pts',(30.9710912866314,49.9044845645526,-84.4028222824663));
#4382=CARTESIAN_POINT('Ctrl Pts',(30.9687630061362,49.9151454265096,-84.3613211052361));
#4383=CARTESIAN_POINT('Ctrl Pts',(30.9664224411216,49.9249492179122,-84.3195927431391));
#4384=CARTESIAN_POINT('Ctrl Pts',(30.9640704301218,49.933879721383,-84.2776615573923));
#4385=CARTESIAN_POINT('Ctrl Pts',(30.9583451012542,49.955618594767,-84.1755915295631));
#4386=CARTESIAN_POINT('Ctrl Pts',(30.9525658166285,49.9721344887232,-84.0725648875743));
#4387=CARTESIAN_POINT('Ctrl Pts',(30.9467425841662,49.9832297318514,-83.9689404031959));
#4388=CARTESIAN_POINT('Ctrl Pts',(30.9409193517039,49.9943249749796,-83.8653159188175));
#4389=CARTESIAN_POINT('Ctrl Pts',(30.9350519768361,50.,-83.7610927600287));
#4390=CARTESIAN_POINT('Ctrl Pts',(30.9291499153358,50.,-83.6566222001029));
#4391=CARTESIAN_POINT('',(30.5245784714874,50.,-76.5001175871891));
#4392=CARTESIAN_POINT('',(30.3514985322656,50.,-73.4382118314479));
#4393=CARTESIAN_POINT('Ctrl Pts',(30.5247575829113,50.,-76.5002035617737));
#4394=CARTESIAN_POINT('Ctrl Pts',(30.5190477929265,50.,-76.3990994594962));
#4395=CARTESIAN_POINT('Ctrl Pts',(30.5133804859257,49.9947553322115,-76.2983192313065));
#4396=CARTESIAN_POINT('Ctrl Pts',(30.5077602118425,49.9845245349357,-76.1981754741712));
#4397=CARTESIAN_POINT('Ctrl Pts',(30.5020407920333,49.9741132589486,-76.096265108262));
#4398=CARTESIAN_POINT('Ctrl Pts',(30.4963698836589,49.9585381475515,-75.9950131509369));
#4399=CARTESIAN_POINT('Ctrl Pts',(30.4907539920716,49.9380169033968,-75.8947495641131));
#4400=CARTESIAN_POINT('Ctrl Pts',(30.4850724779764,49.9172558655275,-75.7933143827334));
#4401=CARTESIAN_POINT('Ctrl Pts',(30.4794470601106,49.8914321281445,-75.6928900177949));
#4402=CARTESIAN_POINT('Ctrl Pts',(30.4738893245598,49.8607197112917,-75.5938301193497));
#4403=CARTESIAN_POINT('Ctrl Pts',(30.4709339817595,49.8443882901223,-75.5411547167506));
#4404=CARTESIAN_POINT('Ctrl Pts',(30.4679978779522,49.8266737025102,-75.4888654058053));
#4405=CARTESIAN_POINT('Ctrl Pts',(30.4650836267636,49.8075967474802,-75.4370179062454));
#4406=CARTESIAN_POINT('Ctrl Pts',(-64.1573217308476,15.,70.8295230700814));
#4407=CARTESIAN_POINT('Ctrl Pts',(-60.0334759384251,15.,73.1714426667145));
#4408=CARTESIAN_POINT('Ctrl Pts',(-47.215943432248,15.,79.4282286436734));
#4409=CARTESIAN_POINT('Ctrl Pts',(-15.1461988847901,15.,88.652894040415));
#4410=CARTESIAN_POINT('Ctrl Pts',(13.908511226532,15.,87.809018814152));
#4411=CARTESIAN_POINT('Ctrl Pts',(32.3378139181007,15.,83.3216895325808));
#4412=CARTESIAN_POINT('Ctrl Pts',(-64.6005754666967,15.,71.6100409222676));
#4413=CARTESIAN_POINT('Ctrl Pts',(-60.4440152386888,15.,73.9705389482715));
#4414=CARTESIAN_POINT('Ctrl Pts',(-47.5295975161464,15.,80.2746022625806));
#4415=CARTESIAN_POINT('Ctrl Pts',(-15.2395528007052,15.,89.5601424514369));
#4416=CARTESIAN_POINT('Ctrl Pts',(13.9953661372237,15.,88.7116932732322));
#4417=CARTESIAN_POINT('Ctrl Pts',(32.5501648066475,15.,84.1938071233098));
#4418=CARTESIAN_POINT('Ctrl Pts',(-65.3679508293855,15.7533705710682,72.9612989522967));
#4419=CARTESIAN_POINT('Ctrl Pts',(-61.1551464895532,15.7533705710682,75.3537378398912));
#4420=CARTESIAN_POINT('Ctrl Pts',(-48.0720805820541,15.7533705710682,81.7398097994114));
#4421=CARTESIAN_POINT('Ctrl Pts',(-15.4024396362593,15.7533705710682,91.1308640174286));
#4422=CARTESIAN_POINT('Ctrl Pts',(14.1472366762684,15.7533705710682,90.2740664924317));
#4423=CARTESIAN_POINT('Ctrl Pts',(32.917793609152,15.7533705710682,85.7036456161788));
#4424=CARTESIAN_POINT('Ctrl Pts',(-65.6387882160387,17.3268015742308,73.4382118313666));
#4425=CARTESIAN_POINT('Ctrl Pts',(-61.4059641867247,17.3268015742308,75.8420198402802));
#4426=CARTESIAN_POINT('Ctrl Pts',(-48.263770657755,17.3268015742308,82.2569667717108));
#4427=CARTESIAN_POINT('Ctrl Pts',(-15.4593821910283,17.3268015742308,91.6852070114842));
#4428=CARTESIAN_POINT('Ctrl Pts',(14.2001899391469,17.3268015742308,90.8256481050298));
#4429=CARTESIAN_POINT('Ctrl Pts',(33.0475444833264,17.3268015742308,86.2365278685412));
#4430=CARTESIAN_POINT('Ctrl Pts',(-65.6387882160387,18.,73.4382118313666));
#4431=CARTESIAN_POINT('Ctrl Pts',(-61.4060400656003,18.,75.8419767488954));
#4432=CARTESIAN_POINT('Ctrl Pts',(-48.263669055888,18.,82.2569547471905));
#4433=CARTESIAN_POINT('Ctrl Pts',(-15.4596278047715,18.,91.6852192871442));
#4434=CARTESIAN_POINT('Ctrl Pts',(14.2004810184067,18.,90.8255772304825));
#4435=CARTESIAN_POINT('Ctrl Pts',(33.0475444833264,18.,86.2365278685412));
#4436=CARTESIAN_POINT('',(-63.436175122118,15.,71.2355987376707));
#4437=CARTESIAN_POINT('Ctrl Pts',(-65.6387882158941,18.,73.4382118314487));
#4438=CARTESIAN_POINT('Ctrl Pts',(-65.6387882158941,17.9008246063651,73.4382118314487));
#4439=CARTESIAN_POINT('Ctrl Pts',(-65.635094889484,17.8019182796284,73.4344479119838));
#4440=CARTESIAN_POINT('Ctrl Pts',(-65.6278369318789,17.7036394576029,73.4271045977355));
#4441=CARTESIAN_POINT('Ctrl Pts',(-65.6204527079502,17.6036508838507,73.4196335322183));
#4442=CARTESIAN_POINT('Ctrl Pts',(-65.6093786779903,17.5043110250187,73.4084573129807));
#4443=CARTESIAN_POINT('Ctrl Pts',(-65.5947251732554,17.4059914924022,73.3937216796874));
#4444=CARTESIAN_POINT('Ctrl Pts',(-65.5799380795636,17.3067756278814,73.3788517087107));
#4445=CARTESIAN_POINT('Ctrl Pts',(-65.5615058457412,17.2085978973667,73.3603569339404));
#4446=CARTESIAN_POINT('Ctrl Pts',(-65.5395177657097,17.1118471374137,73.3383406727917));
#4447=CARTESIAN_POINT('Ctrl Pts',(-65.523202307189,17.04005673968,73.3220043034935));
#4448=CARTESIAN_POINT('Ctrl Pts',(-65.5049285464817,16.9690520827046,73.3037280792819));
#4449=CARTESIAN_POINT('Ctrl Pts',(-65.4847250323607,16.8989988531769,73.2835388807435));
#4450=CARTESIAN_POINT('Ctrl Pts',(-65.4576565439863,16.805142159846,73.2564895722592));
#4451=CARTESIAN_POINT('Ctrl Pts',(-65.4272801378641,16.7135285889323,73.2261618961787));
#4452=CARTESIAN_POINT('Ctrl Pts',(-65.3937528097217,16.6245030918768,73.1927023765963));
#4453=CARTESIAN_POINT('Ctrl Pts',(-65.3598957782002,16.5346021296761,73.1589138204554));
#4454=CARTESIAN_POINT('Ctrl Pts',(-65.3228254314252,16.4473395156162,73.121931295761));
#4455=CARTESIAN_POINT('Ctrl Pts',(-65.2826785670295,16.3630783472912,73.0818595351326));
#4456=CARTESIAN_POINT('Ctrl Pts',(-65.2440909633518,16.2820897914554,73.0433441182732));
#4457=CARTESIAN_POINT('Ctrl Pts',(-65.2026609153393,16.2038734299059,73.001974279744));
#4458=CARTESIAN_POINT('Ctrl Pts',(-65.1584901134587,16.1287697733333,72.9578063966233));
#4459=CARTESIAN_POINT('Ctrl Pts',(-65.1212740849654,16.0654913245855,72.9205928273258));
#4460=CARTESIAN_POINT('Ctrl Pts',(-65.082112050414,16.0044226860772,72.8813922239022));
#4461=CARTESIAN_POINT('Ctrl Pts',(-65.0411281774363,15.9456361697036,72.840349617307));
#4462=CARTESIAN_POINT('Ctrl Pts',(-64.9917011131505,15.8747388944382,72.7908517195425));
#4463=CARTESIAN_POINT('Ctrl Pts',(-64.9398642300461,15.8075027741308,72.7389151368154));
#4464=CARTESIAN_POINT('Ctrl Pts',(-64.8858862272187,15.7439861022529,72.6848419085041));
#4465=CARTESIAN_POINT('Ctrl Pts',(-64.8307476338044,15.6791037471775,72.6296060421459));
#4466=CARTESIAN_POINT('Ctrl Pts',(-64.7733745806532,15.6181020679014,72.5721401434622));
#4467=CARTESIAN_POINT('Ctrl Pts',(-64.7140294780692,15.5610727242191,72.5127249348678));
#4468=CARTESIAN_POINT('Ctrl Pts',(-64.6534357144655,15.5028434446475,72.4520595901758));
#4469=CARTESIAN_POINT('Ctrl Pts',(-64.5907857263174,15.4487549142344,72.3893614554956));
#4470=CARTESIAN_POINT('Ctrl Pts',(-64.5263386406279,15.398942394609,72.3248953249644));
#4471=CARTESIAN_POINT('Ctrl Pts',(-64.4686836180616,15.3543796046494,72.2672232646878));
#4472=CARTESIAN_POINT('Ctrl Pts',(-64.4095898693235,15.3132393330922,72.2081354275079));
#4473=CARTESIAN_POINT('Ctrl Pts',(-64.3492329156221,15.2756481226101,72.1478050948124));
#4474=CARTESIAN_POINT('Ctrl Pts',(-64.281226274074,15.2332925725063,72.0798284482375));
#4475=CARTESIAN_POINT('Ctrl Pts',(-64.2118439383299,15.1955845746282,72.0105040612499));
#4476=CARTESIAN_POINT('Ctrl Pts',(-64.1413564599652,15.1626583963863,71.9400929390145));
#4477=CARTESIAN_POINT('Ctrl Pts',(-64.0708112236381,15.1297052381899,71.8696241213836));
#4478=CARTESIAN_POINT('Ctrl Pts',(-63.9991586418058,15.1015413434651,71.7980660786729));
#4479=CARTESIAN_POINT('Ctrl Pts',(-63.9266569367249,15.0783473563702,71.7256608487359));
#4480=CARTESIAN_POINT('Ctrl Pts',(-63.9189425673166,15.0758794560043,71.7179567445332));
#4481=CARTESIAN_POINT('Ctrl Pts',(-63.9112185756791,15.0734678687501,71.7102430364856));
#4482=CARTESIAN_POINT('Ctrl Pts',(-63.9034852670702,15.0711128458078,71.702520008261));
#4483=CARTESIAN_POINT('Ctrl Pts',(-63.8305891540136,15.0489138069061,71.6297208006942));
#4484=CARTESIAN_POINT('Ctrl Pts',(-63.757014221584,15.0317818971113,71.5562428958311));
#4485=CARTESIAN_POINT('Ctrl Pts',(-63.683023391335,15.0198936530187,71.482327023286));
#4486=CARTESIAN_POINT('Ctrl Pts',(-63.6103764812563,15.0082213390755,71.4097537094293));
#4487=CARTESIAN_POINT('Ctrl Pts',(-63.5373282627996,15.001603717002,71.336757519332));
#4488=CARTESIAN_POINT('Ctrl Pts',(-63.4641215933404,15.0002572415042,71.2635595416057));
#4489=CARTESIAN_POINT('Ctrl Pts',(-63.4548067959562,15.0000859163157,71.2542458501553));
#4490=CARTESIAN_POINT('Ctrl Pts',(-63.4454894295682,15.,71.2449288904355));
#4491=CARTESIAN_POINT('Ctrl Pts',(-63.4361699921266,15.,71.2356091183254));
#4492=CARTESIAN_POINT('',(30.9291093138709,15.,83.65655246951));
#4493=CARTESIAN_POINT('Ctrl Pts',(-63.4361783214469,15.,71.2356044676888));
#4494=CARTESIAN_POINT('Ctrl Pts',(-59.5360698756697,15.,73.4132118085299));
#4495=CARTESIAN_POINT('Ctrl Pts',(-46.949447195948,15.,79.504884652134));
#4496=CARTESIAN_POINT('Ctrl Pts',(-15.6125216022991,15.,88.5187591697879));
#4497=CARTESIAN_POINT('Ctrl Pts',(12.9231720169756,15.,87.8351320725156));
#4498=CARTESIAN_POINT('Ctrl Pts',(30.9291266766057,15.,83.6566272887652));
#4499=CARTESIAN_POINT('Ctrl Pts',(30.9875940832893,15.1866287583055,84.6966951755932));
#4500=CARTESIAN_POINT('Ctrl Pts',(30.9821722862169,15.1514694550157,84.6002684862457));
#4501=CARTESIAN_POINT('Ctrl Pts',(30.9766673136598,15.1210339366854,84.5021968673071));
#4502=CARTESIAN_POINT('Ctrl Pts',(30.9710921463199,15.0955087500856,84.4028240230989));
#4503=CARTESIAN_POINT('Ctrl Pts',(30.9687638025889,15.0848487277799,84.3613231811092));
#4504=CARTESIAN_POINT('Ctrl Pts',(30.9664231801166,15.0750457141814,84.3195951850948));
#4505=CARTESIAN_POINT('Ctrl Pts',(30.9640711186968,15.0661159184093,84.2776644002695));
#4506=CARTESIAN_POINT('Ctrl Pts',(30.9583455590466,15.0443783575076,84.1755934221587));
#4507=CARTESIAN_POINT('Ctrl Pts',(30.9525660833183,15.0278635528389,84.0725659931862));
#4508=CARTESIAN_POINT('Ctrl Pts',(30.9467427179666,15.0167690715948,83.9689409613254));
#4509=CARTESIAN_POINT('Ctrl Pts',(30.9409193526148,15.0056745903506,83.8653159294646));
#4510=CARTESIAN_POINT('Ctrl Pts',(30.9350519030372,15.,83.7610924625559));
#4511=CARTESIAN_POINT('Ctrl Pts',(30.929149844127,15.,83.6566219124528));
#4512=CARTESIAN_POINT('Origin',(-17.2689529480376,15.,76.6085471154733));
#4513=CARTESIAN_POINT('',(-57.4388393646027,15.,65.2382629801574));
#4514=CARTESIAN_POINT('',(-49.1432712940057,15.,56.9426949095602));
#4515=CARTESIAN_POINT('',(30.5245784714874,15.,76.5001175871891));
#4516=CARTESIAN_POINT('Ctrl Pts',(30.5246120638296,15.,76.500242527772));
#4517=CARTESIAN_POINT('Ctrl Pts',(18.4669627256932,15.,79.7443433318502));
#4518=CARTESIAN_POINT('Ctrl Pts',(-3.11018511190349,15.,81.9093455245422));
#4519=CARTESIAN_POINT('Ctrl Pts',(-33.2082518675659,15.,76.8451130683528));
#4520=CARTESIAN_POINT('Ctrl Pts',(-49.7655568710463,15.,69.7946725542571));
#4521=CARTESIAN_POINT('Ctrl Pts',(-57.4388393646028,15.,65.2382629801574));
#4522=CARTESIAN_POINT('',(30.3514985322656,15.,73.4382118314479));
#4523=CARTESIAN_POINT('Origin',(-55.2475043640332,0.,63.0469279795877));
#4524=CARTESIAN_POINT('',(-63.4361751221181,50.,71.2355987376706));
#4525=CARTESIAN_POINT('Ctrl Pts',(-63.4362128594649,50.,71.2355875226445));
#4526=CARTESIAN_POINT('Ctrl Pts',(-63.5106020519768,50.,71.3099838184445));
#4527=CARTESIAN_POINT('Ctrl Pts',(-63.584788105893,49.9945298674319,71.3841311616905));
#4528=CARTESIAN_POINT('Ctrl Pts',(-63.6585215115087,49.9838523384175,71.4578001158728));
#4529=CARTESIAN_POINT('Ctrl Pts',(-63.732170973271,49.9731869655341,71.5313851995783));
#4530=CARTESIAN_POINT('Ctrl Pts',(-63.8053691941366,49.9573256274512,71.6044936661118));
#4531=CARTESIAN_POINT('Ctrl Pts',(-63.8778644066689,49.9364748607986,71.6768953220888));
#4532=CARTESIAN_POINT('Ctrl Pts',(-63.9507169648285,49.9155213159068,71.7496538625313));
#4533=CARTESIAN_POINT('Ctrl Pts',(-64.0228599615689,49.8895286816871,71.821699315426));
#4534=CARTESIAN_POINT('Ctrl Pts',(-64.0940289397343,49.8586563917131,71.8927860496508));
#4535=CARTESIAN_POINT('Ctrl Pts',(-64.1647418990741,49.8279819174979,71.9634172920321));
#4536=CARTESIAN_POINT('Ctrl Pts',(-64.2344936577737,49.7924897019566,72.0331027433118));
#4537=CARTESIAN_POINT('Ctrl Pts',(-64.3030102685715,49.7522926174941,72.1015792883686));
#4538=CARTESIAN_POINT('Ctrl Pts',(-64.3711954838536,49.7122899549883,72.1697246316965));
#4539=CARTESIAN_POINT('Ctrl Pts',(-64.4378699722259,49.6677973782799,72.236383635701));
#4540=CARTESIAN_POINT('Ctrl Pts',(-64.5027882374773,49.6189948367182,72.3013153720298));
#4541=CARTESIAN_POINT('Ctrl Pts',(-64.5671150830002,49.5706368970841,72.3656555659058));
#4542=CARTESIAN_POINT('Ctrl Pts',(-64.6297179130716,49.518046707705,72.4283004721272));
#4543=CARTESIAN_POINT('Ctrl Pts',(-64.6903438817096,49.4613564532804,72.4889930245855));
#4544=CARTESIAN_POINT('Ctrl Pts',(-64.7499614577074,49.4056091287028,72.548676076914));
#4545=CARTESIAN_POINT('Ctrl Pts',(-64.8076676947853,49.3458965482458,72.6064717516955));
#4546=CARTESIAN_POINT('Ctrl Pts',(-64.8632037184133,49.282309488685,72.6621046449199));
#4547=CARTESIAN_POINT('Ctrl Pts',(-64.9187397420414,49.2187224291242,72.7177375381442));
#4548=CARTESIAN_POINT('Ctrl Pts',(-64.972105917071,49.1512605540125,72.771208318816));
#4549=CARTESIAN_POINT('Ctrl Pts',(-65.0230197029927,49.0799851213461,72.8222010323637));
#4550=CARTESIAN_POINT('Ctrl Pts',(-65.0706023338128,49.0133730527735,72.8698574267827));
#4551=CARTESIAN_POINT('Ctrl Pts',(-65.115819066206,48.9437423019899,72.9151252252711));
#4552=CARTESIAN_POINT('Ctrl Pts',(-65.1584825444851,48.8712019602045,72.9577863564571));
#4553=CARTESIAN_POINT('Ctrl Pts',(-65.2043774160718,48.7931673084278,73.0036787031785));
#4554=CARTESIAN_POINT('Ctrl Pts',(-65.2473179964625,48.7117653236265,73.0465553467321));
#4555=CARTESIAN_POINT('Ctrl Pts',(-65.2871880693637,48.6273756026616,73.0863503790636));
#4556=CARTESIAN_POINT('Ctrl Pts',(-65.3268491162157,48.5434283100318,73.1259367787595));
#4557=CARTESIAN_POINT('Ctrl Pts',(-65.363471893493,48.4565236635088,73.1624740340031));
#4558=CARTESIAN_POINT('Ctrl Pts',(-65.3969196341568,48.3670158707161,73.1958558792257));
#4559=CARTESIAN_POINT('Ctrl Pts',(-65.4284751650148,48.2825717240729,73.2273492424876));
#4560=CARTESIAN_POINT('Ctrl Pts',(-65.4572046621443,48.1958098797391,73.2560339860594));
#4561=CARTESIAN_POINT('Ctrl Pts',(-65.4829732647107,48.1070221105509,73.2817837542185));
#4562=CARTESIAN_POINT('Ctrl Pts',(-65.5103528112969,48.0126837056447,73.30914328895));
#4563=CARTESIAN_POINT('Ctrl Pts',(-65.5342296635319,47.9166075796418,73.3330311428385));
#4564=CARTESIAN_POINT('Ctrl Pts',(-65.5545311857111,47.8191965406046,73.3533765431278));
#4565=CARTESIAN_POINT('Ctrl Pts',(-65.5747623706286,47.7221229947698,73.3736514541342));
#4566=CARTESIAN_POINT('Ctrl Pts',(-65.5914430781081,47.6237228848026,73.3904086409571));
#4567=CARTESIAN_POINT('Ctrl Pts',(-65.6044790610343,47.5243780536137,73.4035348595772));
#4568=CARTESIAN_POINT('Ctrl Pts',(-65.6171937784698,47.4274815277133,73.4163375888916));
#4569=CARTESIAN_POINT('Ctrl Pts',(-65.6264412379893,47.3296854610066,73.4256861775019));
#4570=CARTESIAN_POINT('Ctrl Pts',(-65.6321116575532,47.2313406530881,73.4314324850612));
#4571=CARTESIAN_POINT('Ctrl Pts',(-65.6365418656567,47.1545054277447,73.4359219832417));
#4572=CARTESIAN_POINT('Ctrl Pts',(-65.6387882158941,47.0773350607952,73.4382118314487));
#4573=CARTESIAN_POINT('Ctrl Pts',(-65.6387882158941,47.,73.4382118314487));
#4574=CARTESIAN_POINT('',(-57.4388393646028,50.,65.2382629801574));
#4575=CARTESIAN_POINT('',(-49.1432712940057,50.,56.9426949095602));
#4576=CARTESIAN_POINT('Ctrl Pts',(-55.2475043640332,47.,63.0469279795877));
#4577=CARTESIAN_POINT('Ctrl Pts',(-55.2475043640332,47.3785551043061,63.0469279795877));
#4578=CARTESIAN_POINT('Ctrl Pts',(-55.2998846345929,47.7527832856341,63.0993082501475));
#4579=CARTESIAN_POINT('Ctrl Pts',(-55.5043071849795,48.4598405174302,63.3037308005341));
#4580=CARTESIAN_POINT('Ctrl Pts',(-55.6558053952655,48.7840757753764,63.455229010819));
#4581=CARTESIAN_POINT('Ctrl Pts',(-56.0431220469361,49.3452463530275,63.8425456624896));
#4582=CARTESIAN_POINT('Ctrl Pts',(-56.2778867908884,49.5733487377211,64.0773104064379));
#4583=CARTESIAN_POINT('Ctrl Pts',(-56.6779971935651,49.8211566457858,64.4774208091146));
#4584=CARTESIAN_POINT('Ctrl Pts',(-56.8258444058046,49.8878560117332,64.6252680213591));
#4585=CARTESIAN_POINT('Ctrl Pts',(-57.1290612309065,49.9774243046024,64.928484846461));
#4586=CARTESIAN_POINT('Ctrl Pts',(-57.2837842733464,50.,65.083207888901));
#4587=CARTESIAN_POINT('Ctrl Pts',(-57.4388393646028,50.,65.2382629801574));
#4588=CARTESIAN_POINT('Ctrl Pts',(-57.4388393646028,15.,65.2382629801574));
#4589=CARTESIAN_POINT('Ctrl Pts',(-57.1451641827595,15.,64.9445877983141));
#4590=CARTESIAN_POINT('Ctrl Pts',(-56.8537835131077,15.0809848099875,64.6532071286726));
#4591=CARTESIAN_POINT('Ctrl Pts',(-56.3148960039351,15.3945978765443,64.1143196195));
#4592=CARTESIAN_POINT('Ctrl Pts',(-56.0712271834398,15.622319543753,63.8706507990033));
#4593=CARTESIAN_POINT('Ctrl Pts',(-55.6688437224485,16.1898047074059,63.4682673380121));
#4594=CARTESIAN_POINT('Ctrl Pts',(-55.5113944895128,16.5202208458355,63.3108181050708));
#4595=CARTESIAN_POINT('Ctrl Pts',(-55.3010753125369,17.2388040239932,63.1004989280949));
#4596=CARTESIAN_POINT('Ctrl Pts',(-55.2475043640332,17.6171646607787,63.0469279795877));
#4597=CARTESIAN_POINT('Ctrl Pts',(-55.2475043640332,18.,63.0469279795877));
#4598=CARTESIAN_POINT('Ctrl Pts',(33.1229866358012,15.,75.768000057249));
#4599=CARTESIAN_POINT('Ctrl Pts',(20.2812225389693,15.,79.5522261493295));
#4600=CARTESIAN_POINT('Ctrl Pts',(-2.21737101952822,15.,82.0595683990097));
#4601=CARTESIAN_POINT('Ctrl Pts',(-33.2082518675659,15.,76.8451130683528));
#4602=CARTESIAN_POINT('Ctrl Pts',(-49.7655568710463,15.,69.7946725542571));
#4603=CARTESIAN_POINT('Ctrl Pts',(-57.4388393646028,15.,65.2382629801574));
#4604=CARTESIAN_POINT('Ctrl Pts',(32.869268208685,15.,74.9070070539863));
#4605=CARTESIAN_POINT('Ctrl Pts',(20.1301263613688,15.,78.6609923013264));
#4606=CARTESIAN_POINT('Ctrl Pts',(-2.20200189655079,15.,81.1505957192749));
#4607=CARTESIAN_POINT('Ctrl Pts',(-32.9567421450067,15.,75.9747709749875));
#4608=CARTESIAN_POINT('Ctrl Pts',(-49.3765492858316,15.,68.9817474084208));
#4609=CARTESIAN_POINT('Ctrl Pts',(-56.9805512467652,15.,64.4664767448729));
#4610=CARTESIAN_POINT('Ctrl Pts',(32.4300120479224,15.7533211337787,73.4163921019889));
#4611=CARTESIAN_POINT('Ctrl Pts',(19.8673029335615,15.7533211337787,77.1183859448372));
#4612=CARTESIAN_POINT('Ctrl Pts',(-2.17425264335995,15.7533211337787,79.5769508140746));
#4613=CARTESIAN_POINT('Ctrl Pts',(-32.5221709970545,15.7533211337787,74.4678833440273));
#4614=CARTESIAN_POINT('Ctrl Pts',(-48.7022370736188,15.7533211337787,67.5748459864639));
#4615=CARTESIAN_POINT('Ctrl Pts',(-56.1871288633279,15.7533211337787,63.130303166573));
#4616=CARTESIAN_POINT('Ctrl Pts',(32.2749952573913,17.3268015742308,72.8903429160763));
#4617=CARTESIAN_POINT('Ctrl Pts',(19.7750861129044,17.3268015742308,76.5738307902129));
#4618=CARTESIAN_POINT('Ctrl Pts',(-2.16495473022285,17.3268015742308,79.0215841092612));
#4619=CARTESIAN_POINT('Ctrl Pts',(-32.3684340183871,17.3268015742308,73.9361290794619));
#4620=CARTESIAN_POINT('Ctrl Pts',(-48.4646287831555,17.3268015742308,67.0781252483017));
#4621=CARTESIAN_POINT('Ctrl Pts',(-55.9071241590059,17.3268015742308,62.6587574986855));
#4622=CARTESIAN_POINT('Ctrl Pts',(32.2749952573913,18.,72.8903429160763));
#4623=CARTESIAN_POINT('Ctrl Pts',(19.774848087679,18.,76.5739009317652));
#4624=CARTESIAN_POINT('Ctrl Pts',(-2.16473471907854,18.,79.0215910545308));
#4625=CARTESIAN_POINT('Ctrl Pts',(-32.3686000532647,18.,73.9361123358532));
#4626=CARTESIAN_POINT('Ctrl Pts',(-48.4644680917413,18.,67.0782206671656));
#4627=CARTESIAN_POINT('Ctrl Pts',(-55.9071241590059,18.,62.6587574986855));
#4628=CARTESIAN_POINT('Ctrl Pts',(30.5247578652165,15.,76.5002032999233));
#4629=CARTESIAN_POINT('Ctrl Pts',(30.5190479119821,15.,76.3990962876056));
#4630=CARTESIAN_POINT('Ctrl Pts',(30.5133803229885,15.0052444018983,76.2983127550567));
#4631=CARTESIAN_POINT('Ctrl Pts',(30.5077596778392,15.0154747838172,76.1981654264792));
#4632=CARTESIAN_POINT('Ctrl Pts',(30.5020399269694,15.0258855523899,76.0962522555676));
#4633=CARTESIAN_POINT('Ctrl Pts',(30.4963685944333,15.0414599174272,75.9949972056868));
#4634=CARTESIAN_POINT('Ctrl Pts',(30.4907522157031,15.0619803041812,75.8947303606905));
#4635=CARTESIAN_POINT('Ctrl Pts',(30.4850703343732,15.0827400157286,75.7932941253576));
#4636=CARTESIAN_POINT('Ctrl Pts',(30.4794444822852,15.1085620892918,75.6928684920872));
#4637=CARTESIAN_POINT('Ctrl Pts',(30.4738862758905,15.1392726496133,75.5938072131245));
#4638=CARTESIAN_POINT('Ctrl Pts',(30.4709309420012,15.1556016509548,75.5411356975238));
#4639=CARTESIAN_POINT('Ctrl Pts',(30.4679948333846,15.1733135216073,75.4888501741462));
#4640=CARTESIAN_POINT('Ctrl Pts',(30.4650805675415,15.1923874896377,75.4370063634205));
#4641=CARTESIAN_POINT('Ctrl Pts',(32.3378139181008,50.,83.3216895325808));
#4642=CARTESIAN_POINT('Ctrl Pts',(18.5158368987331,50.,86.6871864939275));
#4643=CARTESIAN_POINT('Ctrl Pts',(-5.403992734249,50.,88.6016896615579));
#4644=CARTESIAN_POINT('Ctrl Pts',(-38.2600645711459,50.,82.8127856369204));
#4645=CARTESIAN_POINT('Ctrl Pts',(-55.9096301501275,50.,75.5133622614832));
#4646=CARTESIAN_POINT('Ctrl Pts',(-64.1573217351774,50.,70.8295230676225));
#4647=CARTESIAN_POINT('Ctrl Pts',(32.5501648066475,50.,84.1938071233098));
#4648=CARTESIAN_POINT('Ctrl Pts',(18.6340658038839,50.,87.582221735921));
#4649=CARTESIAN_POINT('Ctrl Pts',(-5.43733591144739,50.,89.5083385570467));
#4650=CARTESIAN_POINT('Ctrl Pts',(-38.5100644005413,50.,83.6822649767082));
#4651=CARTESIAN_POINT('Ctrl Pts',(-56.2874550148364,50.,76.3310369723973));
#4652=CARTESIAN_POINT('Ctrl Pts',(-64.6005754710608,50.,71.6100409197893));
#4653=CARTESIAN_POINT('Ctrl Pts',(32.9177833282629,49.2465717182381,85.7036033929306));
#4654=CARTESIAN_POINT('Ctrl Pts',(18.8398656278963,49.2465717182381,89.1314190502916));
#4655=CARTESIAN_POINT('Ctrl Pts',(-5.4961175563454,49.2465717182381,91.0778430693777));
#4656=CARTESIAN_POINT('Ctrl Pts',(-38.9420698649407,49.2465717182381,85.1875749909495));
#4657=CARTESIAN_POINT('Ctrl Pts',(-56.9423206939651,49.2465717182381,77.7461389371028));
#4658=CARTESIAN_POINT('Ctrl Pts',(-65.3679293738443,49.2465717182381,72.9612611613037));
#4659=CARTESIAN_POINT('Ctrl Pts',(33.0475444833264,47.6731984257692,86.2365278685412));
#4660=CARTESIAN_POINT('Ctrl Pts',(18.9120285744851,47.6731984257692,89.6783680460797));
#4661=CARTESIAN_POINT('Ctrl Pts',(-5.51641425568134,47.6731984257692,91.631873884862));
#4662=CARTESIAN_POINT('Ctrl Pts',(-39.0948956036639,47.6731984257692,85.7188813166391));
#4663=CARTESIAN_POINT('Ctrl Pts',(-57.1731401616382,47.6731984257692,78.2458278472838));
#4664=CARTESIAN_POINT('Ctrl Pts',(-65.6387882204829,47.6731984257692,73.4382118288427));
#4665=CARTESIAN_POINT('Ctrl Pts',(33.0475444833264,47.,86.2365278685412));
#4666=CARTESIAN_POINT('Ctrl Pts',(18.9122468839299,47.,89.6783148901692));
#4667=CARTESIAN_POINT('Ctrl Pts',(-5.51661987205517,47.,91.631859935158));
#4668=CARTESIAN_POINT('Ctrl Pts',(-39.0947420777609,47.,85.7188970600786));
#4669=CARTESIAN_POINT('Ctrl Pts',(-57.1732919193894,47.,78.2457416645142));
#4670=CARTESIAN_POINT('Ctrl Pts',(-65.6387882204829,47.,73.4382118288427));
#4671=CARTESIAN_POINT('',(30.9291093138709,50.,83.65655246951));
#4672=CARTESIAN_POINT('Ctrl Pts',(30.9291468539256,50.,83.6565913362506));
#4673=CARTESIAN_POINT('Ctrl Pts',(30.9348184668908,50.,83.7569820990244));
#4674=CARTESIAN_POINT('Ctrl Pts',(30.940453135722,49.9947593406302,83.8570377186313));
#4675=CARTESIAN_POINT('Ctrl Pts',(30.9460412704802,49.9845370261362,83.9564498877931));
#4676=CARTESIAN_POINT('Ctrl Pts',(30.9517304398297,49.9741298901569,84.0576594488055));
#4677=CARTESIAN_POINT('Ctrl Pts',(30.9573715439185,49.9585590995995,84.1582028031251));
#4678=CARTESIAN_POINT('Ctrl Pts',(30.9629553256513,49.9380431916921,84.2577538606708));
#4679=CARTESIAN_POINT('Ctrl Pts',(30.9686090902636,49.9172701529765,84.3585526155648));
#4680=CARTESIAN_POINT('Ctrl Pts',(30.9742042716382,49.8914269707934,84.4583348424687));
#4681=CARTESIAN_POINT('Ctrl Pts',(30.9797294551854,49.8606889271554,84.5567496887788));
#4682=CARTESIAN_POINT('Ctrl Pts',(30.9823657134078,49.8460227319799,84.6037068523885));
#4683=CARTESIAN_POINT('Ctrl Pts',(30.9849859923736,49.8302414608876,84.6503524662811));
#4684=CARTESIAN_POINT('Ctrl Pts',(30.9875887190094,49.8133603933373,84.6966466231885));
#4685=CARTESIAN_POINT('Ctrl Pts',(30.9291197886765,50.,83.6565976158972));
#4686=CARTESIAN_POINT('Ctrl Pts',(17.5421372971085,50.,86.7626277420459));
#4687=CARTESIAN_POINT('Ctrl Pts',(-5.88175067276876,50.,88.5175135961162));
#4688=CARTESIAN_POINT('Ctrl Pts',(-37.9870182136877,50.,82.8608936142054));
#4689=CARTESIAN_POINT('Ctrl Pts',(-55.3960312089956,50.,75.7248314209615));
#4690=CARTESIAN_POINT('Ctrl Pts',(-63.4361793171996,50.,71.2356062510111));
#4691=CARTESIAN_POINT('Ctrl Pts',(-57.4388393646028,50.,65.2382629801574));
#4692=CARTESIAN_POINT('Ctrl Pts',(-53.6021981178245,50.,67.5164677672073));
#4693=CARTESIAN_POINT('Ctrl Pts',(-41.627616709965,50.,73.580799470027));
#4694=CARTESIAN_POINT('Ctrl Pts',(-20.050618860104,50.,79.8324169356362));
#4695=CARTESIAN_POINT('Ctrl Pts',(6.85055807036222,50.,81.305511231401));
#4696=CARTESIAN_POINT('Ctrl Pts',(24.5618105712467,50.,78.2908174519693));
#4697=CARTESIAN_POINT('Ctrl Pts',(33.1229866358013,50.,75.768000057249));
#4698=CARTESIAN_POINT('Ctrl Pts',(-56.9805512467652,50.,64.4664767448729));
#4699=CARTESIAN_POINT('Ctrl Pts',(-53.1785502662984,50.,66.7241120766469));
#4700=CARTESIAN_POINT('Ctrl Pts',(-41.3075453811284,50.,72.7363858078304));
#4701=CARTESIAN_POINT('Ctrl Pts',(-19.9007372568596,50.,78.939606462376));
#4702=CARTESIAN_POINT('Ctrl Pts',(6.79953060614982,50.,80.4019819913278));
#4703=CARTESIAN_POINT('Ctrl Pts',(24.376506977141,50.,77.4096638855464));
#4704=CARTESIAN_POINT('Ctrl Pts',(32.8692682086851,50.,74.9070070539863));
#4705=CARTESIAN_POINT('Ctrl Pts',(-56.1871603017882,49.2465970946449,63.1303561109325));
#4706=CARTESIAN_POINT('Ctrl Pts',(-52.4447144069336,49.2465970946449,65.352627520878));
#4707=CARTESIAN_POINT('Ctrl Pts',(-40.7534862904884,49.2465970946449,71.2745004781134));
#4708=CARTESIAN_POINT('Ctrl Pts',(-19.6414268631269,49.2465970946449,77.3941518579527));
#4709=CARTESIAN_POINT('Ctrl Pts',(6.7116656613056,49.2465970946449,78.8377132742915));
#4710=CARTESIAN_POINT('Ctrl Pts',(24.0548900433747,49.2465970946449,75.8844470611446));
#4711=CARTESIAN_POINT('Ctrl Pts',(32.4300294529486,49.2465970946449,73.4164511659124));
#4712=CARTESIAN_POINT('Ctrl Pts',(-55.9071241590059,47.6731984257692,62.6587574986855));
#4713=CARTESIAN_POINT('Ctrl Pts',(-52.1858764710807,47.6731984257692,64.8684413734936));
#4714=CARTESIAN_POINT('Ctrl Pts',(-40.5579034771729,47.6731984257692,70.7585254017301));
#4715=CARTESIAN_POINT('Ctrl Pts',(-19.5498294612292,47.6731984257692,76.8485876949145));
#4716=CARTESIAN_POINT('Ctrl Pts',(6.68044956768575,47.6731984257692,78.2856189177243));
#4717=CARTESIAN_POINT('Ctrl Pts',(23.9417224944001,47.6731984257692,75.346001498834));
#4718=CARTESIAN_POINT('Ctrl Pts',(32.2749952573913,47.6731984257692,72.8903429160763));
#4719=CARTESIAN_POINT('Ctrl Pts',(-55.9071241590059,47.,62.6587574986855));
#4720=CARTESIAN_POINT('Ctrl Pts',(-52.1857961253736,47.,64.8684890829256));
#4721=CARTESIAN_POINT('Ctrl Pts',(-40.5579132074983,47.,70.7585192567198));
#4722=CARTESIAN_POINT('Ctrl Pts',(-19.5498615488811,47.,76.8486233489552));
#4723=CARTESIAN_POINT('Ctrl Pts',(6.68054149959543,47.,78.2856045954965));
#4724=CARTESIAN_POINT('Ctrl Pts',(23.9415638109165,47.,75.3460482598689));
#4725=CARTESIAN_POINT('Ctrl Pts',(32.2749952573913,47.,72.8903429160763));
#4726=CARTESIAN_POINT('',(30.5245784714874,50.,76.5001175871891));
#4727=CARTESIAN_POINT('Ctrl Pts',(-57.4388393646028,50.,65.2382629801574));
#4728=CARTESIAN_POINT('Ctrl Pts',(-53.6021981178245,50.,67.5164677672073));
#4729=CARTESIAN_POINT('Ctrl Pts',(-41.627616709965,50.,73.580799470027));
#4730=CARTESIAN_POINT('Ctrl Pts',(-20.050618860104,50.,79.8324169356362));
#4731=CARTESIAN_POINT('Ctrl Pts',(5.9464135887644,50.,81.2560007552671));
#4732=CARTESIAN_POINT('Ctrl Pts',(22.7754265845475,50.,78.5846293019555));
#4733=CARTESIAN_POINT('Ctrl Pts',(30.5245922148904,50.,76.5001687024792));
#4734=CARTESIAN_POINT('Ctrl Pts',(30.4650294386951,49.8075967474802,75.4369716257218));
#4735=CARTESIAN_POINT('Ctrl Pts',(30.4704790137788,49.8432868716033,75.5339696956377));
#4736=CARTESIAN_POINT('Ctrl Pts',(30.4760099259882,49.8742546161662,75.6326305863549));
#4737=CARTESIAN_POINT('Ctrl Pts',(30.4816101383198,49.9003180518087,75.7326047293747));
#4738=CARTESIAN_POINT('Ctrl Pts',(30.4841017572482,49.9119140674132,75.7770847334081));
#4739=CARTESIAN_POINT('Ctrl Pts',(30.4866071778492,49.9225386418171,75.8218249305707));
#4740=CARTESIAN_POINT('Ctrl Pts',(30.489125669671,49.9321725482331,75.8667953916575));
#4741=CARTESIAN_POINT('Ctrl Pts',(30.4949541161446,49.9544679185783,75.9708687593266));
#4742=CARTESIAN_POINT('Ctrl Pts',(30.5008389869096,49.9714098496895,76.0759344136182));
#4743=CARTESIAN_POINT('Ctrl Pts',(30.5067697727307,49.982792754565,76.1816158956937));
#4744=CARTESIAN_POINT('Ctrl Pts',(30.5127005585519,49.9941756594405,76.2872973777692));
#4745=CARTESIAN_POINT('Ctrl Pts',(30.518677495907,50.,76.3935955672682));
#4746=CARTESIAN_POINT('Ctrl Pts',(30.5246938983525,50.,76.5001413504298));
#4747=CARTESIAN_POINT('Ctrl Pts',(33.1229866358013,50.,-75.768000057249));
#4748=CARTESIAN_POINT('Ctrl Pts',(20.2812175014475,50.,-79.5522276337924));
#4749=CARTESIAN_POINT('Ctrl Pts',(-2.21736000068018,50.,-82.0595858708397));
#4750=CARTESIAN_POINT('Ctrl Pts',(-33.2081290925441,50.,-76.845130423686));
#4751=CARTESIAN_POINT('Ctrl Pts',(-49.7656175676789,50.,-69.7946365124825));
#4752=CARTESIAN_POINT('Ctrl Pts',(-57.4388393646028,50.,-65.2382629801574));
#4753=CARTESIAN_POINT('Ctrl Pts',(32.8692682086851,50.,-74.9070070539863));
#4754=CARTESIAN_POINT('Ctrl Pts',(20.1301213641033,50.,-78.6609937739265));
#4755=CARTESIAN_POINT('Ctrl Pts',(-2.2019996816058,50.,-81.1506004850496));
#4756=CARTESIAN_POINT('Ctrl Pts',(-32.9566172117712,50.,-75.9747803761915));
#4757=CARTESIAN_POINT('Ctrl Pts',(-49.3766094344465,50.,-68.9817116920602));
#4758=CARTESIAN_POINT('Ctrl Pts',(-56.9805512467652,50.,-64.4664767448729));
#4759=CARTESIAN_POINT('Ctrl Pts',(32.4300294529486,49.2465970946449,-73.4164511659124));
#4760=CARTESIAN_POINT('Ctrl Pts',(19.8673154105325,49.2465970946449,-77.1184464609658));
#4761=CARTESIAN_POINT('Ctrl Pts',(-2.1742514882661,49.2465970946449,-79.5770185766164));
#4762=CARTESIAN_POINT('Ctrl Pts',(-32.5220576647305,49.2465970946449,-74.4679610298641));
#4763=CARTESIAN_POINT('Ctrl Pts',(-48.7023277185175,49.2465970946449,-67.574863773929));
#4764=CARTESIAN_POINT('Ctrl Pts',(-56.1871603017882,49.2465970946449,-63.1303561109325));
#4765=CARTESIAN_POINT('Ctrl Pts',(32.2749952573913,47.6731984257692,-72.8903429160763));
#4766=CARTESIAN_POINT('Ctrl Pts',(19.7750812094842,47.6731984257692,-76.5738322351585));
#4767=CARTESIAN_POINT('Ctrl Pts',(-2.16495303761688,47.6731984257692,-79.0215802303708));
#4768=CARTESIAN_POINT('Ctrl Pts',(-32.3683067980031,47.6731984257692,-73.936140051759));
#4769=CARTESIAN_POINT('Ctrl Pts',(-48.4646876542329,47.6731984257692,-67.0780902905452));
#4770=CARTESIAN_POINT('Ctrl Pts',(-55.9071241590059,47.6731984257692,-62.6587574986855));
#4771=CARTESIAN_POINT('Ctrl Pts',(32.2749952573913,47.,-72.8903429160763));
#4772=CARTESIAN_POINT('Ctrl Pts',(19.7748431841654,47.,-76.5739023767384));
#4773=CARTESIAN_POINT('Ctrl Pts',(-2.16472881021569,47.,-79.0215916053478));
#4774=CARTESIAN_POINT('Ctrl Pts',(-32.3684734135335,47.,-73.936127546024));
#4775=CARTESIAN_POINT('Ctrl Pts',(-48.4645269640899,47.,-67.0781857086543));
#4776=CARTESIAN_POINT('Ctrl Pts',(-55.9071241590059,47.,-62.6587574986855));
#4777=CARTESIAN_POINT('',(-57.4388393646028,50.,-65.2382629801574));
#4778=CARTESIAN_POINT('Ctrl Pts',(-57.4388393646028,50.,-65.2382629801574));
#4779=CARTESIAN_POINT('Ctrl Pts',(-57.1451641821997,50.,-64.9445877977543));
#4780=CARTESIAN_POINT('Ctrl Pts',(-56.8537835120023,49.9190151897038,-64.6532071275662));
#4781=CARTESIAN_POINT('Ctrl Pts',(-56.3148959993321,49.6054021204467,-64.114319614896));
#4782=CARTESIAN_POINT('Ctrl Pts',(-56.0712271764002,49.3776804494671,-63.8706507919631));
#4783=CARTESIAN_POINT('Ctrl Pts',(-55.6688437124391,48.8101952754339,-63.468267328002));
#4784=CARTESIAN_POINT('Ctrl Pts',(-55.5113944792032,48.4797791304914,-63.3108180947609));
#4785=CARTESIAN_POINT('Ctrl Pts',(-55.301075309432,47.7611959541945,-63.1004989249897));
#4786=CARTESIAN_POINT('Ctrl Pts',(-55.2475043640332,47.3828353281214,-63.0469279795877));
#4787=CARTESIAN_POINT('Ctrl Pts',(-55.2475043640332,47.,-63.0469279795877));
#4788=CARTESIAN_POINT('Ctrl Pts',(30.5246121104494,50.,-76.5002427011452));
#4789=CARTESIAN_POINT('Ctrl Pts',(18.4669596861965,50.,-79.7443460196787));
#4790=CARTESIAN_POINT('Ctrl Pts',(-3.11017057856037,50.,-81.9093630426387));
#4791=CARTESIAN_POINT('Ctrl Pts',(-33.2081290925441,50.,-76.845130423686));
#4792=CARTESIAN_POINT('Ctrl Pts',(-49.7656175676789,50.,-69.7946365124825));
#4793=CARTESIAN_POINT('Ctrl Pts',(-57.4388393646028,50.,-65.2382629801574));
#4794=CARTESIAN_POINT('Origin',(-65.6387882159126,0.,-73.4382118314672));
#4795=CARTESIAN_POINT('',(-63.436175122118,50.,-71.2355987376707));
#4796=CARTESIAN_POINT('',(-54.3389132199477,50.,-62.1383368355023));
#4797=CARTESIAN_POINT('Ctrl Pts',(-65.6387882158941,47.,-73.4382118314487));
#4798=CARTESIAN_POINT('Ctrl Pts',(-65.6387882158941,47.0991732842116,-73.4382118314487));
#4799=CARTESIAN_POINT('Ctrl Pts',(-65.6350948471869,47.1980769769931,-73.4344477209546));
#4800=CARTESIAN_POINT('Ctrl Pts',(-65.6278368534411,47.2963528149662,-73.4271041126701));
#4801=CARTESIAN_POINT('Ctrl Pts',(-65.6204525708772,47.3963386488225,-73.4196327258777));
#4802=CARTESIAN_POINT('Ctrl Pts',(-65.609378466736,47.4956754012099,-73.4084560566861));
#4803=CARTESIAN_POINT('Ctrl Pts',(-65.5947249236661,47.5939916337694,-73.3937199379559));
#4804=CARTESIAN_POINT('Ctrl Pts',(-65.5799375266013,47.6932059440445,-73.3788492109367));
#4805=CARTESIAN_POINT('Ctrl Pts',(-65.5615048953953,47.7913818856867,-73.3603535142023));
#4806=CARTESIAN_POINT('Ctrl Pts',(-65.5395163817507,47.8881307763321,-73.3383362669827));
#4807=CARTESIAN_POINT('Ctrl Pts',(-65.5231997313392,47.959923615624,-73.3219982947254));
#4808=CARTESIAN_POINT('Ctrl Pts',(-65.5049245499297,48.0309305860416,-73.3037202253855));
#4809=CARTESIAN_POINT('Ctrl Pts',(-65.4847194143077,48.1009860374237,-73.2835289851116));
#4810=CARTESIAN_POINT('Ctrl Pts',(-65.4576506433536,48.1948391549194,-73.2564788297214));
#4811=CARTESIAN_POINT('Ctrl Pts',(-65.4272740768815,48.2864492539229,-73.2261504355139));
#4812=CARTESIAN_POINT('Ctrl Pts',(-65.393746757914,48.3754715484114,-73.1926904162515));
#4813=CARTESIAN_POINT('Ctrl Pts',(-65.3598890594902,48.4653710719222,-73.1589006807067));
#4814=CARTESIAN_POINT('Ctrl Pts',(-65.3228180903383,48.5526324163034,-73.1219170717985));
#4815=CARTESIAN_POINT('Ctrl Pts',(-65.2826707051647,48.6368926298339,-73.0818444211877));
#4816=CARTESIAN_POINT('Ctrl Pts',(-65.2440821714853,48.7178811692768,-73.043327720261));
#4817=CARTESIAN_POINT('Ctrl Pts',(-65.2026512240117,48.796097743464,-73.001956713476));
#4818=CARTESIAN_POINT('Ctrl Pts',(-65.1584796071026,48.8712019602045,-72.9577878674076));
#4819=CARTESIAN_POINT('Ctrl Pts',(-65.1212634205815,48.9344799820277,-72.9205740154201));
#4820=CARTESIAN_POINT('Ctrl Pts',(-65.0821013431791,48.995548503045,-72.881373331417));
#4821=CARTESIAN_POINT('Ctrl Pts',(-65.0411175230796,49.0543351590339,-72.8403308120076));
#4822=CARTESIAN_POINT('Ctrl Pts',(-64.9916889128701,49.125234911603,-72.7908314073893));
#4823=CARTESIAN_POINT('Ctrl Pts',(-64.9398504657999,49.1924736436537,-72.7388934024511));
#4824=CARTESIAN_POINT('Ctrl Pts',(-64.8858708705657,49.255992958088,-72.6848188014381));
#4825=CARTESIAN_POINT('Ctrl Pts',(-64.830730957137,49.3208776517164,-72.6295818400343));
#4826=CARTESIAN_POINT('Ctrl Pts',(-64.7733565791302,49.3818817450368,-72.5721149227377));
#4827=CARTESIAN_POINT('Ctrl Pts',(-64.7140101308147,49.4389134716548,-72.5126987289934));
#4828=CARTESIAN_POINT('Ctrl Pts',(-64.6534160167402,49.4971442006477,-72.4520334032022));
#4829=CARTESIAN_POINT('Ctrl Pts',(-64.5907657257918,49.5512342880524,-72.3893353909265));
#4830=CARTESIAN_POINT('Ctrl Pts',(-64.5263183546148,49.6010483656965,-72.3248694270496));
#4831=CARTESIAN_POINT('Ctrl Pts',(-64.4686680284312,49.645608722035,-72.2672024690748));
#4832=CARTESIAN_POINT('Ctrl Pts',(-64.4095792369831,49.6867471483552,-72.2081200126865));
#4833=CARTESIAN_POINT('Ctrl Pts',(-64.3492274351206,49.7243370592199,-72.1477952532476));
#4834=CARTESIAN_POINT('Ctrl Pts',(-64.2812206949669,49.7666948218994,-72.0798189855405));
#4835=CARTESIAN_POINT('Ctrl Pts',(-64.2118382321242,49.8044049342066,-72.0104949493255));
#4836=CARTESIAN_POINT('Ctrl Pts',(-64.1413505699768,49.837333024188,-71.9400840928416));
#4837=CARTESIAN_POINT('Ctrl Pts',(-64.0708062916819,49.870287562225,-71.8696166819011));
#4838=CARTESIAN_POINT('Ctrl Pts',(-63.9991546469744,49.8984527888935,-71.7980599960297));
#4839=CARTESIAN_POINT('Ctrl Pts',(-63.926653817159,49.9216479628868,-71.7256560039828));
#4840=CARTESIAN_POINT('Ctrl Pts',(-63.9189399267207,49.9241158661003,-71.7179524168188));
#4841=CARTESIAN_POINT('Ctrl Pts',(-63.9112164143152,49.926527460193,-71.7102392254237));
#4842=CARTESIAN_POINT('Ctrl Pts',(-63.9034835851053,49.9288824938853,-71.7025167133393));
#4843=CARTESIAN_POINT('Ctrl Pts',(-63.8305884808974,49.9510827031169,-71.6297188656354));
#4844=CARTESIAN_POINT('Ctrl Pts',(-63.7570144893251,49.9682156446675,-71.5562421915593));
#4845=CARTESIAN_POINT('Ctrl Pts',(-63.6830244898091,49.9801046866968,-71.4823273507035));
#4846=CARTESIAN_POINT('Ctrl Pts',(-63.6103792049631,49.9917776539953,-71.4097558585634));
#4847=CARTESIAN_POINT('Ctrl Pts',(-63.5373325145913,49.9983958167397,-71.336761307807));
#4848=CARTESIAN_POINT('Ctrl Pts',(-63.4641272274605,49.999742636698,-71.2635647119344));
#4849=CARTESIAN_POINT('Ctrl Pts',(-63.4548105839171,49.9999140429169,-71.2542491745044));
#4850=CARTESIAN_POINT('Ctrl Pts',(-63.4454913678918,50.,-71.2449303632118));
#4851=CARTESIAN_POINT('Ctrl Pts',(-63.4361700775577,50.,-71.2356087340745));
#4852=CARTESIAN_POINT('',(-63.436175122118,15.,-71.2355987376707));
#4853=CARTESIAN_POINT('Ctrl Pts',(-63.4361699921416,15.,-71.2356091183097));
#4854=CARTESIAN_POINT('Ctrl Pts',(-63.5105621412857,15.,-71.3100039389377));
#4855=CARTESIAN_POINT('Ctrl Pts',(-63.5847511212073,15.0054697136484,-71.3841501685025));
#4856=CARTESIAN_POINT('Ctrl Pts',(-63.65848739338,15.0161465078295,-71.4578183012853));
#4857=CARTESIAN_POINT('Ctrl Pts',(-63.732140440307,15.0268112512412,-71.5314032857305));
#4858=CARTESIAN_POINT('Ctrl Pts',(-63.8053421781888,15.042671746245,-71.6045119354318));
#4859=CARTESIAN_POINT('Ctrl Pts',(-63.8778408036623,15.063521549161,-71.6769139834534));
#4860=CARTESIAN_POINT('Ctrl Pts',(-63.9506954093708,15.0844737280557,-71.7496715374987));
#4861=CARTESIAN_POINT('Ctrl Pts',(-64.0228403754689,15.1104646832234,-71.8217162420971));
#4862=CARTESIAN_POINT('Ctrl Pts',(-64.0940112233025,15.141335084646,-71.892802405293));
#4863=CARTESIAN_POINT('Ctrl Pts',(-64.1647266474424,15.172007945746,-71.9634336866938));
#4864=CARTESIAN_POINT('Ctrl Pts',(-64.2344807560422,15.2074984238196,-72.0331193358962));
#4865=CARTESIAN_POINT('Ctrl Pts',(-64.3029995741989,15.2476937450245,-72.1015961702827));
#4866=CARTESIAN_POINT('Ctrl Pts',(-64.3711864347735,15.2876943293381,-72.1697412504887));
#4867=CARTESIAN_POINT('Ctrl Pts',(-64.4378624425859,15.3321847375227,-72.2364001046403));
#4868=CARTESIAN_POINT('Ctrl Pts',(-64.5027820842225,15.3809851232302,-72.3013317399315));
#4869=CARTESIAN_POINT('Ctrl Pts',(-64.5671095896496,15.4293403974939,-72.3656711296181));
#4870=CARTESIAN_POINT('Ctrl Pts',(-64.6297129768873,15.4819278411979,-72.4283153167164));
#4871=CARTESIAN_POINT('Ctrl Pts',(-64.6903393925459,15.5386153739122,-72.4890071802512));
#4872=CARTESIAN_POINT('Ctrl Pts',(-64.7499594374689,15.5943619195439,-72.5486915866456));
#4873=CARTESIAN_POINT('Ctrl Pts',(-64.8076679069698,15.6540740138094,-72.6064885164534));
#4874=CARTESIAN_POINT('Ctrl Pts',(-64.8632058940368,15.7176609714783,-72.6621224843106));
#4875=CARTESIAN_POINT('Ctrl Pts',(-64.9187438811039,15.7812479291472,-72.7177564521677));
#4876=CARTESIAN_POINT('Ctrl Pts',(-64.972111750681,15.8487100865267,-72.7712281272264));
#4877=CARTESIAN_POINT('Ctrl Pts',(-65.0230269273934,15.9199862850521,-72.8222214667355));
#4878=CARTESIAN_POINT('Ctrl Pts',(-65.0706101716864,15.9865981085928,-72.8698777587853));
#4879=CARTESIAN_POINT('Ctrl Pts',(-65.1158273110703,16.0562289421481,-72.9151452830379));
#4880=CARTESIAN_POINT('Ctrl Pts',(-65.1584909755598,16.1287697733333,-72.9578059088049));
#4881=CARTESIAN_POINT('Ctrl Pts',(-65.2043857248141,16.206804402983,-73.0036973892025));
#4882=CARTESIAN_POINT('Ctrl Pts',(-65.2473259688537,16.2882067889789,-73.0465729411999));
#4883=CARTESIAN_POINT('Ctrl Pts',(-65.2871955675162,16.3725971935873,-73.0863667463793));
#4884=CARTESIAN_POINT('Ctrl Pts',(-65.326856999507,16.4565469800241,-73.125952780619));
#4885=CARTESIAN_POINT('Ctrl Pts',(-65.3634798942422,16.5434545278401,-73.1624894044114));
#4886=CARTESIAN_POINT('Ctrl Pts',(-65.3969275503019,16.6329654677838,-73.1958704345114));
#4887=CARTESIAN_POINT('Ctrl Pts',(-65.4284822903203,16.7174106807366,-73.2273623191588));
#4888=CARTESIAN_POINT('Ctrl Pts',(-65.4572109440134,16.8041737059896,-73.2560455469296));
#4889=CARTESIAN_POINT('Ctrl Pts',(-65.4829787134485,16.8929626521234,-73.2817938406192));
#4890=CARTESIAN_POINT('Ctrl Pts',(-65.5103576212333,16.98730315663,-73.3091520549312));
#4891=CARTESIAN_POINT('Ctrl Pts',(-65.5342337900538,17.0833814055653,-73.3330385832997));
#4892=CARTESIAN_POINT('Ctrl Pts',(-65.5545346546569,17.1807944364187,-73.3533827461586));
#4893=CARTESIAN_POINT('Ctrl Pts',(-65.5747654366917,17.2778711783737,-73.3736566769752));
#4894=CARTESIAN_POINT('Ctrl Pts',(-65.5914456783212,17.3762743876016,-73.3904128832224));
#4895=CARTESIAN_POINT('Ctrl Pts',(-65.6044811946949,17.4756220536347,-73.4035382106895));
#4896=CARTESIAN_POINT('Ctrl Pts',(-65.6171955479818,17.5725220373379,-73.4163401623452));
#4897=CARTESIAN_POINT('Ctrl Pts',(-65.6264425930504,17.6703213234463,-73.4256880088864));
#4898=CARTESIAN_POINT('Ctrl Pts',(-65.6321125996596,17.7686689452961,-73.4314336921604));
#4899=CARTESIAN_POINT('Ctrl Pts',(-65.636542191699,17.845501279519,-73.4359224052512));
#4900=CARTESIAN_POINT('Ctrl Pts',(-65.6387882158941,17.9226684633981,-73.4382118314487));
#4901=CARTESIAN_POINT('Ctrl Pts',(-65.6387882158941,18.,-73.4382118314487));
#4902=CARTESIAN_POINT('',(-57.4388393646028,15.,-65.2382629801574));
#4903=CARTESIAN_POINT('',(-54.3389132199454,15.,-62.1383368355));
#4904=CARTESIAN_POINT('Ctrl Pts',(-55.2475043640332,18.,-63.0469279795877));
#4905=CARTESIAN_POINT('Ctrl Pts',(-55.2475043640332,17.6214448967456,-63.0469279795877));
#4906=CARTESIAN_POINT('Ctrl Pts',(-55.299884634302,17.2472167164334,-63.0993082498566));
#4907=CARTESIAN_POINT('Ctrl Pts',(-55.5043071826615,16.5401594895073,-63.3037307982161));
#4908=CARTESIAN_POINT('Ctrl Pts',(-55.6558053903649,16.2159242347357,-63.4552290059185));
#4909=CARTESIAN_POINT('Ctrl Pts',(-56.0431220348896,15.6547536613102,-63.8425456504432));
#4910=CARTESIAN_POINT('Ctrl Pts',(-56.2778867742182,15.4266512771799,-64.0773103897682));
#4911=CARTESIAN_POINT('Ctrl Pts',(-56.6779971753627,15.1788433629779,-64.4774207909127));
#4912=CARTESIAN_POINT('Ctrl Pts',(-56.8258443913388,15.1121439935989,-64.6252680068933));
#4913=CARTESIAN_POINT('Ctrl Pts',(-57.1290612237984,15.0225756964359,-64.9284848393529));
#4914=CARTESIAN_POINT('Ctrl Pts',(-57.2837842697809,15.,-65.0832078853354));
#4915=CARTESIAN_POINT('Ctrl Pts',(-57.4388393646028,15.,-65.2382629801574));
#4916=CARTESIAN_POINT('Ctrl Pts',(-64.1573217308299,50.,-70.8295230700914));
#4917=CARTESIAN_POINT('Ctrl Pts',(-60.0334759384079,50.,-73.1714426667233));
#4918=CARTESIAN_POINT('Ctrl Pts',(-47.2159695839131,50.,-79.4281110921858));
#4919=CARTESIAN_POINT('Ctrl Pts',(-15.1461427046032,50.,-88.6531210409706));
#4920=CARTESIAN_POINT('Ctrl Pts',(13.9085112265358,50.,-87.8090188141511));
#4921=CARTESIAN_POINT('Ctrl Pts',(32.3378139181008,50.,-83.3216895325808));
#4922=CARTESIAN_POINT('Ctrl Pts',(-64.6005754666789,50.,-71.6100409222778));
#4923=CARTESIAN_POINT('Ctrl Pts',(-60.4440152386714,50.,-73.9705389482804));
#4924=CARTESIAN_POINT('Ctrl Pts',(-47.5296199833539,50.,-80.2744822485431));
#4925=CARTESIAN_POINT('Ctrl Pts',(-15.2394907913323,50.,-89.5603887040543));
#4926=CARTESIAN_POINT('Ctrl Pts',(13.9953661372275,50.,-88.7116932732312));
#4927=CARTESIAN_POINT('Ctrl Pts',(32.5501648066475,50.,-84.1938071233098));
#4928=CARTESIAN_POINT('Ctrl Pts',(-65.367929369403,49.2465717182381,-72.9612611638259));
#4929=CARTESIAN_POINT('Ctrl Pts',(-61.1551250295711,49.2465717182381,-75.3537000514191));
#4930=CARTESIAN_POINT('Ctrl Pts',(-48.0720958306752,49.2465717182381,-81.7396336657347));
#4931=CARTESIAN_POINT('Ctrl Pts',(-15.4023728378082,49.2465717182381,-91.1310782293418));
#4932=CARTESIAN_POINT('Ctrl Pts',(14.1472263953831,49.2465717182381,-90.2740242691825));
#4933=CARTESIAN_POINT('Ctrl Pts',(32.9177833282629,49.2465717182381,-85.7036033929305));
#4934=CARTESIAN_POINT('Ctrl Pts',(-65.6387882160206,47.6731984257692,-73.4382118313768));
#4935=CARTESIAN_POINT('Ctrl Pts',(-61.405964186707,47.6731984257692,-75.8420198402892));
#4936=CARTESIAN_POINT('Ctrl Pts',(-48.2637958152622,47.6731984257692,-82.2568306825066));
#4937=CARTESIAN_POINT('Ctrl Pts',(-15.4593203712078,47.6731984257692,-91.6854787355548));
#4938=CARTESIAN_POINT('Ctrl Pts',(14.2001899391508,47.6731984257692,-90.8256481050288));
#4939=CARTESIAN_POINT('Ctrl Pts',(33.0475444833264,47.6731984257692,-86.2365278685412));
#4940=CARTESIAN_POINT('Ctrl Pts',(-65.6387882160206,47.,-73.4382118313768));
#4941=CARTESIAN_POINT('Ctrl Pts',(-61.4060400655826,47.,-75.8419767489045));
#4942=CARTESIAN_POINT('Ctrl Pts',(-48.2636965881341,47.,-82.2568164957494));
#4943=CARTESIAN_POINT('Ctrl Pts',(-15.4595688889084,47.,-91.6854868949958));
#4944=CARTESIAN_POINT('Ctrl Pts',(14.2004810184106,47.,-90.8255772304815));
#4945=CARTESIAN_POINT('Ctrl Pts',(33.0475444833264,47.,-86.2365278685412));
#4946=CARTESIAN_POINT('Ctrl Pts',(-63.4361781781935,50.,-71.2356042111301));
#4947=CARTESIAN_POINT('Ctrl Pts',(-59.5360707091988,50.,-73.4132074258886));
#4948=CARTESIAN_POINT('Ctrl Pts',(-46.9494725791157,50.,-79.5047699880953));
#4949=CARTESIAN_POINT('Ctrl Pts',(-15.6124666206788,50.,-88.5189811598499));
#4950=CARTESIAN_POINT('Ctrl Pts',(12.9231738836937,50.,-87.8351396241085));
#4951=CARTESIAN_POINT('Ctrl Pts',(30.9291267436188,50.,-83.6566275773988));
#4952=CARTESIAN_POINT('Ctrl Pts',(-57.4388393646028,15.,-65.2382629801574));
#4953=CARTESIAN_POINT('Ctrl Pts',(-53.6022284661408,15.,-67.5164497463199));
#4954=CARTESIAN_POINT('Ctrl Pts',(-41.6272011111262,15.,-73.5809621540983));
#4955=CARTESIAN_POINT('Ctrl Pts',(-20.0507171352174,15.,-79.8323711786251));
#4956=CARTESIAN_POINT('Ctrl Pts',(6.85061442414811,15.,-81.3055214254057));
#4957=CARTESIAN_POINT('Ctrl Pts',(24.5618072128987,15.,-78.2908184416113));
#4958=CARTESIAN_POINT('Ctrl Pts',(33.1229866358013,15.,-75.768000057249));
#4959=CARTESIAN_POINT('Ctrl Pts',(-56.9805512467652,15.,-64.4664767448729));
#4960=CARTESIAN_POINT('Ctrl Pts',(-53.1785803406058,15.,-66.7240942184665));
#4961=CARTESIAN_POINT('Ctrl Pts',(-41.3071302224287,15.,-72.7365557681733));
#4962=CARTESIAN_POINT('Ctrl Pts',(-19.9008339925215,15.,-78.9395631517728));
#4963=CARTESIAN_POINT('Ctrl Pts',(6.79958581192168,15.,-80.4020010396123));
#4964=CARTESIAN_POINT('Ctrl Pts',(24.3765036456305,15.,-77.4096648672797));
#4965=CARTESIAN_POINT('Ctrl Pts',(32.8692682086851,15.,-74.9070070539863));
#4966=CARTESIAN_POINT('Ctrl Pts',(-56.1871288633279,15.7533211337787,-63.130303166573));
#4967=CARTESIAN_POINT('Ctrl Pts',(-52.4447125716926,15.7533211337787,-65.3525569980713));
#4968=CARTESIAN_POINT('Ctrl Pts',(-40.753059120595,15.7533211337787,-71.2745996668277));
#4969=CARTESIAN_POINT('Ctrl Pts',(-19.6415139422431,15.7533211337787,-77.3940442011242));
#4970=CARTESIAN_POINT('Ctrl Pts',(6.7117213037273,15.7533211337787,-78.8376634119024));
#4971=CARTESIAN_POINT('Ctrl Pts',(24.0548693529783,15.7533211337787,-75.8843889653579));
#4972=CARTESIAN_POINT('Ctrl Pts',(32.4300120479224,15.7533211337787,-73.4163921019889));
#4973=CARTESIAN_POINT('Ctrl Pts',(-55.9071241590059,17.3268015742308,-62.6587574986855));
#4974=CARTESIAN_POINT('Ctrl Pts',(-52.1859059066194,17.3268015742308,-64.8684238946154));
#4975=CARTESIAN_POINT('Ctrl Pts',(-40.5574975256041,17.3268015742308,-70.7586891878702));
#4976=CARTESIAN_POINT('Ctrl Pts',(-19.5499247431739,17.3268015742308,-76.8485424035471));
#4977=CARTESIAN_POINT('Ctrl Pts',(6.68050503085649,17.3268015742308,-78.2856386368995));
#4978=CARTESIAN_POINT('Ctrl Pts',(23.9417192254533,17.3268015742308,-75.3460024621311));
#4979=CARTESIAN_POINT('Ctrl Pts',(32.2749952573913,17.3268015742308,-72.8903429160763));
#4980=CARTESIAN_POINT('Ctrl Pts',(-55.9071241590059,18.,-62.6587574986855));
#4981=CARTESIAN_POINT('Ctrl Pts',(-52.1858255615479,18.,-64.8684716036699));
#4982=CARTESIAN_POINT('Ctrl Pts',(-40.5575089711213,18.,-70.7586781724218));
#4983=CARTESIAN_POINT('Ctrl Pts',(-19.549957282283,18.,-76.8485764400146));
#4984=CARTESIAN_POINT('Ctrl Pts',(6.68059758084403,18.,-78.285620104825));
#4985=CARTESIAN_POINT('Ctrl Pts',(23.9415605419074,18.,-75.3460492231843));
#4986=CARTESIAN_POINT('Ctrl Pts',(32.2749952573913,18.,-72.8903429160763));
#4987=CARTESIAN_POINT('',(30.5245784714874,15.,-76.5001175871891));
#4988=CARTESIAN_POINT('Ctrl Pts',(-57.4388393646028,15.,-65.2382629801574));
#4989=CARTESIAN_POINT('Ctrl Pts',(-53.6022284661408,15.,-67.5164497463199));
#4990=CARTESIAN_POINT('Ctrl Pts',(-41.6272011111262,15.,-73.5809621540983));
#4991=CARTESIAN_POINT('Ctrl Pts',(-20.0507171352174,15.,-79.8323711786251));
#4992=CARTESIAN_POINT('Ctrl Pts',(5.94646480517519,15.,-81.2560090720348));
#4993=CARTESIAN_POINT('Ctrl Pts',(22.7754289511194,15.,-78.5846310827469));
#4994=CARTESIAN_POINT('Ctrl Pts',(30.5245923083609,15.,-76.50016905011));
#4995=CARTESIAN_POINT('Ctrl Pts',(30.4650265138737,15.1923874896377,-75.4369605114167));
#4996=CARTESIAN_POINT('Ctrl Pts',(30.4704766548752,15.1566994280184,-75.5339612725002));
#4997=CARTESIAN_POINT('Ctrl Pts',(30.4760081148932,15.1257337447582,-75.6326248185823));
#4998=CARTESIAN_POINT('Ctrl Pts',(30.4816088269519,15.0996722333894,-75.732601468314));
#4999=CARTESIAN_POINT('Ctrl Pts',(30.4841005890824,15.0880774421533,-75.7770811750247));
#5000=CARTESIAN_POINT('Ctrl Pts',(30.486606142495,15.0774540033219,-75.8218210289171));
#5001=CARTESIAN_POINT('Ctrl Pts',(30.4891247541541,15.0678211298495,-75.8667910936177));
#5002=CARTESIAN_POINT('Ctrl Pts',(30.4949536062959,15.0455276591711,-75.970865835353));
#5003=CARTESIAN_POINT('Ctrl Pts',(30.5008388154016,15.0285873073964,-76.0759326304429));
#5004=CARTESIAN_POINT('Ctrl Pts',(30.5067698401993,15.017205508012,-76.1816149083761));
#5005=CARTESIAN_POINT('Ctrl Pts',(30.512700864997,15.0058237086277,-76.2872971863093));
#5006=CARTESIAN_POINT('Ctrl Pts',(30.518677942024,15.,-76.3935958269332));
#5007=CARTESIAN_POINT('Ctrl Pts',(30.5246943518881,15.,-76.5001416011789));
#5008=CARTESIAN_POINT('Ctrl Pts',(32.3378139181007,15.,-83.3216895325808));
#5009=CARTESIAN_POINT('Ctrl Pts',(13.9085112257941,15.,-87.8090188143317));
#5010=CARTESIAN_POINT('Ctrl Pts',(-15.1461988938069,15.,-88.6528940373881));
#5011=CARTESIAN_POINT('Ctrl Pts',(-47.2159434215697,15.,-79.4282286475652));
#5012=CARTESIAN_POINT('Ctrl Pts',(-60.0334759413132,15.,-73.1714426653087));
#5013=CARTESIAN_POINT('Ctrl Pts',(-64.157321735093,15.,-70.8295230676705));
#5014=CARTESIAN_POINT('Ctrl Pts',(32.5501648066475,15.,-84.1938071233098));
#5015=CARTESIAN_POINT('Ctrl Pts',(13.9953661364807,15.,-88.7116932734131));
#5016=CARTESIAN_POINT('Ctrl Pts',(-15.2395528097855,15.,-89.5601424483882));
#5017=CARTESIAN_POINT('Ctrl Pts',(-47.5295975053917,15.,-80.2746022665004));
#5018=CARTESIAN_POINT('Ctrl Pts',(-60.4440152415987,15.,-73.9705389468552));
#5019=CARTESIAN_POINT('Ctrl Pts',(-64.6005754709757,15.,-71.6100409198377));
#5020=CARTESIAN_POINT('Ctrl Pts',(32.917793609152,15.7533705710682,-85.7036456161788));
#5021=CARTESIAN_POINT('Ctrl Pts',(14.1472366755169,15.7533705710682,-90.2740664926147));
#5022=CARTESIAN_POINT('Ctrl Pts',(-15.4024396454492,15.7533705710682,-91.1308640143424));
#5023=CARTESIAN_POINT('Ctrl Pts',(-48.0720805711676,15.7533705710682,-81.7398098033798));
#5024=CARTESIAN_POINT('Ctrl Pts',(-61.1551464925011,15.7533705710682,-75.3537378384565));
#5025=CARTESIAN_POINT('Ctrl Pts',(-65.3679508337225,15.7533705710682,-72.9612989498338));
#5026=CARTESIAN_POINT('Ctrl Pts',(33.0475444833264,17.3268015742308,-86.2365278685412));
#5027=CARTESIAN_POINT('Ctrl Pts',(14.2001899383922,17.3268015742308,-90.8256481052135));
#5028=CARTESIAN_POINT('Ctrl Pts',(-15.4593822002569,17.3268015742308,-91.6852070083847));
#5029=CARTESIAN_POINT('Ctrl Pts',(-48.2637706468219,17.3268015742308,-82.2569667756962));
#5030=CARTESIAN_POINT('Ctrl Pts',(-61.405964189686,17.3268015742308,-75.8420198388391));
#5031=CARTESIAN_POINT('Ctrl Pts',(-65.6387882203962,17.3268015742308,-73.438211828892));
#5032=CARTESIAN_POINT('Ctrl Pts',(33.0475444833264,18.,-86.2365278685412));
#5033=CARTESIAN_POINT('Ctrl Pts',(14.200481017652,18.,-90.8255772306662));
#5034=CARTESIAN_POINT('Ctrl Pts',(-15.4596278140001,18.,-91.6852192840449));
#5035=CARTESIAN_POINT('Ctrl Pts',(-48.2636690449549,18.,-82.2569547511757));
#5036=CARTESIAN_POINT('Ctrl Pts',(-61.4060400685616,18.,-75.8419767474543));
#5037=CARTESIAN_POINT('Ctrl Pts',(-65.6387882203962,18.,-73.438211828892));
#5038=CARTESIAN_POINT('',(30.9291093138709,15.,-83.65655246951));
#5039=CARTESIAN_POINT('Ctrl Pts',(30.9291498441106,15.,-83.6566219124507));
#5040=CARTESIAN_POINT('Ctrl Pts',(30.9348215824935,15.,-83.7570156289431));
#5041=CARTESIAN_POINT('Ctrl Pts',(30.9404564562907,15.0052404733515,-83.8570745021064));
#5042=CARTESIAN_POINT('Ctrl Pts',(30.9460448575367,15.015462497767,-83.9564901310609));
#5043=CARTESIAN_POINT('Ctrl Pts',(30.9517342629273,15.0258692739185,-84.0577025870715));
#5044=CARTESIAN_POINT('Ctrl Pts',(30.9573756674701,15.0414395327088,-84.1582490585892));
#5045=CARTESIAN_POINT('Ctrl Pts',(30.9629597956156,15.0619548273768,-84.257803364997));
#5046=CARTESIAN_POINT('Ctrl Pts',(30.9686138178898,15.0827269031583,-84.3586037498094));
#5047=CARTESIAN_POINT('Ctrl Pts',(30.9742093060143,15.1085688719118,-84.4583877752182));
#5048=CARTESIAN_POINT('Ctrl Pts',(30.9797348264593,15.1393055546514,-84.5568045116309));
#5049=CARTESIAN_POINT('Ctrl Pts',(30.9823710740131,15.1539701469723,-84.6037595239619));
#5050=CARTESIAN_POINT('Ctrl Pts',(30.9849913512404,15.1697496366516,-84.6504030479149));
#5051=CARTESIAN_POINT('Ctrl Pts',(30.9875940832685,15.1866287583055,-84.6966951755906));
#5052=CARTESIAN_POINT('Ctrl Pts',(30.9291266766045,15.,-83.6566272887596));
#5053=CARTESIAN_POINT('Ctrl Pts',(12.9231720160088,15.,-87.8351320725881));
#5054=CARTESIAN_POINT('Ctrl Pts',(-15.6125216110083,15.,-88.5187591668676));
#5055=CARTESIAN_POINT('Ctrl Pts',(-46.9494471839654,15.,-79.5048846563905));
#5056=CARTESIAN_POINT('Ctrl Pts',(-59.5360698752981,15.,-73.4132118086535));
#5057=CARTESIAN_POINT('Ctrl Pts',(-63.4361783214438,15.,-71.2356044676832));
#5058=CARTESIAN_POINT('Origin',(-17.2689529480376,15.,-76.6085471154733));
#5059=CARTESIAN_POINT('',(31.1008823198189,15.,-86.6953376561094));
#5060=CARTESIAN_POINT('Origin',(30.3514985322656,0.,-73.4382118314479));
#5061=CARTESIAN_POINT('Origin',(31.1008823198189,0.,86.6953376561094));
#5062=CARTESIAN_POINT('Origin',(30.3514985322656,65.,73.4382118314479));
#5063=CARTESIAN_POINT('',(31.1008823198189,50.,86.6953376561094));
#5064=CARTESIAN_POINT('Origin',(-17.2689529480376,50.,76.6085471154733));
#5065=CARTESIAN_POINT('Origin',(-17.2689529480468,50.,-76.6085471154733));
#5066=UNCERTAINTY_MEASURE_WITH_UNIT(LENGTH_MEASURE(0.01),#5070,
'DISTANCE_ACCURACY_VALUE',
'Maximum model space distance between geometric entities at asserted c
onnectivities');
#5067=UNCERTAINTY_MEASURE_WITH_UNIT(LENGTH_MEASURE(0.01),#5070,
'DISTANCE_ACCURACY_VALUE',
'Maximum model space distance between geometric entities at asserted c
onnectivities');
#5068=(
GEOMETRIC_REPRESENTATION_CONTEXT(3)
GLOBAL_UNCERTAINTY_ASSIGNED_CONTEXT((#5066))
GLOBAL_UNIT_ASSIGNED_CONTEXT((#5070,#5072,#5073))
REPRESENTATION_CONTEXT('','3D')
);
#5069=(
GEOMETRIC_REPRESENTATION_CONTEXT(3)
GLOBAL_UNCERTAINTY_ASSIGNED_CONTEXT((#5067))
GLOBAL_UNIT_ASSIGNED_CONTEXT((#5070,#5072,#5073))
REPRESENTATION_CONTEXT('','3D')
);
#5070=(
LENGTH_UNIT()
NAMED_UNIT(*)
SI_UNIT(.MILLI.,.METRE.)
);
#5071=(
LENGTH_UNIT()
NAMED_UNIT(*)
SI_UNIT($,.METRE.)
);
#5072=(
NAMED_UNIT(*)
PLANE_ANGLE_UNIT()
SI_UNIT($,.RADIAN.)
);
#5073=(
NAMED_UNIT(*)
SI_UNIT($,.STERADIAN.)
SOLID_ANGLE_UNIT()
);
#5074=SHAPE_DEFINITION_REPRESENTATION(#5075,#5076);
#5075=PRODUCT_DEFINITION_SHAPE('',$,#5078);
#5076=SHAPE_REPRESENTATION('',(#1882),#5068);
#5077=PRODUCT_DEFINITION_CONTEXT('part definition',#5082,'design');
#5078=PRODUCT_DEFINITION('physics lab 2 headset final1',
'phys lab2 headset design v1',#5079,#5077);
#5079=PRODUCT_DEFINITION_FORMATION('',$,#5084);
#5080=PRODUCT_RELATED_PRODUCT_CATEGORY('phys lab2 headset design v1',
'phys lab2 headset design v1',(#5084));
#5081=APPLICATION_PROTOCOL_DEFINITION('international standard',
'automotive_design',2009,#5082);
#5082=APPLICATION_CONTEXT(
'Core Data for Automotive Mechanical Design Process');
#5083=PRODUCT_CONTEXT('part definition',#5082,'mechanical');
#5084=PRODUCT('physics lab 2 headset final1',
'phys lab2 headset design v1',$,(#5083));
#5085=PRESENTATION_STYLE_ASSIGNMENT((#5087));
#5086=PRESENTATION_STYLE_ASSIGNMENT((#5088));
#5087=SURFACE_STYLE_USAGE(.BOTH.,#5089);
#5088=SURFACE_STYLE_USAGE(.BOTH.,#5090);
#5089=SURFACE_SIDE_STYLE('',(#5091));
#5090=SURFACE_SIDE_STYLE('',(#5092));
#5091=SURFACE_STYLE_FILL_AREA(#5093);
#5092=SURFACE_STYLE_FILL_AREA(#5094);
#5093=FILL_AREA_STYLE('Steel - Satin',(#5095));
#5094=FILL_AREA_STYLE('Default',(#5096));
#5095=FILL_AREA_STYLE_COLOUR('Steel - Satin',#5097);
#5096=FILL_AREA_STYLE_COLOUR('Default',#5098);
#5097=COLOUR_RGB('Steel - Satin',0.627450980392157,0.627450980392157,0.627450980392157);
#5098=COLOUR_RGB('Default',0.749019607843137,0.749019607843137,0.749019607843137);
ENDSEC;
END-ISO-10303-21;
