ISO-10303-21;
HEADER;
/* Generated by software containing ST-Developer
 * from STEP Tools, Inc. (www.steptools.com) 
 */

FILE_DESCRIPTION(
/* description */ (''),
/* implementation_level */ '2;1');

FILE_NAME(
/* name */ 'physics lab 2 headset final2.stp',
/* time_stamp */ '2026-03-26T02:47:05+07:00',
/* author */ ('LENOVO'),
/* organization */ (''),
/* preprocessor_version */ 'ST-DEVELOPER v20.1',
/* originating_system */ 'Autodesk Inventor 2026',
/* authorisation */ '');

FILE_SCHEMA (('AUTOMOTIVE_DESIGN { 1 0 10303 214 3 1 1 }'));
ENDSEC;

DATA;
#10=MECHANICAL_DESIGN_GEOMETRIC_PRESENTATION_REPRESENTATION('',(#28,#29,
#30),#5051);
#11=GEOMETRICALLY_BOUNDED_WIREFRAME_SHAPE_REPRESENTATION('',(#12,#13,#14,
#15,#16,#17,#18,#19,#20,#21,#22),#5050);
#12=GEOMETRIC_CURVE_SET('Sketch3',(#5033));
#13=GEOMETRIC_CURVE_SET('Sketch4',(#5034));
#14=GEOMETRIC_CURVE_SET('Sketch9',(#5035));
#15=GEOMETRIC_CURVE_SET('Sketch10',(#5036));
#16=GEOMETRIC_CURVE_SET('Sketch12',(#5037));
#17=GEOMETRIC_CURVE_SET('Sketch13',(#5038));
#18=GEOMETRIC_CURVE_SET('Sketch17',(#26,#27,#5043));
#19=GEOMETRIC_CURVE_SET('Sketch18',(#5044));
#20=GEOMETRIC_CURVE_SET('Sketch19',(#5045));
#21=GEOMETRIC_CURVE_SET('Sketch23',(#5046));
#22=GEOMETRIC_CURVE_SET('Sketch27',(#5047));
#23=SHAPE_REPRESENTATION_RELATIONSHIP('SRR','None',#5058,#25);
#24=SHAPE_REPRESENTATION_RELATIONSHIP('SRR','None',#5058,#11);
#25=ADVANCED_BREP_SHAPE_REPRESENTATION('',(#31),#5050);
#26=POLYLINE('',(#5039,#5040));
#27=POLYLINE('',(#5041,#5042));
#28=STYLED_ITEM('',(#5067),#31);
#29=STYLED_ITEM('',(#5068),#26);
#30=STYLED_ITEM('',(#5068),#27);
#31=MANIFOLD_SOLID_BREP('Solid1',#1839);
#32=(
BOUNDED_SURFACE()
B_SPLINE_SURFACE(1,2,((#2658,#2659,#2660,#2661,#2662,#2663,#2664),(#2665,
#2666,#2667,#2668,#2669,#2670,#2671)),.UNSPECIFIED.,.F.,.F.,.F.)
B_SPLINE_SURFACE_WITH_KNOTS((2,2),(3,2,2,3),(-0.0526315789473689,0.673684210526316),
(-2.19143233641803,-0.730477445472681,0.730477445472669,2.19143233641802),
 .UNSPECIFIED.)
GEOMETRIC_REPRESENTATION_ITEM()
RATIONAL_B_SPLINE_SURFACE(((1.,0.744855923536062,1.,0.744855923536062,1.,
0.744855923536062,1.),(1.,0.744855923536062,1.,0.744855923536062,1.,0.744855923536062,
1.)))
REPRESENTATION_ITEM('')
SURFACE()
);
#33=(
BOUNDED_SURFACE()
B_SPLINE_SURFACE(1,2,((#3488,#3489,#3490,#3491,#3492,#3493,#3494),(#3495,
#3496,#3497,#3498,#3499,#3500,#3501)),.UNSPECIFIED.,.F.,.F.,.F.)
B_SPLINE_SURFACE_WITH_KNOTS((2,2),(3,2,2,3),(-0.0442000423267909,0.565760541782918),
(-2.18982880495457,-0.729942934985171,0.72994293498423,2.18982880495363),
 .UNSPECIFIED.)
GEOMETRIC_REPRESENTATION_ITEM()
RATIONAL_B_SPLINE_SURFACE(((1.,0.745212456057475,1.,0.745212456057475,1.,
0.745212456057475,1.),(1.,0.745212456057475,1.,0.745212456057475,1.,0.745212456057475,
1.)))
REPRESENTATION_ITEM('')
SURFACE()
);
#34=FACE_BOUND('',#375,.T.);
#35=FACE_BOUND('',#378,.T.);
#36=FACE_BOUND('',#382,.T.);
#37=FACE_BOUND('',#385,.T.);
#38=FACE_BOUND('',#398,.T.);
#39=FACE_BOUND('',#399,.T.);
#40=FACE_BOUND('',#400,.T.);
#41=FACE_BOUND('',#401,.T.);
#42=FACE_BOUND('',#411,.T.);
#43=FACE_BOUND('',#414,.T.);
#44=FACE_BOUND('',#455,.T.);
#45=FACE_BOUND('',#461,.T.);
#46=ELLIPSE('',#1878,95.,77.5);
#47=ELLIPSE('',#1915,113.122063617785,90.1701662513589);
#48=B_SPLINE_CURVE_WITH_KNOTS('',3,(#2323,#2324,#2325,#2326,#2327,#2328,
#2329,#2330,#2331,#2332,#2333,#2334,#2335,#2336,#2337,#2338,#2339,#2340,
#2341,#2342,#2343,#2344,#2345,#2346,#2347,#2348,#2349,#2350,#2351,#2352,
#2353,#2354),.UNSPECIFIED.,.F.,.F.,(4,2,2,2,2,2,2,2,2,2,2,2,2,2,2,4),(0.,
0.0231874688506771,0.0400794436781901,0.0482234449098436,0.0519839963283182,
0.0537978032424382,0.0546905679792179,0.0551343187623198,0.0553559508744246,
0.0554669074643116,0.0555225145630457,0.0555503836820354,0.055564323732577,
0.0555712390527678,0.0555745705247268,0.0555768351864458),.UNSPECIFIED.);
#49=B_SPLINE_CURVE_WITH_KNOTS('',3,(#2356,#2357,#2358,#2359,#2360,#2361,
#2362,#2363,#2364,#2365,#2366,#2367,#2368,#2369,#2370),.UNSPECIFIED.,.F.,
 .F.,(4,1,1,1,1,1,1,1,1,1,1,1,4),(3.39897222112258,3.40113636258306,3.44115113687655,
3.52118068546352,3.68123978263747,4.00135797698536,4.64159436568115,4.96171256002905,
5.28183075437695,5.44188985155089,5.52191940013787,5.56193417443135,5.56413142495986),
 .UNSPECIFIED.);
#50=B_SPLINE_CURVE_WITH_KNOTS('',3,(#2372,#2373,#2374,#2375,#2376,#2377,
#2378,#2379,#2380,#2381,#2382,#2383,#2384,#2385,#2386,#2387,#2388,#2389,
#2390,#2391,#2392,#2393,#2394,#2395,#2396,#2397,#2398,#2399,#2400,#2401,
#2402),.UNSPECIFIED.,.F.,.F.,(4,1,2,2,2,2,2,2,2,2,2,2,2,2,2,4),(-9.64271781840986E-7,
0.,1.71386199985669E-6,5.26439110119962E-6,1.24246509192988E-5,2.67398654234897E-5,
5.53036657491414E-5,0.000112299583928775,0.000226147995643181,0.000454096099921612,
0.000912697882546923,0.00184442999903829,0.00377618350686671,0.00795966154007557,
0.0166368562876102,0.0285479897612695),.UNSPECIFIED.);
#51=B_SPLINE_CURVE_WITH_KNOTS('',3,(#2555,#2556,#2557,#2558,#2559,#2560,
#2561,#2562,#2563,#2564),.UNSPECIFIED.,.F.,.F.,(4,1,1,1,1,1,1,4),(18.1246078395368,
18.6682555981707,21.0076103999481,22.1772878008368,23.3469652017255,24.5166426026142,
26.2711587039473,27.3993722453746),.UNSPECIFIED.);
#52=B_SPLINE_CURVE_WITH_KNOTS('',3,(#2573,#2574,#2575,#2576,#2577),
 .UNSPECIFIED.,.F.,.F.,(4,1,4),(19.0425654882992,20.6746884202836,21.2819892003915),
 .UNSPECIFIED.);
#53=B_SPLINE_CURVE_WITH_KNOTS('',3,(#2581,#2582,#2583,#2584,#2585,#2586,
#2587,#2588,#2589,#2590),.UNSPECIFIED.,.F.,.F.,(4,2,2,2,4),(0.,0.187539779154794,
0.375079558309588,0.615345134215183,0.855610710120778),.UNSPECIFIED.);
#54=B_SPLINE_CURVE_WITH_KNOTS('',3,(#2602,#2603,#2604,#2605,#2606,#2607,
#2608,#2609,#2610,#2611),.UNSPECIFIED.,.F.,.F.,(4,2,2,2,4),(-0.855610710120778,
-0.615345134215183,-0.375079558309587,-0.187539779154793,0.),
 .UNSPECIFIED.);
#55=B_SPLINE_CURVE_WITH_KNOTS('',3,(#2626,#2627,#2628,#2629,#2630,#2631,
#2632,#2633,#2634,#2635),.UNSPECIFIED.,.F.,.F.,(4,2,2,2,4),(0.833720863263669,
1.07398643916926,1.31425201507486,1.50179179422965,1.68933157338444),
 .UNSPECIFIED.);
#56=B_SPLINE_CURVE_WITH_KNOTS('',3,(#2646,#2647,#2648,#2649,#2650,#2651,
#2652,#2653,#2654,#2655),.UNSPECIFIED.,.F.,.F.,(4,2,2,2,4),(1.68933157338444,
1.89023124704722,2.09113092071,2.31823070086983,2.54533048102966),
 .UNSPECIFIED.);
#57=B_SPLINE_CURVE_WITH_KNOTS('',3,(#2673,#2674,#2675,#2676,#2677,#2678,
#2679,#2680),.UNSPECIFIED.,.F.,.F.,(4,1,1,1,1,4),(9.46565760012632,12.4752059284569,
15.5500118628919,17.0874148301094,18.6248177973269,19.0425654882992),
 .UNSPECIFIED.);
#58=B_SPLINE_CURVE_WITH_KNOTS('',3,(#2682,#2683,#2684,#2685),
 .UNSPECIFIED.,.F.,.F.,(4,4),(-1.,0.5),.UNSPECIFIED.);
#59=B_SPLINE_CURVE_WITH_KNOTS('',3,(#2687,#2688,#2689,#2690),
 .UNSPECIFIED.,.F.,.F.,(4,4),(32.1281974382811,32.3336557007111),
 .UNSPECIFIED.);
#60=B_SPLINE_CURVE_WITH_KNOTS('',3,(#2692,#2693,#2694,#2695,#2696,#2697),
 .UNSPECIFIED.,.F.,.F.,(4,1,1,4),(-41.4206445818505,-38.8220255931165,-36.1444943311824,
-32.3336557007111),.UNSPECIFIED.);
#61=B_SPLINE_CURVE_WITH_KNOTS('',3,(#2701,#2702,#2703,#2704,#2705,#2706,
#2707),.UNSPECIFIED.,.F.,.F.,(4,1,1,1,4),(-10.5297186700893,-8.0576428364774,
-5.38011157454323,-2.70258031260907,-1.44272336237776),.UNSPECIFIED.);
#62=B_SPLINE_CURVE_WITH_KNOTS('',3,(#2709,#2710,#2711,#2712),
 .UNSPECIFIED.,.F.,.F.,(4,4),(10.5297186700893,10.7351740984116),
 .UNSPECIFIED.);
#63=B_SPLINE_CURVE_WITH_KNOTS('',3,(#2714,#2715,#2716,#2717),
 .UNSPECIFIED.,.F.,.F.,(4,4),(-6.4,-4.9),.UNSPECIFIED.);
#64=B_SPLINE_CURVE_WITH_KNOTS('',3,(#2719,#2720,#2721,#2722,#2723,#2724,
#2725,#2726,#2727,#2728,#2729,#2730,#2731),.UNSPECIFIED.,.F.,.F.,(4,1,1,
1,1,1,1,1,1,1,4),(9.46678274273542,12.4763310608622,15.5511369950757,17.6010076178848,
18.6259429292893,19.6508782406938,21.7007488635028,23.2381518306096,24.7755547977164,
27.8503607319299,30.859909082433),.UNSPECIFIED.);
#65=B_SPLINE_CURVE_WITH_KNOTS('',3,(#2733,#2734,#2735,#2736),
 .UNSPECIFIED.,.F.,.F.,(4,4),(4.9,6.4),.UNSPECIFIED.);
#66=B_SPLINE_CURVE_WITH_KNOTS('',3,(#2738,#2739,#2740,#2741),
 .UNSPECIFIED.,.F.,.F.,(4,4),(31.8495457549259,32.0550039862744),
 .UNSPECIFIED.);
#67=B_SPLINE_CURVE_WITH_KNOTS('',3,(#2743,#2744,#2745,#2746,#2747,#2748),
 .UNSPECIFIED.,.F.,.F.,(4,1,1,4),(-41.1419933652028,-38.5433746703079,-35.8658431041551,
-32.0550039862744),.UNSPECIFIED.);
#68=B_SPLINE_CURVE_WITH_KNOTS('',3,(#2752,#2753,#2754,#2755,#2756,#2757,
#2758),.UNSPECIFIED.,.F.,.F.,(4,1,1,1,4),(-10.2510672502705,-7.77899109250939,
-5.10145952635661,-2.42392796020383,-1.16407129536216),.UNSPECIFIED.);
#69=B_SPLINE_CURVE_WITH_KNOTS('',3,(#2760,#2761,#2762,#2763),
 .UNSPECIFIED.,.F.,.F.,(4,4),(10.2510672502705,10.4565226586622),
 .UNSPECIFIED.);
#70=B_SPLINE_CURVE_WITH_KNOTS('',3,(#2765,#2766,#2767,#2768),
 .UNSPECIFIED.,.F.,.F.,(4,4),(-0.5,1.),.UNSPECIFIED.);
#71=B_SPLINE_CURVE_WITH_KNOTS('',3,(#2769,#2770,#2771,#2772,#2773,#2774,
#2775,#2776,#2777),.UNSPECIFIED.,.F.,.F.,(4,1,1,1,1,1,4),(21.2819892003915,
21.6996237317619,22.2120913875011,22.7245590432402,24.7744296661969,27.8492356006319,
30.8587838901266),.UNSPECIFIED.);
#72=B_SPLINE_CURVE_WITH_KNOTS('',3,(#2796,#2797,#2798,#2799,#2800,#2801,
#2802,#2803,#2804,#2805),.UNSPECIFIED.,.F.,.F.,(4,2,2,2,4),(-0.409232124254355,
-0.297546891536369,-0.193322598387582,-0.0915097200836885,0.),
 .UNSPECIFIED.);
#73=B_SPLINE_CURVE_WITH_KNOTS('',3,(#2807,#2808,#2809,#2810),
 .UNSPECIFIED.,.F.,.F.,(4,4),(-0.718179376132465,0.500000000000001),
 .UNSPECIFIED.);
#74=B_SPLINE_CURVE_WITH_KNOTS('',3,(#2813,#2814,#2815,#2816),
 .UNSPECIFIED.,.F.,.F.,(4,4),(-0.500000000000001,1.000000000001),
 .UNSPECIFIED.);
#75=B_SPLINE_CURVE_WITH_KNOTS('',3,(#2860,#2861,#2862,#2863,#2864,#2865,
#2866,#2867,#2868,#2869),.UNSPECIFIED.,.F.,.F.,(4,2,2,2,4),(-0.475775217735635,
-0.413028268410785,-0.350360776457658,-0.115652766503388,-1.34025798421762E-16),
 .UNSPECIFIED.);
#76=B_SPLINE_CURVE_WITH_KNOTS('',3,(#2870,#2871,#2872,#2873,#2874,#2875,
#2876,#2877,#2878,#2879),.UNSPECIFIED.,.F.,.F.,(4,2,2,2,4),(1.34025798421762E-16,
0.115652766503388,0.350360776457658,0.413028268410785,0.475775217735635),
 .UNSPECIFIED.);
#77=B_SPLINE_CURVE_WITH_KNOTS('',3,(#2905,#2906,#2907,#2908),
 .UNSPECIFIED.,.F.,.F.,(4,4),(4.00804924059699,4.04426100374337),
 .UNSPECIFIED.);
#78=B_SPLINE_CURVE_WITH_KNOTS('',3,(#2909,#2910,#2911,#2912),
 .UNSPECIFIED.,.F.,.F.,(4,4),(-4.04426100374337,-4.00804924059699),
 .UNSPECIFIED.);
#79=B_SPLINE_CURVE_WITH_KNOTS('',3,(#2957,#2958,#2959,#2960,#2961,#2962,
#2963,#2964,#2965,#2966),.UNSPECIFIED.,.F.,.F.,(4,2,2,2,4),(0.0435477949346139,
0.12218241858522,0.243081934859885,0.361236782531973,0.478225977609502),
 .UNSPECIFIED.);
#80=B_SPLINE_CURVE_WITH_KNOTS('',3,(#2968,#2969,#2970,#2971,#2972,#2973,
#2974,#2975,#2976,#2977),.UNSPECIFIED.,.F.,.F.,(4,2,2,2,4),(-0.478225977609502,
-0.361236782531973,-0.243081934859885,-0.12218241858522,-0.0435477949346139),
 .UNSPECIFIED.);
#81=B_SPLINE_CURVE_WITH_KNOTS('',3,(#2995,#2996,#2997,#2998,#2999,#3000,
#3001,#3002,#3003,#3004),.UNSPECIFIED.,.F.,.F.,(4,2,2,2,4),(-0.546031459463794,
-0.467707835866802,-0.38559795707902,-0.224294915938612,0.),
 .UNSPECIFIED.);
#82=B_SPLINE_CURVE_WITH_KNOTS('',3,(#3005,#3006,#3007,#3008),
 .UNSPECIFIED.,.F.,.F.,(4,4),(-0.5,0.718750430107414),.UNSPECIFIED.);
#83=B_SPLINE_CURVE_WITH_KNOTS('',3,(#3025,#3026,#3027,#3028),
 .UNSPECIFIED.,.F.,.F.,(4,4),(-0.0435477949346143,0.),.UNSPECIFIED.);
#84=B_SPLINE_CURVE_WITH_KNOTS('',3,(#3029,#3030,#3031,#3032),
 .UNSPECIFIED.,.F.,.F.,(4,4),(0.,0.0435477949346143),.UNSPECIFIED.);
#85=B_SPLINE_CURVE_WITH_KNOTS('',3,(#3109,#3110,#3111,#3112,#3113,#3114,
#3115,#3116,#3117,#3118,#3119,#3120,#3121,#3122,#3123),.UNSPECIFIED.,.F.,
 .F.,(4,1,1,1,1,1,1,1,1,1,1,1,4),(-34.9852819262909,-31.5347070079465,-28.0256748052804,
-26.2711587039473,-24.5166426026142,-23.3469652017255,-22.1772878008368,
-21.0076103999481,-18.6682555981707,-17.498578197282,-15.7440620959489,
-13.9895459946158,-10.5389704527634),.UNSPECIFIED.);
#86=B_SPLINE_CURVE_WITH_KNOTS('',3,(#3125,#3126,#3127,#3128),
 .UNSPECIFIED.,.F.,.F.,(4,4),(-4.70817545830802,-4.67196369516165),
 .UNSPECIFIED.);
#87=B_SPLINE_CURVE_WITH_KNOTS('',3,(#3130,#3131,#3132,#3133,#3134,#3135,
#3136,#3137,#3138,#3139),.UNSPECIFIED.,.F.,.F.,(4,2,2,2,4),(-0.476363756357019,
-0.357923167829282,-0.240158190223173,-0.120582502962064,0.),
 .UNSPECIFIED.);
#88=B_SPLINE_CURVE_WITH_KNOTS('',3,(#3140,#3141,#3142,#3143,#3144,#3145,
#3146),.UNSPECIFIED.,.F.,.F.,(4,1,1,1,4),(10.4805137919497,13.9895459946158,
15.7440620959489,17.498578197282,18.1246078395368),.UNSPECIFIED.);
#89=B_SPLINE_CURVE_WITH_KNOTS('',3,(#3147,#3148,#3149,#3150,#3151,#3152),
 .UNSPECIFIED.,.F.,.F.,(4,1,1,4),(27.3993722453746,28.0256748052804,31.5347070079465,
35.0437392106126),.UNSPECIFIED.);
#90=B_SPLINE_CURVE_WITH_KNOTS('',3,(#3155,#3156,#3157,#3158,#3159,#3160,
#3161,#3162,#3163,#3164,#3165,#3166,#3167,#3168),.UNSPECIFIED.,.F.,.F.,
(4,1,1,1,1,1,1,1,1,1,1,4),(-30.9240415350669,-27.8492356006319,-24.7744296661969,
-22.7245590432402,-22.2120913875011,-21.6996237317619,-20.6746884202836,
-18.6248177973269,-17.0874148301094,-15.5500118628919,-12.4752059284569,
-9.40039999402188),.UNSPECIFIED.);
#91=B_SPLINE_CURVE_WITH_KNOTS('',3,(#3170,#3171,#3172,#3173),
 .UNSPECIFIED.,.F.,.F.,(4,4),(-0.477505566730407,-0.434053840243093),
 .UNSPECIFIED.);
#92=B_SPLINE_CURVE_WITH_KNOTS('',3,(#3245,#3246,#3247,#3248,#3249,#3250,
#3251,#3252,#3253,#3254,#3255,#3256),.UNSPECIFIED.,.F.,.F.,(4,2,2,2,2,4),
(-0.434053840243093,-0.413528198699711,-0.349647222589059,-0.230831886939299,
-0.114733158045951,0.),.UNSPECIFIED.);
#93=B_SPLINE_CURVE_WITH_KNOTS('',3,(#3274,#3275,#3276,#3277,#3278,#3279,
#3280,#3281,#3282,#3283),.UNSPECIFIED.,.F.,.F.,(4,2,2,2,4),(-0.448394212843138,
-0.287160960193304,-0.161084929059449,-0.0738179647880218,0.),
 .UNSPECIFIED.);
#94=B_SPLINE_CURVE_WITH_KNOTS('',3,(#3285,#3286,#3287,#3288),
 .UNSPECIFIED.,.F.,.F.,(4,4),(-0.718750430107414,0.5),.UNSPECIFIED.);
#95=B_SPLINE_CURVE_WITH_KNOTS('',3,(#3340,#3341,#3342,#3343,#3344,#3345,
#3346,#3347,#3348,#3349,#3350,#3351),.UNSPECIFIED.,.F.,.F.,(4,2,2,2,2,4),
(0.,0.114733158045951,0.230831886939299,0.349647222589059,0.413528198699711,
0.434053840243093),.UNSPECIFIED.);
#96=B_SPLINE_CURVE_WITH_KNOTS('',3,(#3374,#3375,#3376,#3377),
 .UNSPECIFIED.,.F.,.F.,(4,4),(0.434053840243093,0.477505566730407),
 .UNSPECIFIED.);
#97=B_SPLINE_CURVE_WITH_KNOTS('',3,(#3422,#3423,#3424,#3425,#3426,#3427,
#3428,#3429,#3430,#3431),.UNSPECIFIED.,.F.,.F.,(4,2,2,2,4),(0.,0.120582502962064,
0.240158190223173,0.357923167829282,0.476363756357019),.UNSPECIFIED.);
#98=B_SPLINE_CURVE_WITH_KNOTS('',3,(#3450,#3451,#3452,#3453,#3454,#3455,
#3456,#3457,#3458,#3459),.UNSPECIFIED.,.F.,.F.,(4,2,2,2,4),(-0.444616066431547,
-0.375950470260923,-0.305515085872445,-0.171434509692143,0.),
 .UNSPECIFIED.);
#99=B_SPLINE_CURVE_WITH_KNOTS('',3,(#3460,#3461,#3462,#3463),
 .UNSPECIFIED.,.F.,.F.,(4,4),(-1.000000000001,0.5),.UNSPECIFIED.);
#100=B_SPLINE_CURVE_WITH_KNOTS('',3,(#3464,#3465,#3466,#3467),
 .UNSPECIFIED.,.F.,.F.,(4,4),(-0.5,0.718179376132465),.UNSPECIFIED.);
#101=B_SPLINE_CURVE_WITH_KNOTS('',3,(#3484,#3485,#3486,#3487),
 .UNSPECIFIED.,.F.,.F.,(4,4),(4.67196369516165,4.70817545830802),
 .UNSPECIFIED.);
#102=B_SPLINE_CURVE_WITH_KNOTS('',3,(#3503,#3504,#3505,#3506),
 .UNSPECIFIED.,.F.,.F.,(4,4),(35.0436965717422,35.2392826406152),
 .UNSPECIFIED.);
#103=B_SPLINE_CURVE_WITH_KNOTS('',3,(#3508,#3509,#3510,#3511,#3512,#3513),
 .UNSPECIFIED.,.F.,.F.,(4,1,1,4),(-45.0018032369978,-43.5792165705327,-40.7340432376026,
-35.2392826406152),.UNSPECIFIED.);
#104=B_SPLINE_CURVE_WITH_KNOTS('',3,(#3517,#3518,#3519,#3520,#3521,#3522),
 .UNSPECIFIED.,.F.,.F.,(4,1,1,4),(-10.2857596119254,-4.7909990145902,-1.9458256818072,
-0.523239015415707),.UNSPECIFIED.);
#105=B_SPLINE_CURVE_WITH_KNOTS('',3,(#3524,#3525,#3526,#3527),
 .UNSPECIFIED.,.F.,.F.,(4,4),(10.2857596119254,10.4813456801562),
 .UNSPECIFIED.);
#106=B_SPLINE_CURVE_WITH_KNOTS('',3,(#3529,#3530,#3531,#3532),
 .UNSPECIFIED.,.F.,.F.,(4,4),(-6.4,-4.9),.UNSPECIFIED.);
#107=B_SPLINE_CURVE_WITH_KNOTS('',3,(#3534,#3535,#3536,#3537,#3538,#3539,
#3540,#3541,#3542,#3543,#3544,#3545,#3546,#3547),.UNSPECIFIED.,.F.,.F.,
(4,1,1,1,1,1,1,1,1,1,1,4),(10.4813103814575,13.9903425843493,17.4993747872411,
19.838729589169,21.008406990133,22.1780843910969,23.3477617920608,24.5174391930248,
26.2719552944707,28.0264713959166,31.5355035988084,35.0445358017002),
 .UNSPECIFIED.);
#108=B_SPLINE_CURVE_WITH_KNOTS('',3,(#3549,#3550,#3551,#3552),
 .UNSPECIFIED.,.F.,.F.,(4,4),(4.9,6.4),.UNSPECIFIED.);
#109=B_SPLINE_CURVE_WITH_KNOTS('',3,(#3554,#3555,#3556,#3557),
 .UNSPECIFIED.,.F.,.F.,(4,4),(35.0444931501123,35.2400800716168),
 .UNSPECIFIED.);
#110=B_SPLINE_CURVE_WITH_KNOTS('',3,(#3559,#3560,#3561,#3562,#3563,#3564),
 .UNSPECIFIED.,.F.,.F.,(4,1,1,4),(-45.0025998153527,-42.1574264824269,-39.3122531495011,
-35.2400800716168),.UNSPECIFIED.);
#111=B_SPLINE_CURVE_WITH_KNOTS('',3,(#3568,#3569,#3570,#3571,#3572,#3573),
 .UNSPECIFIED.,.F.,.F.,(4,1,1,4),(-10.2857596112938,-4.79099901459876,-1.94582568181518,
-0.523239015423398),.UNSPECIFIED.);
#112=B_SPLINE_CURVE_WITH_KNOTS('',3,(#3574,#3575,#3576,#3577),
 .UNSPECIFIED.,.F.,.F.,(4,4),(10.2857596112938,10.4813456801659),
 .UNSPECIFIED.);
#113=B_SPLINE_CURVE_WITH_KNOTS('',3,(#3595,#3596,#3597,#3598,#3599,#3600,
#3601,#3602,#3603,#3604),.UNSPECIFIED.,.F.,.F.,(4,2,2,2,4),(-0.44839421295822,
-0.287161018503399,-0.161084944468026,-0.0738179668532459,0.),
 .UNSPECIFIED.);
#114=B_SPLINE_CURVE_WITH_KNOTS('',3,(#3606,#3607,#3608,#3609),
 .UNSPECIFIED.,.F.,.F.,(4,4),(5.18124956989259,6.4),.UNSPECIFIED.);
#115=B_SPLINE_CURVE_WITH_KNOTS('',3,(#3662,#3663,#3664,#3665,#3666,#3667,
#3668,#3669,#3670,#3671,#3672,#3673),.UNSPECIFIED.,.F.,.F.,(4,2,2,2,2,4),
(-0.434053840243101,-0.413528198704512,-0.349647222599595,-0.230831886944679,
-0.114733158046974,0.),.UNSPECIFIED.);
#116=B_SPLINE_CURVE_WITH_KNOTS('',3,(#3674,#3675,#3676,#3677,#3678,#3679,
#3680,#3681,#3682,#3683,#3684,#3685),.UNSPECIFIED.,.F.,.F.,(4,2,2,2,2,4),
(0.,0.114733158046974,0.230831886944679,0.349647222599595,0.413528198704512,
0.434053840243101),.UNSPECIFIED.);
#117=B_SPLINE_CURVE_WITH_KNOTS('',3,(#3711,#3712,#3713,#3714),
 .UNSPECIFIED.,.F.,.F.,(4,4),(-0.477505566730382,-0.4340538402431),
 .UNSPECIFIED.);
#118=B_SPLINE_CURVE_WITH_KNOTS('',3,(#3715,#3716,#3717,#3718),
 .UNSPECIFIED.,.F.,.F.,(4,4),(0.4340538402431,0.477505566730382),
 .UNSPECIFIED.);
#119=B_SPLINE_CURVE_WITH_KNOTS('',3,(#3762,#3763,#3764,#3765,#3766,#3767,
#3768,#3769,#3770,#3771),.UNSPECIFIED.,.F.,.F.,(4,2,2,2,4),(-0.476363756357024,
-0.357923167825463,-0.240158190220972,-0.120582502961457,0.),
 .UNSPECIFIED.);
#120=B_SPLINE_CURVE_WITH_KNOTS('',3,(#3774,#3775,#3776,#3777,#3778,#3779,
#3780,#3781,#3782,#3783),.UNSPECIFIED.,.F.,.F.,(4,2,2,2,4),(0.,0.120582502961457,
0.240158190220972,0.357923167825463,0.476363756357024),.UNSPECIFIED.);
#121=B_SPLINE_CURVE_WITH_KNOTS('',3,(#3801,#3802,#3803,#3804,#3805,#3806,
#3807,#3808,#3809,#3810),.UNSPECIFIED.,.F.,.F.,(4,2,2,2,4),(-0.444616066433666,
-0.375950470276708,-0.305515085890461,-0.171434509705261,0.),
 .UNSPECIFIED.);
#122=B_SPLINE_CURVE_WITH_KNOTS('',3,(#3811,#3812,#3813,#3814),
 .UNSPECIFIED.,.F.,.F.,(4,4),(-6.4,-5.18182062386754),.UNSPECIFIED.);
#123=B_SPLINE_CURVE_WITH_KNOTS('',3,(#3831,#3832,#3833,#3834),
 .UNSPECIFIED.,.F.,.F.,(4,4),(-4.70817545830802,-4.67196369516165),
 .UNSPECIFIED.);
#124=B_SPLINE_CURVE_WITH_KNOTS('',3,(#3835,#3836,#3837,#3838),
 .UNSPECIFIED.,.F.,.F.,(4,4),(4.67196369516165,4.70817545830802),
 .UNSPECIFIED.);
#125=B_SPLINE_CURVE_WITH_KNOTS('',3,(#3841,#3842,#3843,#3844,#3845,#3846,
#3847,#3848,#3849,#3850,#3851,#3852,#3853,#3854),.UNSPECIFIED.,.F.,.F.,
(4,1,1,1,1,1,1,1,1,1,1,4),(-34.9860785252467,-31.5355035988084,-28.0264713959166,
-26.2719552944707,-24.5174391930248,-23.3477617920608,-22.1780843910969,
-21.008406990133,-19.838729589169,-17.4993747872411,-13.9903425843493,-10.5397677579958),
 .UNSPECIFIED.);
#126=B_SPLINE_CURVE_WITH_KNOTS('',3,(#3858,#3859,#3860,#3861),
 .UNSPECIFIED.,.F.,.F.,(4,4),(-0.0435477949346147,-2.09308559760976E-15),
 .UNSPECIFIED.);
#127=B_SPLINE_CURVE_WITH_KNOTS('',3,(#3862,#3863,#3864,#3865,#3866,#3867,
#3868,#3869,#3870,#3871,#3872,#3873,#3874),.UNSPECIFIED.,.F.,.F.,(4,1,1,
1,1,1,1,1,1,1,4),(-30.9251666661435,-27.8503607319299,-24.7755547977164,
-23.2381518306096,-21.7007488635028,-19.6508782406938,-18.6259429292893,
-17.6010076178848,-15.5511369950757,-12.4763310608622,-9.40152512664864),
 .UNSPECIFIED.);
#128=B_SPLINE_CURVE_WITH_KNOTS('',3,(#3946,#3947,#3948,#3949,#3950,#3951,
#3952,#3953,#3954,#3955,#3956,#3957),.UNSPECIFIED.,.F.,.F.,(4,2,2,2,2,4),
(-0.47577521773565,-0.413028268412216,-0.35036077646095,-0.232150501414498,
-0.115652766503684,0.),.UNSPECIFIED.);
#129=B_SPLINE_CURVE_WITH_KNOTS('',3,(#3958,#3959,#3960,#3961),
 .UNSPECIFIED.,.F.,.F.,(4,4),(4.008049240597,4.04426100374337),
 .UNSPECIFIED.);
#130=B_SPLINE_CURVE_WITH_KNOTS('',3,(#3979,#3980,#3981,#3982,#3983,#3984,
#3985,#3986,#3987,#3988),.UNSPECIFIED.,.F.,.F.,(4,2,2,2,4),(-0.409232124254485,
-0.297546891536461,-0.193322598387612,-0.091509720083691,0.),
 .UNSPECIFIED.);
#131=B_SPLINE_CURVE_WITH_KNOTS('',3,(#3990,#3991,#3992,#3993),
 .UNSPECIFIED.,.F.,.F.,(4,4),(5.18182062386754,6.4),.UNSPECIFIED.);
#132=B_SPLINE_CURVE_WITH_KNOTS('',3,(#4045,#4046,#4047,#4048,#4049,#4050,
#4051,#4052,#4053,#4054,#4055,#4056),.UNSPECIFIED.,.F.,.F.,(4,2,2,2,2,4),
(0.,0.115652766503684,0.232150501414498,0.35036077646095,0.413028268412216,
0.47577521773565),.UNSPECIFIED.);
#133=B_SPLINE_CURVE_WITH_KNOTS('',3,(#4079,#4080,#4081,#4082),
 .UNSPECIFIED.,.F.,.F.,(4,4),(-4.04426100374337,-4.008049240597),
 .UNSPECIFIED.);
#134=B_SPLINE_CURVE_WITH_KNOTS('',3,(#4126,#4127,#4128,#4129,#4130,#4131,
#4132,#4133,#4134,#4135),.UNSPECIFIED.,.F.,.F.,(4,2,2,2,4),(0.0435477949346144,
0.122182418584415,0.243081934854551,0.361236782521322,0.478225977609492),
 .UNSPECIFIED.);
#135=B_SPLINE_CURVE_WITH_KNOTS('',3,(#4137,#4138,#4139,#4140,#4141,#4142,
#4143,#4144,#4145,#4146),.UNSPECIFIED.,.F.,.F.,(4,2,2,2,4),(-0.478225977609492,
-0.361236782521322,-0.243081934854551,-0.122182418584415,-0.0435477949346144),
 .UNSPECIFIED.);
#136=B_SPLINE_CURVE_WITH_KNOTS('',3,(#4164,#4165,#4166,#4167,#4168,#4169,
#4170,#4171,#4172,#4173),.UNSPECIFIED.,.F.,.F.,(4,2,2,2,4),(-0.54603145632848,
-0.467707819423822,-0.385597939200438,-0.224294882101488,0.),
 .UNSPECIFIED.);
#137=B_SPLINE_CURVE_WITH_KNOTS('',3,(#4174,#4175,#4176,#4177),
 .UNSPECIFIED.,.F.,.F.,(4,4),(-6.4,-5.18124956989259),.UNSPECIFIED.);
#138=B_SPLINE_CURVE_WITH_KNOTS('',3,(#4194,#4195,#4196,#4197),
 .UNSPECIFIED.,.F.,.F.,(4,4),(2.09308559760976E-15,0.0435477949346147),
 .UNSPECIFIED.);
#139=B_SPLINE_CURVE_WITH_KNOTS('',3,(#4265,#4266,#4267,#4268,#4269,#4270,
#4271,#4272,#4273,#4274,#4275,#4276,#4277),.UNSPECIFIED.,.F.,.F.,(4,3,3,
3,4),(0.369279516755568,0.400139798822348,0.413028268412349,0.444401743074032,
0.475775217735715),.UNSPECIFIED.);
#140=B_SPLINE_CURVE_WITH_KNOTS('',3,(#4280,#4281,#4282,#4283,#4284,#4285,
#4286,#4287,#4288,#4289,#4290,#4291,#4292),.UNSPECIFIED.,.F.,.F.,(4,3,3,
3,4),(0.,0.0303781068843599,0.0612921172493943,0.0925673940913816,0.109198184899729),
 .UNSPECIFIED.);
#141=B_SPLINE_CURVE_WITH_KNOTS('',3,(#4324,#4325,#4326,#4327,#4328,#4329,
#4330,#4331,#4332,#4333,#4334,#4335,#4336,#4337,#4338,#4339,#4340,#4341,
#4342,#4343,#4344,#4345,#4346,#4347,#4348,#4349,#4350,#4351,#4352,#4353,
#4354,#4355,#4356,#4357,#4358,#4359,#4360,#4361,#4362,#4363,#4364,#4365,
#4366,#4367,#4368,#4369,#4370,#4371,#4372,#4373,#4374,#4375,#4376,#4377,
#4378),.UNSPECIFIED.,.F.,.F.,(4,3,3,3,3,3,3,3,3,3,3,3,3,3,3,3,3,3,4),(0.,
0.0297528259273921,0.0600232308240204,0.0905694167565453,0.113234711078451,
0.14360216686145,0.174268051004676,0.203742797663735,0.228576807567312,
0.258526614138641,0.289120432710927,0.320358139280073,0.348304500001278,
0.379791906351077,0.411305281364572,0.414658441241,0.446265670371817,0.477298920525101,
0.481247301339449),.UNSPECIFIED.);
#142=B_SPLINE_CURVE_WITH_KNOTS('',3,(#4380,#4381,#4382,#4383,#4384,#4385),
 .UNSPECIFIED.,.F.,.F.,(4,1,1,4),(0.605989836652568,1.94582568181518,4.79099901459876,
10.3365459188051),.UNSPECIFIED.);
#143=B_SPLINE_CURVE_WITH_KNOTS('',3,(#4386,#4387,#4388,#4389,#4390,#4391,
#4392,#4393,#4394,#4395,#4396,#4397,#4398),.UNSPECIFIED.,.F.,.F.,(4,3,3,
3,4),(0.369279516755629,0.400140135678011,0.413028268412424,0.44440174307412,
0.475775217735816),.UNSPECIFIED.);
#144=B_SPLINE_CURVE_WITH_KNOTS('',3,(#4403,#4404,#4405,#4406,#4407,#4408),
 .UNSPECIFIED.,.F.,.F.,(4,1,1,4),(32.3981762444398,36.1444943311824,38.8220255931165,
41.4995568550507),.UNSPECIFIED.);
#145=B_SPLINE_CURVE_WITH_KNOTS('',3,(#4412,#4413,#4414,#4415,#4416,#4417,
#4418,#4419,#4420,#4421,#4422,#4423,#4424,#4425,#4426,#4427,#4428,#4429,
#4430,#4431,#4432,#4433,#4434,#4435,#4436,#4437,#4438,#4439,#4440,#4441,
#4442,#4443,#4444,#4445,#4446,#4447,#4448,#4449,#4450,#4451,#4452,#4453,
#4454,#4455,#4456,#4457,#4458,#4459,#4460),.UNSPECIFIED.,.F.,.F.,(4,3,3,
3,3,3,3,3,3,3,3,3,3,3,3,3,4),(0.,0.0315627417244731,0.0630895311009171,
0.0947717565391175,0.126250966897892,0.157577931185692,0.188619519425737,
0.219144734873146,0.249669950320554,0.278198003855143,0.308886826204893,
0.339414718813485,0.368215619622938,0.398817015680646,0.429312367770157,
0.459056164740246,0.482294605815493),.UNSPECIFIED.);
#146=B_SPLINE_CURVE_WITH_KNOTS('',3,(#4463,#4464,#4465,#4466,#4467,#4468,
#4469,#4470,#4471,#4472,#4473,#4474,#4475,#4476,#4477,#4478,#4479,#4480,
#4481,#4482,#4483,#4484,#4485,#4486,#4487,#4488,#4489,#4490,#4491,#4492,
#4493,#4494,#4495,#4496,#4497,#4498,#4499,#4500,#4501,#4502,#4503,#4504,
#4505,#4506,#4507,#4508,#4509,#4510,#4511,#4512,#4513,#4514),
 .UNSPECIFIED.,.F.,.F.,(4,3,3,3,3,3,3,3,3,3,3,3,3,3,3,3,3,4),(0.,0.0297816069958489,
0.0600748697175925,0.0906139292482657,0.113566531291827,0.143994687220344,
0.174640183801696,0.203631358508123,0.229122725464087,0.259158094910843,
0.289800636745391,0.32098987408506,0.348677620761018,0.381459211029405,
0.414240801297792,0.447095425072323,0.477825395498356,0.479950048846854),
 .UNSPECIFIED.);
#147=B_SPLINE_CURVE_WITH_KNOTS('',3,(#4515,#4516,#4517,#4518,#4519,#4520,
#4521,#4522,#4523,#4524),.UNSPECIFIED.,.F.,.F.,(4,2,2,2,4),(0.,0.12459582752855,
0.247281711170177,0.365860560387519,0.480866029583093),.UNSPECIFIED.);
#148=B_SPLINE_CURVE_WITH_KNOTS('',3,(#4555,#4556,#4557,#4558,#4559,#4560,
#4561,#4562,#4563,#4564,#4565,#4566,#4567),.UNSPECIFIED.,.F.,.F.,(4,3,3,
3,4),(0.,0.0303792869125943,0.0612941602151679,0.0925693817293537,0.10919818489857),
 .UNSPECIFIED.);
#149=B_SPLINE_CURVE_WITH_KNOTS('',3,(#4599,#4600,#4601,#4602,#4603,#4604,
#4605,#4606,#4607,#4608,#4609,#4610,#4611),.UNSPECIFIED.,.F.,.F.,(4,3,3,
3,4),(0.,0.030164560085138,0.0608745110843048,0.0919693839785238,0.106805894466055),
 .UNSPECIFIED.);
#150=B_SPLINE_CURVE_WITH_KNOTS('',3,(#4612,#4613,#4614,#4615,#4616,#4617),
 .UNSPECIFIED.,.F.,.F.,(4,1,1,4),(35.1892933126094,39.3122531495011,42.1574264824269,
44.9198441892781),.UNSPECIFIED.);
#151=B_SPLINE_CURVE_WITH_KNOTS('',3,(#4654,#4655,#4656,#4657,#4658,#4659,
#4660),.UNSPECIFIED.,.F.,.F.,(4,1,1,1,4),(1.36381468164198,2.70258031260907,
5.38011157454323,8.0576428364774,10.4651998338247),.UNSPECIFIED.);
#152=B_SPLINE_CURVE_WITH_KNOTS('',3,(#4661,#4662,#4663,#4664,#4665,#4666,
#4667,#4668,#4669,#4670,#4671,#4672,#4673),.UNSPECIFIED.,.F.,.F.,(4,3,3,
3,4),(0.368638324358236,0.399705796578553,0.413528203694373,0.445516885241228,
0.477505566788083),.UNSPECIFIED.);
#153=B_SPLINE_CURVE_WITH_KNOTS('',3,(#4705,#4706,#4707,#4708,#4709,#4710,
#4711,#4712,#4713,#4714),.UNSPECIFIED.,.F.,.F.,(4,2,2,2,4),(0.,0.124595827766032,
0.247281712851508,0.365860563723054,0.480866029585705),.UNSPECIFIED.);
#154=B_SPLINE_CURVE_WITH_KNOTS('',3,(#4715,#4716,#4717,#4718,#4719,#4720),
 .UNSPECIFIED.,.F.,.F.,(4,1,1,4),(32.1195245312701,35.8658431041551,38.5433746703079,
41.2209062364606),.UNSPECIFIED.);
#155=B_SPLINE_CURVE_WITH_KNOTS('',3,(#4724,#4725,#4726,#4727,#4728,#4729,
#4730,#4731,#4732,#4733,#4734,#4735,#4736,#4737,#4738,#4739,#4740,#4741,
#4742,#4743,#4744,#4745,#4746,#4747,#4748,#4749,#4750,#4751,#4752,#4753,
#4754,#4755,#4756,#4757,#4758,#4759,#4760,#4761,#4762,#4763,#4764,#4765,
#4766,#4767,#4768,#4769,#4770,#4771,#4772,#4773,#4774,#4775,#4776,#4777,
#4778),.UNSPECIFIED.,.F.,.F.,(4,3,3,3,3,3,3,3,3,3,3,3,3,3,3,3,3,3,4),(0.,
0.0297519496409584,0.0600215871301138,0.0905677558744282,0.113234711078437,
0.143601456371659,0.174267471168739,0.203742797663697,0.228576807567273,
0.258527964919121,0.289122927693936,0.320361071764474,0.348304500001226,
0.379792387470809,0.411305537516624,0.414658441240938,0.446265363152716,
0.477297832691203,0.481247301339395),.UNSPECIFIED.);
#156=B_SPLINE_CURVE_WITH_KNOTS('',3,(#4780,#4781,#4782,#4783,#4784,#4785,
#4786,#4787,#4788,#4789,#4790,#4791,#4792,#4793,#4794,#4795,#4796,#4797,
#4798,#4799,#4800,#4801,#4802,#4803,#4804,#4805,#4806,#4807,#4808,#4809,
#4810,#4811,#4812,#4813,#4814,#4815,#4816,#4817,#4818,#4819,#4820,#4821,
#4822,#4823,#4824,#4825,#4826,#4827,#4828),.UNSPECIFIED.,.F.,.F.,(4,3,3,
3,3,3,3,3,3,3,3,3,3,3,3,3,4),(0.,0.0315627417249303,0.063089968560388,0.0947718044521403,
0.126250966899721,0.157577559129131,0.188618305451599,0.219144127889218,
0.249669950326837,0.278198003855178,0.308886522054789,0.33941503241105,
0.368215619633339,0.398817064083375,0.429312991901003,0.459057644655893,
0.482294605815479),.UNSPECIFIED.);
#157=B_SPLINE_CURVE_WITH_KNOTS('',3,(#4831,#4832,#4833,#4834,#4835,#4836,
#4837,#4838,#4839,#4840,#4841,#4842,#4843,#4844,#4845,#4846,#4847,#4848,
#4849,#4850,#4851,#4852,#4853,#4854,#4855,#4856,#4857,#4858,#4859,#4860,
#4861,#4862,#4863,#4864,#4865,#4866,#4867,#4868,#4869,#4870,#4871,#4872,
#4873,#4874,#4875,#4876,#4877,#4878,#4879,#4880,#4881,#4882),
 .UNSPECIFIED.,.F.,.F.,(4,3,3,3,3,3,3,3,3,3,3,3,3,3,3,3,3,4),(0.,0.0297828115503626,
0.0600771181633983,0.0906161565296827,0.11356653097632,0.143995622499547,
0.174640834402381,0.203631358498491,0.229122723786997,0.259156297319686,
0.289797374500887,0.32098616942865,0.348677617426593,0.38145920859812,0.414240799769647,
0.44709542430058,0.477826536686914,0.479950048831513),.UNSPECIFIED.);
#158=B_SPLINE_CURVE_WITH_KNOTS('',3,(#4913,#4914,#4915,#4916,#4917,#4918),
 .UNSPECIFIED.,.F.,.F.,(4,1,1,4),(0.605989872190984,1.9458256818072,4.7909990145902,
10.3365459182186),.UNSPECIFIED.);
#159=B_SPLINE_CURVE_WITH_KNOTS('',3,(#4955,#4956,#4957,#4958,#4959,#4960,
#4961),.UNSPECIFIED.,.F.,.F.,(4,1,1,1,4),(1.08516217712744,2.42392796020383,
5.10145952635661,7.77899109250939,10.1865484054015),.UNSPECIFIED.);
#160=B_SPLINE_CURVE_WITH_KNOTS('',3,(#4962,#4963,#4964,#4965,#4966,#4967,
#4968,#4969,#4970,#4971,#4972,#4973,#4974),.UNSPECIFIED.,.F.,.F.,(4,3,3,
3,4),(0.368638324342262,0.399706203284101,0.413528202674469,0.445516884725337,
0.477505566776206),.UNSPECIFIED.);
#161=B_SPLINE_CURVE_WITH_KNOTS('',3,(#5006,#5007,#5008,#5009,#5010,#5011,
#5012,#5013,#5014,#5015,#5016,#5017,#5018),.UNSPECIFIED.,.F.,.F.,(4,3,3,
3,4),(0.,0.0301654182198083,0.0608759865057454,0.0919707898632447,0.106805894466043),
 .UNSPECIFIED.);
#162=B_SPLINE_CURVE_WITH_KNOTS('',3,(#5019,#5020,#5021,#5022,#5023,#5024),
 .UNSPECIFIED.,.F.,.F.,(4,1,1,4),(35.1884963331039,40.7340432376026,43.5792165705327,
44.9190524153086),.UNSPECIFIED.);
#163=B_SPLINE_SURFACE_WITH_KNOTS('',3,3,((#2261,#2262,#2263,#2264,#2265,
#2266,#2267,#2268,#2269,#2270,#2271,#2272,#2273,#2274,#2275),(#2276,#2277,
#2278,#2279,#2280,#2281,#2282,#2283,#2284,#2285,#2286,#2287,#2288,#2289,
#2290),(#2291,#2292,#2293,#2294,#2295,#2296,#2297,#2298,#2299,#2300,#2301,
#2302,#2303,#2304,#2305),(#2306,#2307,#2308,#2309,#2310,#2311,#2312,#2313,
#2314,#2315,#2316,#2317,#2318,#2319,#2320)),.UNSPECIFIED.,.F.,.F.,.F.,(4,
4),(4,1,1,1,1,1,1,1,1,1,1,1,4),(0.,1.),(-5.60194894872484,-5.56193417443135,
-5.52191940013787,-5.44188985155089,-5.28183075437695,-4.96171256002905,
-4.64159436568115,-4.00135797698536,-3.68123978263747,-3.52118068546352,
-3.44115113687655,-3.40113636258306,-3.36112158828957),.UNSPECIFIED.);
#164=B_SPLINE_SURFACE_WITH_KNOTS('',3,3,((#2778,#2779,#2780,#2781),(#2782,
#2783,#2784,#2785),(#2786,#2787,#2788,#2789),(#2790,#2791,#2792,#2793)),
 .UNSPECIFIED.,.F.,.F.,.F.,(4,4),(4,4),(0.,1.),(-1.000000000001,0.500000000000001),
 .UNSPECIFIED.);
#165=B_SPLINE_SURFACE_WITH_KNOTS('',3,3,((#2817,#2818,#2819,#2820,#2821,
#2822,#2823,#2824,#2825,#2826),(#2827,#2828,#2829,#2830,#2831,#2832,#2833,
#2834,#2835,#2836),(#2837,#2838,#2839,#2840,#2841,#2842,#2843,#2844,#2845,
#2846),(#2847,#2848,#2849,#2850,#2851,#2852,#2853,#2854,#2855,#2856)),
 .UNSPECIFIED.,.F.,.F.,.F.,(4,4),(4,2,2,2,4),(0.,1.),(1.34025798421762E-16,
0.115652766503388,0.350360776457658,0.413028268410785,0.475775217735635),
 .UNSPECIFIED.);
#166=B_SPLINE_SURFACE_WITH_KNOTS('',3,3,((#2889,#2890,#2891,#2892),(#2893,
#2894,#2895,#2896),(#2897,#2898,#2899,#2900),(#2901,#2902,#2903,#2904)),
 .UNSPECIFIED.,.F.,.F.,.F.,(4,4),(4,4),(0.,1.),(-4.04426100374337,-4.00804924059699),
 .UNSPECIFIED.);
#167=B_SPLINE_SURFACE_WITH_KNOTS('',3,3,((#2913,#2914,#2915,#2916,#2917,
#2918,#2919,#2920,#2921,#2922),(#2923,#2924,#2925,#2926,#2927,#2928,#2929,
#2930,#2931,#2932),(#2933,#2934,#2935,#2936,#2937,#2938,#2939,#2940,#2941,
#2942),(#2943,#2944,#2945,#2946,#2947,#2948,#2949,#2950,#2951,#2952)),
 .UNSPECIFIED.,.F.,.F.,.F.,(4,4),(4,2,2,2,4),(0.,1.),(0.0435477949346139,
0.12218241858522,0.243081934859885,0.361236782531973,0.478225977609502),
 .UNSPECIFIED.);
#168=B_SPLINE_SURFACE_WITH_KNOTS('',3,3,((#2978,#2979,#2980,#2981),(#2982,
#2983,#2984,#2985),(#2986,#2987,#2988,#2989),(#2990,#2991,#2992,#2993)),
 .UNSPECIFIED.,.F.,.F.,.F.,(4,4),(4,4),(0.,1.),(-0.5,1.),.UNSPECIFIED.);
#169=B_SPLINE_SURFACE_WITH_KNOTS('',3,3,((#3009,#3010,#3011,#3012),(#3013,
#3014,#3015,#3016),(#3017,#3018,#3019,#3020),(#3021,#3022,#3023,#3024)),
 .UNSPECIFIED.,.F.,.F.,.F.,(4,4),(4,4),(0.,1.),(0.,0.0435477949346143),
 .UNSPECIFIED.);
#170=B_SPLINE_SURFACE_WITH_KNOTS('',3,3,((#3033,#3034,#3035,#3036,#3037,
#3038,#3039,#3040,#3041,#3042,#3043,#3044,#3045,#3046,#3047),(#3048,#3049,
#3050,#3051,#3052,#3053,#3054,#3055,#3056,#3057,#3058,#3059,#3060,#3061,
#3062),(#3063,#3064,#3065,#3066,#3067,#3068,#3069,#3070,#3071,#3072,#3073,
#3074,#3075,#3076,#3077),(#3078,#3079,#3080,#3081,#3082,#3083,#3084,#3085,
#3086,#3087,#3088,#3089,#3090,#3091,#3092),(#3093,#3094,#3095,#3096,#3097,
#3098,#3099,#3100,#3101,#3102,#3103,#3104,#3105,#3106,#3107)),
 .UNSPECIFIED.,.F.,.F.,.F.,(4,1,4),(4,1,1,1,1,1,1,1,1,1,1,1,4),(0.,0.571428571428571,
1.),(10.4805137919497,13.9895459946158,15.7440620959489,17.498578197282,
18.6682555981707,21.0076103999481,22.1772878008368,23.3469652017255,24.5166426026142,
26.2711587039473,28.0256748052804,31.5347070079465,35.0437392106126),
 .UNSPECIFIED.);
#171=B_SPLINE_SURFACE_WITH_KNOTS('',3,3,((#3175,#3176,#3177,#3178,#3179,
#3180,#3181,#3182,#3183,#3184,#3185,#3186,#3187,#3188),(#3189,#3190,#3191,
#3192,#3193,#3194,#3195,#3196,#3197,#3198,#3199,#3200,#3201,#3202),(#3203,
#3204,#3205,#3206,#3207,#3208,#3209,#3210,#3211,#3212,#3213,#3214,#3215,
#3216),(#3217,#3218,#3219,#3220,#3221,#3222,#3223,#3224,#3225,#3226,#3227,
#3228,#3229,#3230),(#3231,#3232,#3233,#3234,#3235,#3236,#3237,#3238,#3239,
#3240,#3241,#3242,#3243,#3244)),.UNSPECIFIED.,.F.,.F.,.F.,(4,1,4),(4,1,
1,1,1,1,1,1,1,1,1,4),(0.,0.571428571428571,1.),(9.40039999402188,12.4752059284569,
15.5500118628919,17.0874148301094,18.6248177973269,20.6746884202836,21.6996237317619,
22.2120913875011,22.7245590432402,24.7744296661969,27.8492356006319,30.9240415350669),
 .UNSPECIFIED.);
#172=B_SPLINE_SURFACE_WITH_KNOTS('',3,3,((#3257,#3258,#3259,#3260),(#3261,
#3262,#3263,#3264),(#3265,#3266,#3267,#3268),(#3269,#3270,#3271,#3272)),
 .UNSPECIFIED.,.F.,.F.,.F.,(4,4),(4,4),(0.,1.),(-1.,0.5),.UNSPECIFIED.);
#173=B_SPLINE_SURFACE_WITH_KNOTS('',3,3,((#3290,#3291,#3292,#3293,#3294,
#3295,#3296,#3297,#3298,#3299,#3300,#3301),(#3302,#3303,#3304,#3305,#3306,
#3307,#3308,#3309,#3310,#3311,#3312,#3313),(#3314,#3315,#3316,#3317,#3318,
#3319,#3320,#3321,#3322,#3323,#3324,#3325),(#3326,#3327,#3328,#3329,#3330,
#3331,#3332,#3333,#3334,#3335,#3336,#3337)),.UNSPECIFIED.,.F.,.F.,.F.,(4,
4),(4,2,2,2,2,4),(0.,1.),(0.,0.114733158045951,0.230831886939299,0.349647222589059,
0.413528198699711,0.434053840243093),.UNSPECIFIED.);
#174=B_SPLINE_SURFACE_WITH_KNOTS('',3,3,((#3358,#3359,#3360,#3361),(#3362,
#3363,#3364,#3365),(#3366,#3367,#3368,#3369),(#3370,#3371,#3372,#3373)),
 .UNSPECIFIED.,.F.,.F.,.F.,(4,4),(4,4),(0.,1.),(0.434053840243093,0.477505566730407),
 .UNSPECIFIED.);
#175=B_SPLINE_SURFACE_WITH_KNOTS('',3,3,((#3378,#3379,#3380,#3381,#3382,
#3383,#3384,#3385,#3386,#3387),(#3388,#3389,#3390,#3391,#3392,#3393,#3394,
#3395,#3396,#3397),(#3398,#3399,#3400,#3401,#3402,#3403,#3404,#3405,#3406,
#3407),(#3408,#3409,#3410,#3411,#3412,#3413,#3414,#3415,#3416,#3417)),
 .UNSPECIFIED.,.F.,.F.,.F.,(4,4),(4,2,2,2,4),(0.,1.),(0.,0.120582502962064,
0.240158190223173,0.357923167829282,0.476363756357019),.UNSPECIFIED.);
#176=B_SPLINE_SURFACE_WITH_KNOTS('',3,3,((#3432,#3433,#3434,#3435),(#3436,
#3437,#3438,#3439),(#3440,#3441,#3442,#3443),(#3444,#3445,#3446,#3447)),
 .UNSPECIFIED.,.F.,.F.,.F.,(4,4),(4,4),(0.,1.),(-0.5,1.000000000001),
 .UNSPECIFIED.);
#177=B_SPLINE_SURFACE_WITH_KNOTS('',3,3,((#3468,#3469,#3470,#3471),(#3472,
#3473,#3474,#3475),(#3476,#3477,#3478,#3479),(#3480,#3481,#3482,#3483)),
 .UNSPECIFIED.,.F.,.F.,.F.,(4,4),(4,4),(0.,1.),(4.67196369516165,4.70817545864398),
 .UNSPECIFIED.);
#178=B_SPLINE_SURFACE_WITH_KNOTS('',3,3,((#3578,#3579,#3580,#3581),(#3582,
#3583,#3584,#3585),(#3586,#3587,#3588,#3589),(#3590,#3591,#3592,#3593)),
 .UNSPECIFIED.,.F.,.F.,.F.,(4,4),(4,4),(0.,1.),(4.9,6.4),.UNSPECIFIED.);
#179=B_SPLINE_SURFACE_WITH_KNOTS('',3,3,((#3611,#3612,#3613,#3614,#3615,
#3616,#3617,#3618,#3619,#3620,#3621,#3622),(#3623,#3624,#3625,#3626,#3627,
#3628,#3629,#3630,#3631,#3632,#3633,#3634),(#3635,#3636,#3637,#3638,#3639,
#3640,#3641,#3642,#3643,#3644,#3645,#3646),(#3647,#3648,#3649,#3650,#3651,
#3652,#3653,#3654,#3655,#3656,#3657,#3658)),.UNSPECIFIED.,.F.,.F.,.F.,(4,
4),(4,2,2,2,2,4),(0.,1.),(0.,0.114733158046974,0.230831886944679,0.349647222599595,
0.413528198704512,0.434053840243101),.UNSPECIFIED.);
#180=B_SPLINE_SURFACE_WITH_KNOTS('',3,3,((#3695,#3696,#3697,#3698),(#3699,
#3700,#3701,#3702),(#3703,#3704,#3705,#3706),(#3707,#3708,#3709,#3710)),
 .UNSPECIFIED.,.F.,.F.,.F.,(4,4),(4,4),(0.,1.),(0.4340538402431,0.477505566730382),
 .UNSPECIFIED.);
#181=B_SPLINE_SURFACE_WITH_KNOTS('',3,3,((#3719,#3720,#3721,#3722,#3723,
#3724,#3725,#3726,#3727,#3728),(#3729,#3730,#3731,#3732,#3733,#3734,#3735,
#3736,#3737,#3738),(#3739,#3740,#3741,#3742,#3743,#3744,#3745,#3746,#3747,
#3748),(#3749,#3750,#3751,#3752,#3753,#3754,#3755,#3756,#3757,#3758)),
 .UNSPECIFIED.,.F.,.F.,.F.,(4,4),(4,2,2,2,4),(0.,1.),(0.,0.120582502961457,
0.240158190220972,0.357923167825463,0.476363756357024),.UNSPECIFIED.);
#182=B_SPLINE_SURFACE_WITH_KNOTS('',3,3,((#3784,#3785,#3786,#3787),(#3788,
#3789,#3790,#3791),(#3792,#3793,#3794,#3795),(#3796,#3797,#3798,#3799)),
 .UNSPECIFIED.,.F.,.F.,.F.,(4,4),(4,4),(0.,1.),(-6.4,-4.9),
 .UNSPECIFIED.);
#183=B_SPLINE_SURFACE_WITH_KNOTS('',3,3,((#3815,#3816,#3817,#3818),(#3819,
#3820,#3821,#3822),(#3823,#3824,#3825,#3826),(#3827,#3828,#3829,#3830)),
 .UNSPECIFIED.,.F.,.F.,.F.,(4,4),(4,4),(0.,1.),(4.67196369516165,4.70817545864398),
 .UNSPECIFIED.);
#184=B_SPLINE_SURFACE_WITH_KNOTS('',3,3,((#3875,#3876,#3877,#3878,#3879,
#3880,#3881,#3882,#3883,#3884,#3885,#3886,#3887,#3888),(#3889,#3890,#3891,
#3892,#3893,#3894,#3895,#3896,#3897,#3898,#3899,#3900,#3901,#3902),(#3903,
#3904,#3905,#3906,#3907,#3908,#3909,#3910,#3911,#3912,#3913,#3914,#3915,
#3916),(#3917,#3918,#3919,#3920,#3921,#3922,#3923,#3924,#3925,#3926,#3927,
#3928,#3929,#3930),(#3931,#3932,#3933,#3934,#3935,#3936,#3937,#3938,#3939,
#3940,#3941,#3942,#3943,#3944)),.UNSPECIFIED.,.F.,.F.,.F.,(4,1,4),(4,1,
1,1,1,1,1,1,1,1,1,4),(0.,0.571428571428571,1.),(10.4813103814575,13.9903425843493,
17.4993747872411,19.838729589169,21.008406990133,22.1780843910969,23.3477617920608,
24.5174391930248,26.2719552944707,28.0264713959166,31.5355035988084,35.0445358017002),
 .UNSPECIFIED.);
#185=B_SPLINE_SURFACE_WITH_KNOTS('',3,3,((#3962,#3963,#3964,#3965),(#3966,
#3967,#3968,#3969),(#3970,#3971,#3972,#3973),(#3974,#3975,#3976,#3977)),
 .UNSPECIFIED.,.F.,.F.,.F.,(4,4),(4,4),(0.,1.),(4.9,6.4),.UNSPECIFIED.);
#186=B_SPLINE_SURFACE_WITH_KNOTS('',3,3,((#3995,#3996,#3997,#3998,#3999,
#4000,#4001,#4002,#4003,#4004,#4005,#4006),(#4007,#4008,#4009,#4010,#4011,
#4012,#4013,#4014,#4015,#4016,#4017,#4018),(#4019,#4020,#4021,#4022,#4023,
#4024,#4025,#4026,#4027,#4028,#4029,#4030),(#4031,#4032,#4033,#4034,#4035,
#4036,#4037,#4038,#4039,#4040,#4041,#4042)),.UNSPECIFIED.,.F.,.F.,.F.,(4,
4),(4,2,2,2,2,4),(0.,1.),(0.,0.115652766503684,0.232150501414498,0.35036077646095,
0.413028268412216,0.47577521773565),.UNSPECIFIED.);
#187=B_SPLINE_SURFACE_WITH_KNOTS('',3,3,((#4063,#4064,#4065,#4066),(#4067,
#4068,#4069,#4070),(#4071,#4072,#4073,#4074),(#4075,#4076,#4077,#4078)),
 .UNSPECIFIED.,.F.,.F.,.F.,(4,4),(4,4),(0.,1.),(-4.04426100374337,-4.008049240597),
 .UNSPECIFIED.);
#188=B_SPLINE_SURFACE_WITH_KNOTS('',3,3,((#4083,#4084,#4085,#4086,#4087,
#4088,#4089,#4090,#4091,#4092),(#4093,#4094,#4095,#4096,#4097,#4098,#4099,
#4100,#4101,#4102),(#4103,#4104,#4105,#4106,#4107,#4108,#4109,#4110,#4111,
#4112),(#4113,#4114,#4115,#4116,#4117,#4118,#4119,#4120,#4121,#4122)),
 .UNSPECIFIED.,.F.,.F.,.F.,(4,4),(4,2,2,2,4),(0.,1.),(0.0435477949346144,
0.122182418584415,0.243081934854551,0.361236782521322,0.478225977609492),
 .UNSPECIFIED.);
#189=B_SPLINE_SURFACE_WITH_KNOTS('',3,3,((#4147,#4148,#4149,#4150),(#4151,
#4152,#4153,#4154),(#4155,#4156,#4157,#4158),(#4159,#4160,#4161,#4162)),
 .UNSPECIFIED.,.F.,.F.,.F.,(4,4),(4,4),(0.,1.),(-6.4,-4.9),
 .UNSPECIFIED.);
#190=B_SPLINE_SURFACE_WITH_KNOTS('',3,3,((#4178,#4179,#4180,#4181),(#4182,
#4183,#4184,#4185),(#4186,#4187,#4188,#4189),(#4190,#4191,#4192,#4193)),
 .UNSPECIFIED.,.F.,.F.,.F.,(4,4),(4,4),(0.,1.),(2.09308559760976E-15,0.0435477949346147),
 .UNSPECIFIED.);
#191=B_SPLINE_SURFACE_WITH_KNOTS('',3,3,((#4198,#4199,#4200,#4201,#4202,
#4203,#4204,#4205,#4206,#4207,#4208,#4209,#4210),(#4211,#4212,#4213,#4214,
#4215,#4216,#4217,#4218,#4219,#4220,#4221,#4222,#4223),(#4224,#4225,#4226,
#4227,#4228,#4229,#4230,#4231,#4232,#4233,#4234,#4235,#4236),(#4237,#4238,
#4239,#4240,#4241,#4242,#4243,#4244,#4245,#4246,#4247,#4248,#4249),(#4250,
#4251,#4252,#4253,#4254,#4255,#4256,#4257,#4258,#4259,#4260,#4261,#4262)),
 .UNSPECIFIED.,.F.,.F.,.F.,(4,1,4),(4,1,1,1,1,1,1,1,1,1,4),(0.,0.571428571428571,
1.),(9.40152512664864,12.4763310608622,15.5511369950757,17.6010076178848,
18.6259429292893,19.6508782406938,21.7007488635028,23.2381518306096,24.7755547977164,
27.8503607319299,30.9251666661435),.UNSPECIFIED.);
#192=B_SPLINE_SURFACE_WITH_KNOTS('',3,3,((#4293,#4294,#4295,#4296,#4297,
#4298),(#4299,#4300,#4301,#4302,#4303,#4304),(#4305,#4306,#4307,#4308,#4309,
#4310),(#4311,#4312,#4313,#4314,#4315,#4316),(#4317,#4318,#4319,#4320,#4321,
#4322)),.UNSPECIFIED.,.F.,.F.,.F.,(4,1,4),(4,1,1,4),(0.,0.571428571428571,
1.),(0.523239015423398,1.94582568181518,4.79099901459876,10.4813456801659),
 .UNSPECIFIED.);
#193=B_SPLINE_SURFACE_WITH_KNOTS('',3,3,((#4525,#4526,#4527,#4528,#4529,
#4530),(#4531,#4532,#4533,#4534,#4535,#4536),(#4537,#4538,#4539,#4540,#4541,
#4542),(#4543,#4544,#4545,#4546,#4547,#4548),(#4549,#4550,#4551,#4552,#4553,
#4554)),.UNSPECIFIED.,.F.,.F.,.F.,(4,1,4),(4,1,1,4),(0.,0.571428571428571,
1.),(32.1281974382811,36.1444943311824,38.8220255931165,41.4995568550507),
 .UNSPECIFIED.);
#194=B_SPLINE_SURFACE_WITH_KNOTS('',3,3,((#4568,#4569,#4570,#4571,#4572,
#4573),(#4574,#4575,#4576,#4577,#4578,#4579),(#4580,#4581,#4582,#4583,#4584,
#4585),(#4586,#4587,#4588,#4589,#4590,#4591),(#4592,#4593,#4594,#4595,#4596,
#4597)),.UNSPECIFIED.,.F.,.F.,.F.,(4,1,4),(4,1,1,4),(0.,0.571428571428571,
1.),(35.0444931501123,39.3122531495011,42.1574264824269,45.0025998153527),
 .UNSPECIFIED.);
#195=B_SPLINE_SURFACE_WITH_KNOTS('',3,3,((#4618,#4619,#4620,#4621,#4622,
#4623,#4624),(#4625,#4626,#4627,#4628,#4629,#4630,#4631),(#4632,#4633,#4634,
#4635,#4636,#4637,#4638),(#4639,#4640,#4641,#4642,#4643,#4644,#4645),(#4646,
#4647,#4648,#4649,#4650,#4651,#4652)),.UNSPECIFIED.,.F.,.F.,.F.,(4,1,4),
(4,1,1,1,4),(0.,0.571428571428571,1.),(1.36381468164198,2.70258031260907,
5.38011157454323,8.0576428364774,10.7351740984116),.UNSPECIFIED.);
#196=B_SPLINE_SURFACE_WITH_KNOTS('',3,3,((#4674,#4675,#4676,#4677,#4678,
#4679),(#4680,#4681,#4682,#4683,#4684,#4685),(#4686,#4687,#4688,#4689,#4690,
#4691),(#4692,#4693,#4694,#4695,#4696,#4697),(#4698,#4699,#4700,#4701,#4702,
#4703)),.UNSPECIFIED.,.F.,.F.,.F.,(4,1,4),(4,1,1,4),(0.,0.571428571428571,
1.),(31.8495457549259,35.8658431041551,38.5433746703079,41.2209062364606),
 .UNSPECIFIED.);
#197=B_SPLINE_SURFACE_WITH_KNOTS('',3,3,((#4883,#4884,#4885,#4886,#4887,
#4888),(#4889,#4890,#4891,#4892,#4893,#4894),(#4895,#4896,#4897,#4898,#4899,
#4900),(#4901,#4902,#4903,#4904,#4905,#4906),(#4907,#4908,#4909,#4910,#4911,
#4912)),.UNSPECIFIED.,.F.,.F.,.F.,(4,1,4),(4,1,1,4),(0.,0.571428571428571,
1.),(0.523239015415707,1.9458256818072,4.7909990145902,10.4813456801562),
 .UNSPECIFIED.);
#198=B_SPLINE_SURFACE_WITH_KNOTS('',3,3,((#4919,#4920,#4921,#4922,#4923,
#4924,#4925),(#4926,#4927,#4928,#4929,#4930,#4931,#4932),(#4933,#4934,#4935,
#4936,#4937,#4938,#4939),(#4940,#4941,#4942,#4943,#4944,#4945,#4946),(#4947,
#4948,#4949,#4950,#4951,#4952,#4953)),.UNSPECIFIED.,.F.,.F.,.F.,(4,1,4),
(4,1,1,1,4),(0.,0.571428571428571,1.),(1.08516217712744,2.42392796020383,
5.10145952635661,7.77899109250939,10.4565226586622),.UNSPECIFIED.);
#199=B_SPLINE_SURFACE_WITH_KNOTS('',3,3,((#4975,#4976,#4977,#4978,#4979,
#4980),(#4981,#4982,#4983,#4984,#4985,#4986),(#4987,#4988,#4989,#4990,#4991,
#4992),(#4993,#4994,#4995,#4996,#4997,#4998),(#4999,#5000,#5001,#5002,#5003,
#5004)),.UNSPECIFIED.,.F.,.F.,.F.,(4,1,4),(4,1,1,4),(0.,0.571428571428571,
1.),(35.0436965717422,40.7340432376026,43.5792165705327,45.0018032369978),
 .UNSPECIFIED.);
#200=PLANE('',#1865);
#201=PLANE('',#1869);
#202=PLANE('',#1873);
#203=PLANE('',#1877);
#204=PLANE('',#1879);
#205=PLANE('',#1880);
#206=PLANE('',#1881);
#207=PLANE('',#1882);
#208=PLANE('',#1883);
#209=PLANE('',#1884);
#210=PLANE('',#1885);
#211=PLANE('',#1886);
#212=PLANE('',#1887);
#213=PLANE('',#1888);
#214=PLANE('',#1889);
#215=PLANE('',#1890);
#216=PLANE('',#1891);
#217=PLANE('',#1892);
#218=PLANE('',#1893);
#219=PLANE('',#1894);
#220=PLANE('',#1895);
#221=PLANE('',#1896);
#222=PLANE('',#1897);
#223=PLANE('',#1898);
#224=PLANE('',#1899);
#225=PLANE('',#1900);
#226=PLANE('',#1901);
#227=PLANE('',#1902);
#228=PLANE('',#1903);
#229=PLANE('',#1904);
#230=PLANE('',#1905);
#231=PLANE('',#1906);
#232=PLANE('',#1907);
#233=PLANE('',#1908);
#234=PLANE('',#1911);
#235=PLANE('',#1914);
#236=PLANE('',#1916);
#237=PLANE('',#1919);
#238=PLANE('',#1922);
#239=PLANE('',#1923);
#240=PLANE('',#1924);
#241=PLANE('',#1925);
#242=PLANE('',#1926);
#243=PLANE('',#1927);
#244=PLANE('',#1928);
#245=PLANE('',#1929);
#246=PLANE('',#1930);
#247=PLANE('',#1931);
#248=PLANE('',#1932);
#249=PLANE('',#1933);
#250=PLANE('',#1934);
#251=PLANE('',#1935);
#252=PLANE('',#1936);
#253=PLANE('',#1937);
#254=PLANE('',#1938);
#255=FACE_OUTER_BOUND('',#357,.T.);
#256=FACE_OUTER_BOUND('',#358,.T.);
#257=FACE_OUTER_BOUND('',#359,.T.);
#258=FACE_OUTER_BOUND('',#360,.T.);
#259=FACE_OUTER_BOUND('',#361,.T.);
#260=FACE_OUTER_BOUND('',#362,.T.);
#261=FACE_OUTER_BOUND('',#363,.T.);
#262=FACE_OUTER_BOUND('',#364,.T.);
#263=FACE_OUTER_BOUND('',#365,.T.);
#264=FACE_OUTER_BOUND('',#366,.T.);
#265=FACE_OUTER_BOUND('',#367,.T.);
#266=FACE_OUTER_BOUND('',#368,.T.);
#267=FACE_OUTER_BOUND('',#369,.T.);
#268=FACE_OUTER_BOUND('',#370,.T.);
#269=FACE_OUTER_BOUND('',#371,.T.);
#270=FACE_OUTER_BOUND('',#372,.T.);
#271=FACE_OUTER_BOUND('',#373,.T.);
#272=FACE_OUTER_BOUND('',#374,.T.);
#273=FACE_OUTER_BOUND('',#376,.T.);
#274=FACE_OUTER_BOUND('',#377,.T.);
#275=FACE_OUTER_BOUND('',#379,.T.);
#276=FACE_OUTER_BOUND('',#380,.T.);
#277=FACE_OUTER_BOUND('',#381,.T.);
#278=FACE_OUTER_BOUND('',#383,.T.);
#279=FACE_OUTER_BOUND('',#384,.T.);
#280=FACE_OUTER_BOUND('',#386,.T.);
#281=FACE_OUTER_BOUND('',#387,.T.);
#282=FACE_OUTER_BOUND('',#388,.T.);
#283=FACE_OUTER_BOUND('',#389,.T.);
#284=FACE_OUTER_BOUND('',#390,.T.);
#285=FACE_OUTER_BOUND('',#391,.T.);
#286=FACE_OUTER_BOUND('',#392,.T.);
#287=FACE_OUTER_BOUND('',#393,.T.);
#288=FACE_OUTER_BOUND('',#394,.T.);
#289=FACE_OUTER_BOUND('',#395,.T.);
#290=FACE_OUTER_BOUND('',#396,.T.);
#291=FACE_OUTER_BOUND('',#397,.T.);
#292=FACE_OUTER_BOUND('',#402,.T.);
#293=FACE_OUTER_BOUND('',#403,.T.);
#294=FACE_OUTER_BOUND('',#404,.T.);
#295=FACE_OUTER_BOUND('',#405,.T.);
#296=FACE_OUTER_BOUND('',#406,.T.);
#297=FACE_OUTER_BOUND('',#407,.T.);
#298=FACE_OUTER_BOUND('',#408,.T.);
#299=FACE_OUTER_BOUND('',#409,.T.);
#300=FACE_OUTER_BOUND('',#410,.T.);
#301=FACE_OUTER_BOUND('',#412,.T.);
#302=FACE_OUTER_BOUND('',#413,.T.);
#303=FACE_OUTER_BOUND('',#415,.T.);
#304=FACE_OUTER_BOUND('',#416,.T.);
#305=FACE_OUTER_BOUND('',#417,.T.);
#306=FACE_OUTER_BOUND('',#418,.T.);
#307=FACE_OUTER_BOUND('',#419,.T.);
#308=FACE_OUTER_BOUND('',#420,.T.);
#309=FACE_OUTER_BOUND('',#421,.T.);
#310=FACE_OUTER_BOUND('',#422,.T.);
#311=FACE_OUTER_BOUND('',#423,.T.);
#312=FACE_OUTER_BOUND('',#424,.T.);
#313=FACE_OUTER_BOUND('',#425,.T.);
#314=FACE_OUTER_BOUND('',#426,.T.);
#315=FACE_OUTER_BOUND('',#427,.T.);
#316=FACE_OUTER_BOUND('',#428,.T.);
#317=FACE_OUTER_BOUND('',#429,.T.);
#318=FACE_OUTER_BOUND('',#430,.T.);
#319=FACE_OUTER_BOUND('',#431,.T.);
#320=FACE_OUTER_BOUND('',#432,.T.);
#321=FACE_OUTER_BOUND('',#433,.T.);
#322=FACE_OUTER_BOUND('',#434,.T.);
#323=FACE_OUTER_BOUND('',#435,.T.);
#324=FACE_OUTER_BOUND('',#436,.T.);
#325=FACE_OUTER_BOUND('',#437,.T.);
#326=FACE_OUTER_BOUND('',#438,.T.);
#327=FACE_OUTER_BOUND('',#439,.T.);
#328=FACE_OUTER_BOUND('',#440,.T.);
#329=FACE_OUTER_BOUND('',#441,.T.);
#330=FACE_OUTER_BOUND('',#442,.T.);
#331=FACE_OUTER_BOUND('',#443,.T.);
#332=FACE_OUTER_BOUND('',#444,.T.);
#333=FACE_OUTER_BOUND('',#445,.T.);
#334=FACE_OUTER_BOUND('',#446,.T.);
#335=FACE_OUTER_BOUND('',#447,.T.);
#336=FACE_OUTER_BOUND('',#448,.T.);
#337=FACE_OUTER_BOUND('',#449,.T.);
#338=FACE_OUTER_BOUND('',#450,.T.);
#339=FACE_OUTER_BOUND('',#451,.T.);
#340=FACE_OUTER_BOUND('',#452,.T.);
#341=FACE_OUTER_BOUND('',#453,.T.);
#342=FACE_OUTER_BOUND('',#454,.T.);
#343=FACE_OUTER_BOUND('',#456,.T.);
#344=FACE_OUTER_BOUND('',#457,.T.);
#345=FACE_OUTER_BOUND('',#458,.T.);
#346=FACE_OUTER_BOUND('',#459,.T.);
#347=FACE_OUTER_BOUND('',#460,.T.);
#348=FACE_OUTER_BOUND('',#462,.T.);
#349=FACE_OUTER_BOUND('',#463,.T.);
#350=FACE_OUTER_BOUND('',#464,.T.);
#351=FACE_OUTER_BOUND('',#465,.T.);
#352=FACE_OUTER_BOUND('',#466,.T.);
#353=FACE_OUTER_BOUND('',#467,.T.);
#354=FACE_OUTER_BOUND('',#468,.T.);
#355=FACE_OUTER_BOUND('',#469,.T.);
#356=FACE_OUTER_BOUND('',#470,.T.);
#357=EDGE_LOOP('',(#1197,#1198,#1199,#1200));
#358=EDGE_LOOP('',(#1201));
#359=EDGE_LOOP('',(#1202,#1203,#1204,#1205));
#360=EDGE_LOOP('',(#1206));
#361=EDGE_LOOP('',(#1207,#1208,#1209,#1210));
#362=EDGE_LOOP('',(#1211));
#363=EDGE_LOOP('',(#1212,#1213,#1214,#1215));
#364=EDGE_LOOP('',(#1216));
#365=EDGE_LOOP('',(#1217,#1218,#1219,#1220));
#366=EDGE_LOOP('',(#1221,#1222,#1223,#1224));
#367=EDGE_LOOP('',(#1225,#1226,#1227,#1228));
#368=EDGE_LOOP('',(#1229,#1230,#1231,#1232));
#369=EDGE_LOOP('',(#1233,#1234,#1235,#1236));
#370=EDGE_LOOP('',(#1237,#1238,#1239,#1240));
#371=EDGE_LOOP('',(#1241,#1242,#1243,#1244));
#372=EDGE_LOOP('',(#1245,#1246,#1247,#1248));
#373=EDGE_LOOP('',(#1249,#1250,#1251,#1252));
#374=EDGE_LOOP('',(#1253,#1254,#1255,#1256));
#375=EDGE_LOOP('',(#1257,#1258,#1259,#1260));
#376=EDGE_LOOP('',(#1261,#1262,#1263,#1264));
#377=EDGE_LOOP('',(#1265,#1266,#1267,#1268));
#378=EDGE_LOOP('',(#1269,#1270,#1271,#1272));
#379=EDGE_LOOP('',(#1273,#1274,#1275,#1276));
#380=EDGE_LOOP('',(#1277,#1278,#1279,#1280));
#381=EDGE_LOOP('',(#1281,#1282,#1283,#1284));
#382=EDGE_LOOP('',(#1285,#1286,#1287,#1288));
#383=EDGE_LOOP('',(#1289,#1290,#1291,#1292));
#384=EDGE_LOOP('',(#1293,#1294,#1295,#1296));
#385=EDGE_LOOP('',(#1297,#1298,#1299,#1300));
#386=EDGE_LOOP('',(#1301,#1302,#1303,#1304));
#387=EDGE_LOOP('',(#1305,#1306,#1307,#1308));
#388=EDGE_LOOP('',(#1309,#1310,#1311,#1312));
#389=EDGE_LOOP('',(#1313,#1314,#1315,#1316));
#390=EDGE_LOOP('',(#1317,#1318,#1319,#1320));
#391=EDGE_LOOP('',(#1321,#1322,#1323,#1324));
#392=EDGE_LOOP('',(#1325,#1326,#1327,#1328));
#393=EDGE_LOOP('',(#1329,#1330,#1331,#1332));
#394=EDGE_LOOP('',(#1333,#1334,#1335,#1336));
#395=EDGE_LOOP('',(#1337,#1338,#1339,#1340));
#396=EDGE_LOOP('',(#1341,#1342,#1343,#1344));
#397=EDGE_LOOP('',(#1345,#1346,#1347,#1348));
#398=EDGE_LOOP('',(#1349));
#399=EDGE_LOOP('',(#1350));
#400=EDGE_LOOP('',(#1351));
#401=EDGE_LOOP('',(#1352));
#402=EDGE_LOOP('',(#1353,#1354,#1355,#1356));
#403=EDGE_LOOP('',(#1357,#1358));
#404=EDGE_LOOP('',(#1359,#1360,#1361,#1362));
#405=EDGE_LOOP('',(#1363,#1364,#1365,#1366));
#406=EDGE_LOOP('',(#1367,#1368,#1369,#1370));
#407=EDGE_LOOP('',(#1371,#1372,#1373,#1374));
#408=EDGE_LOOP('',(#1375,#1376,#1377,#1378));
#409=EDGE_LOOP('',(#1379,#1380,#1381,#1382));
#410=EDGE_LOOP('',(#1383,#1384,#1385,#1386));
#411=EDGE_LOOP('',(#1387,#1388,#1389,#1390));
#412=EDGE_LOOP('',(#1391,#1392,#1393,#1394));
#413=EDGE_LOOP('',(#1395,#1396,#1397,#1398,#1399,#1400,#1401,#1402));
#414=EDGE_LOOP('',(#1403,#1404,#1405,#1406));
#415=EDGE_LOOP('',(#1407,#1408,#1409,#1410,#1411,#1412,#1413,#1414,#1415,
#1416,#1417,#1418,#1419,#1420,#1421,#1422,#1423,#1424,#1425,#1426,#1427,
#1428));
#416=EDGE_LOOP('',(#1429,#1430,#1431,#1432));
#417=EDGE_LOOP('',(#1433,#1434,#1435,#1436));
#418=EDGE_LOOP('',(#1437,#1438,#1439,#1440));
#419=EDGE_LOOP('',(#1441,#1442,#1443,#1444));
#420=EDGE_LOOP('',(#1445,#1446,#1447,#1448));
#421=EDGE_LOOP('',(#1449,#1450,#1451,#1452));
#422=EDGE_LOOP('',(#1453,#1454,#1455,#1456));
#423=EDGE_LOOP('',(#1457,#1458,#1459,#1460,#1461,#1462,#1463,#1464));
#424=EDGE_LOOP('',(#1465,#1466,#1467,#1468,#1469,#1470));
#425=EDGE_LOOP('',(#1471,#1472,#1473,#1474,#1475,#1476));
#426=EDGE_LOOP('',(#1477,#1478,#1479,#1480));
#427=EDGE_LOOP('',(#1481,#1482,#1483,#1484));
#428=EDGE_LOOP('',(#1485,#1486,#1487,#1488));
#429=EDGE_LOOP('',(#1489,#1490,#1491,#1492));
#430=EDGE_LOOP('',(#1493,#1494,#1495,#1496));
#431=EDGE_LOOP('',(#1497,#1498,#1499,#1500));
#432=EDGE_LOOP('',(#1501,#1502,#1503,#1504));
#433=EDGE_LOOP('',(#1505,#1506,#1507,#1508,#1509,#1510,#1511,#1512,#1513,
#1514,#1515,#1516,#1517,#1518,#1519,#1520,#1521,#1522,#1523,#1524,#1525,
#1526,#1527,#1528));
#434=EDGE_LOOP('',(#1529,#1530,#1531,#1532));
#435=EDGE_LOOP('',(#1533,#1534,#1535,#1536));
#436=EDGE_LOOP('',(#1537,#1538,#1539,#1540));
#437=EDGE_LOOP('',(#1541,#1542,#1543,#1544));
#438=EDGE_LOOP('',(#1545,#1546,#1547,#1548));
#439=EDGE_LOOP('',(#1549,#1550,#1551,#1552));
#440=EDGE_LOOP('',(#1553,#1554,#1555,#1556));
#441=EDGE_LOOP('',(#1557,#1558,#1559,#1560,#1561,#1562));
#442=EDGE_LOOP('',(#1563,#1564,#1565,#1566,#1567,#1568));
#443=EDGE_LOOP('',(#1569,#1570,#1571,#1572));
#444=EDGE_LOOP('',(#1573,#1574,#1575,#1576));
#445=EDGE_LOOP('',(#1577,#1578,#1579,#1580));
#446=EDGE_LOOP('',(#1581,#1582,#1583,#1584));
#447=EDGE_LOOP('',(#1585,#1586,#1587,#1588));
#448=EDGE_LOOP('',(#1589,#1590,#1591,#1592));
#449=EDGE_LOOP('',(#1593,#1594,#1595,#1596));
#450=EDGE_LOOP('',(#1597,#1598,#1599,#1600));
#451=EDGE_LOOP('',(#1601,#1602,#1603,#1604,#1605,#1606,#1607,#1608,#1609,
#1610));
#452=EDGE_LOOP('',(#1611,#1612,#1613,#1614,#1615,#1616));
#453=EDGE_LOOP('',(#1617,#1618,#1619,#1620));
#454=EDGE_LOOP('',(#1621,#1622,#1623,#1624,#1625,#1626,#1627,#1628));
#455=EDGE_LOOP('',(#1629,#1630,#1631,#1632));
#456=EDGE_LOOP('',(#1633,#1634,#1635,#1636,#1637,#1638));
#457=EDGE_LOOP('',(#1639,#1640,#1641,#1642,#1643,#1644));
#458=EDGE_LOOP('',(#1645,#1646,#1647,#1648,#1649,#1650));
#459=EDGE_LOOP('',(#1651,#1652,#1653,#1654,#1655,#1656));
#460=EDGE_LOOP('',(#1657,#1658,#1659,#1660,#1661,#1662,#1663,#1664));
#461=EDGE_LOOP('',(#1665,#1666,#1667,#1668));
#462=EDGE_LOOP('',(#1669,#1670,#1671,#1672,#1673,#1674));
#463=EDGE_LOOP('',(#1675,#1676,#1677,#1678,#1679,#1680));
#464=EDGE_LOOP('',(#1681,#1682,#1683,#1684,#1685,#1686));
#465=EDGE_LOOP('',(#1687,#1688,#1689,#1690));
#466=EDGE_LOOP('',(#1691,#1692,#1693,#1694,#1695,#1696,#1697,#1698,#1699,
#1700));
#467=EDGE_LOOP('',(#1701,#1702,#1703,#1704,#1705,#1706,#1707,#1708,#1709,
#1710));
#468=EDGE_LOOP('',(#1711,#1712,#1713,#1714,#1715,#1716,#1717,#1718,#1719,
#1720));
#469=EDGE_LOOP('',(#1721,#1722,#1723,#1724));
#470=EDGE_LOOP('',(#1725,#1726,#1727,#1728));
#471=LINE('',#2237,#608);
#472=LINE('',#2244,#609);
#473=LINE('',#2251,#610);
#474=LINE('',#2258,#611);
#475=LINE('',#2407,#612);
#476=LINE('',#2409,#613);
#477=LINE('',#2411,#614);
#478=LINE('',#2412,#615);
#479=LINE('',#2415,#616);
#480=LINE('',#2417,#617);
#481=LINE('',#2418,#618);
#482=LINE('',#2421,#619);
#483=LINE('',#2423,#620);
#484=LINE('',#2424,#621);
#485=LINE('',#2426,#622);
#486=LINE('',#2427,#623);
#487=LINE('',#2431,#624);
#488=LINE('',#2433,#625);
#489=LINE('',#2435,#626);
#490=LINE('',#2436,#627);
#491=LINE('',#2439,#628);
#492=LINE('',#2441,#629);
#493=LINE('',#2442,#630);
#494=LINE('',#2445,#631);
#495=LINE('',#2447,#632);
#496=LINE('',#2448,#633);
#497=LINE('',#2450,#634);
#498=LINE('',#2451,#635);
#499=LINE('',#2455,#636);
#500=LINE('',#2457,#637);
#501=LINE('',#2459,#638);
#502=LINE('',#2460,#639);
#503=LINE('',#2463,#640);
#504=LINE('',#2465,#641);
#505=LINE('',#2466,#642);
#506=LINE('',#2469,#643);
#507=LINE('',#2471,#644);
#508=LINE('',#2472,#645);
#509=LINE('',#2474,#646);
#510=LINE('',#2475,#647);
#511=LINE('',#2480,#648);
#512=LINE('',#2482,#649);
#513=LINE('',#2484,#650);
#514=LINE('',#2485,#651);
#515=LINE('',#2488,#652);
#516=LINE('',#2490,#653);
#517=LINE('',#2491,#654);
#518=LINE('',#2494,#655);
#519=LINE('',#2496,#656);
#520=LINE('',#2497,#657);
#521=LINE('',#2499,#658);
#522=LINE('',#2500,#659);
#523=LINE('',#2505,#660);
#524=LINE('',#2507,#661);
#525=LINE('',#2509,#662);
#526=LINE('',#2510,#663);
#527=LINE('',#2513,#664);
#528=LINE('',#2515,#665);
#529=LINE('',#2516,#666);
#530=LINE('',#2519,#667);
#531=LINE('',#2521,#668);
#532=LINE('',#2522,#669);
#533=LINE('',#2524,#670);
#534=LINE('',#2525,#671);
#535=LINE('',#2530,#672);
#536=LINE('',#2532,#673);
#537=LINE('',#2534,#674);
#538=LINE('',#2535,#675);
#539=LINE('',#2538,#676);
#540=LINE('',#2540,#677);
#541=LINE('',#2541,#678);
#542=LINE('',#2544,#679);
#543=LINE('',#2546,#680);
#544=LINE('',#2547,#681);
#545=LINE('',#2549,#682);
#546=LINE('',#2550,#683);
#547=LINE('',#2566,#684);
#548=LINE('',#2568,#685);
#549=LINE('',#2569,#686);
#550=LINE('',#2578,#687);
#551=LINE('',#2592,#688);
#552=LINE('',#2596,#689);
#553=LINE('',#2598,#690);
#554=LINE('',#2599,#691);
#555=LINE('',#2613,#692);
#556=LINE('',#2619,#693);
#557=LINE('',#2620,#694);
#558=LINE('',#2622,#695);
#559=LINE('',#2623,#696);
#560=LINE('',#2638,#697);
#561=LINE('',#2641,#698);
#562=LINE('',#2643,#699);
#563=LINE('',#2644,#700);
#564=LINE('',#2699,#701);
#565=LINE('',#2750,#702);
#566=LINE('',#2812,#703);
#567=LINE('',#2859,#704);
#568=LINE('',#2883,#705);
#569=LINE('',#2885,#706);
#570=LINE('',#2887,#707);
#571=LINE('',#2888,#708);
#572=LINE('',#2955,#709);
#573=LINE('',#2967,#710);
#574=LINE('',#3174,#711);
#575=LINE('',#3289,#712);
#576=LINE('',#3339,#713);
#577=LINE('',#3354,#714);
#578=LINE('',#3356,#715);
#579=LINE('',#3357,#716);
#580=LINE('',#3419,#717);
#581=LINE('',#3421,#718);
#582=LINE('',#3515,#719);
#583=LINE('',#3566,#720);
#584=LINE('',#3610,#721);
#585=LINE('',#3661,#722);
#586=LINE('',#3689,#723);
#587=LINE('',#3691,#724);
#588=LINE('',#3693,#725);
#589=LINE('',#3694,#726);
#590=LINE('',#3760,#727);
#591=LINE('',#3773,#728);
#592=LINE('',#3856,#729);
#593=LINE('',#3994,#730);
#594=LINE('',#4044,#731);
#595=LINE('',#4059,#732);
#596=LINE('',#4061,#733);
#597=LINE('',#4062,#734);
#598=LINE('',#4124,#735);
#599=LINE('',#4136,#736);
#600=LINE('',#4279,#737);
#601=LINE('',#4401,#738);
#602=LINE('',#4409,#739);
#603=LINE('',#4462,#740);
#604=LINE('',#4723,#741);
#605=LINE('',#4830,#742);
#606=LINE('',#5026,#743);
#607=LINE('',#5030,#744);
#608=VECTOR('',#1945,1.1);
#609=VECTOR('',#1954,1.1);
#610=VECTOR('',#1963,1.1);
#611=VECTOR('',#1972,1.1);
#612=VECTOR('',#1981,10.);
#613=VECTOR('',#1982,10.);
#614=VECTOR('',#1983,10.);
#615=VECTOR('',#1984,10.);
#616=VECTOR('',#1987,10.);
#617=VECTOR('',#1988,10.);
#618=VECTOR('',#1989,10.);
#619=VECTOR('',#1992,10.);
#620=VECTOR('',#1993,10.);
#621=VECTOR('',#1994,10.);
#622=VECTOR('',#1997,10.);
#623=VECTOR('',#1998,10.);
#624=VECTOR('',#2001,10.);
#625=VECTOR('',#2002,10.);
#626=VECTOR('',#2003,10.);
#627=VECTOR('',#2004,10.);
#628=VECTOR('',#2007,10.);
#629=VECTOR('',#2008,10.);
#630=VECTOR('',#2009,10.);
#631=VECTOR('',#2012,10.);
#632=VECTOR('',#2013,10.);
#633=VECTOR('',#2014,10.);
#634=VECTOR('',#2017,10.);
#635=VECTOR('',#2018,10.);
#636=VECTOR('',#2021,10.);
#637=VECTOR('',#2022,10.);
#638=VECTOR('',#2023,10.);
#639=VECTOR('',#2024,10.);
#640=VECTOR('',#2027,10.);
#641=VECTOR('',#2028,10.);
#642=VECTOR('',#2029,10.);
#643=VECTOR('',#2032,10.);
#644=VECTOR('',#2033,10.);
#645=VECTOR('',#2034,10.);
#646=VECTOR('',#2037,10.);
#647=VECTOR('',#2038,10.);
#648=VECTOR('',#2043,10.);
#649=VECTOR('',#2044,10.);
#650=VECTOR('',#2045,10.);
#651=VECTOR('',#2046,10.);
#652=VECTOR('',#2049,10.);
#653=VECTOR('',#2050,10.);
#654=VECTOR('',#2051,10.);
#655=VECTOR('',#2054,10.);
#656=VECTOR('',#2055,10.);
#657=VECTOR('',#2056,10.);
#658=VECTOR('',#2059,10.);
#659=VECTOR('',#2060,10.);
#660=VECTOR('',#2065,10.);
#661=VECTOR('',#2066,10.);
#662=VECTOR('',#2067,10.);
#663=VECTOR('',#2068,10.);
#664=VECTOR('',#2071,10.);
#665=VECTOR('',#2072,10.);
#666=VECTOR('',#2073,10.);
#667=VECTOR('',#2076,10.);
#668=VECTOR('',#2077,10.);
#669=VECTOR('',#2078,10.);
#670=VECTOR('',#2081,10.);
#671=VECTOR('',#2082,10.);
#672=VECTOR('',#2087,10.);
#673=VECTOR('',#2088,10.);
#674=VECTOR('',#2089,10.);
#675=VECTOR('',#2090,10.);
#676=VECTOR('',#2093,10.);
#677=VECTOR('',#2094,10.);
#678=VECTOR('',#2095,10.);
#679=VECTOR('',#2098,10.);
#680=VECTOR('',#2099,10.);
#681=VECTOR('',#2100,10.);
#682=VECTOR('',#2103,10.);
#683=VECTOR('',#2104,10.);
#684=VECTOR('',#2109,10.);
#685=VECTOR('',#2110,10.);
#686=VECTOR('',#2111,10.);
#687=VECTOR('',#2114,10.);
#688=VECTOR('',#2117,10.);
#689=VECTOR('',#2122,10.);
#690=VECTOR('',#2123,10.);
#691=VECTOR('',#2124,10.);
#692=VECTOR('',#2127,10.);
#693=VECTOR('',#2134,10.);
#694=VECTOR('',#2135,10.);
#695=VECTOR('',#2138,10.);
#696=VECTOR('',#2139,10.);
#697=VECTOR('',#2144,10.);
#698=VECTOR('',#2147,10.);
#699=VECTOR('',#2148,10.);
#700=VECTOR('',#2149,10.);
#701=VECTOR('',#2156,10.);
#702=VECTOR('',#2157,10.);
#703=VECTOR('',#2158,10.);
#704=VECTOR('',#2159,10.);
#705=VECTOR('',#2162,10.);
#706=VECTOR('',#2163,10.);
#707=VECTOR('',#2164,10.);
#708=VECTOR('',#2165,10.);
#709=VECTOR('',#2166,10.);
#710=VECTOR('',#2167,10.);
#711=VECTOR('',#2170,10.);
#712=VECTOR('',#2171,10.);
#713=VECTOR('',#2172,10.);
#714=VECTOR('',#2175,10.);
#715=VECTOR('',#2176,10.);
#716=VECTOR('',#2177,10.);
#717=VECTOR('',#2178,10.);
#718=VECTOR('',#2179,10.);
#719=VECTOR('',#2180,10.);
#720=VECTOR('',#2181,10.);
#721=VECTOR('',#2182,10.);
#722=VECTOR('',#2183,10.);
#723=VECTOR('',#2186,10.);
#724=VECTOR('',#2187,10.);
#725=VECTOR('',#2188,10.);
#726=VECTOR('',#2189,10.);
#727=VECTOR('',#2190,10.);
#728=VECTOR('',#2191,10.);
#729=VECTOR('',#2194,10.);
#730=VECTOR('',#2195,10.);
#731=VECTOR('',#2196,10.);
#732=VECTOR('',#2199,10.);
#733=VECTOR('',#2200,10.);
#734=VECTOR('',#2201,10.);
#735=VECTOR('',#2202,10.);
#736=VECTOR('',#2203,10.);
#737=VECTOR('',#2206,10.);
#738=VECTOR('',#2209,10.);
#739=VECTOR('',#2210,10.);
#740=VECTOR('',#2213,10.);
#741=VECTOR('',#2216,10.);
#742=VECTOR('',#2217,10.);
#743=VECTOR('',#2220,10.);
#744=VECTOR('',#2227,10.);
#745=CIRCLE('',#1863,1.1);
#746=CIRCLE('',#1864,1.1);
#747=CIRCLE('',#1867,1.1);
#748=CIRCLE('',#1868,1.1);
#749=CIRCLE('',#1871,1.1);
#750=CIRCLE('',#1872,1.1);
#751=CIRCLE('',#1875,1.1);
#752=CIRCLE('',#1876,1.1);
#753=CIRCLE('',#1910,5.);
#754=CIRCLE('',#1913,5.);
#755=CIRCLE('',#1918,4.99999999999999);
#756=CIRCLE('',#1921,4.99999999999998);
#757=VERTEX_POINT('',#2234);
#758=VERTEX_POINT('',#2236);
#759=VERTEX_POINT('',#2241);
#760=VERTEX_POINT('',#2243);
#761=VERTEX_POINT('',#2248);
#762=VERTEX_POINT('',#2250);
#763=VERTEX_POINT('',#2255);
#764=VERTEX_POINT('',#2257);
#765=VERTEX_POINT('',#2321);
#766=VERTEX_POINT('',#2322);
#767=VERTEX_POINT('',#2355);
#768=VERTEX_POINT('',#2371);
#769=VERTEX_POINT('',#2405);
#770=VERTEX_POINT('',#2406);
#771=VERTEX_POINT('',#2408);
#772=VERTEX_POINT('',#2410);
#773=VERTEX_POINT('',#2414);
#774=VERTEX_POINT('',#2416);
#775=VERTEX_POINT('',#2420);
#776=VERTEX_POINT('',#2422);
#777=VERTEX_POINT('',#2429);
#778=VERTEX_POINT('',#2430);
#779=VERTEX_POINT('',#2432);
#780=VERTEX_POINT('',#2434);
#781=VERTEX_POINT('',#2438);
#782=VERTEX_POINT('',#2440);
#783=VERTEX_POINT('',#2444);
#784=VERTEX_POINT('',#2446);
#785=VERTEX_POINT('',#2453);
#786=VERTEX_POINT('',#2454);
#787=VERTEX_POINT('',#2456);
#788=VERTEX_POINT('',#2458);
#789=VERTEX_POINT('',#2462);
#790=VERTEX_POINT('',#2464);
#791=VERTEX_POINT('',#2468);
#792=VERTEX_POINT('',#2470);
#793=VERTEX_POINT('',#2478);
#794=VERTEX_POINT('',#2479);
#795=VERTEX_POINT('',#2481);
#796=VERTEX_POINT('',#2483);
#797=VERTEX_POINT('',#2487);
#798=VERTEX_POINT('',#2489);
#799=VERTEX_POINT('',#2493);
#800=VERTEX_POINT('',#2495);
#801=VERTEX_POINT('',#2503);
#802=VERTEX_POINT('',#2504);
#803=VERTEX_POINT('',#2506);
#804=VERTEX_POINT('',#2508);
#805=VERTEX_POINT('',#2512);
#806=VERTEX_POINT('',#2514);
#807=VERTEX_POINT('',#2518);
#808=VERTEX_POINT('',#2520);
#809=VERTEX_POINT('',#2528);
#810=VERTEX_POINT('',#2529);
#811=VERTEX_POINT('',#2531);
#812=VERTEX_POINT('',#2533);
#813=VERTEX_POINT('',#2537);
#814=VERTEX_POINT('',#2539);
#815=VERTEX_POINT('',#2543);
#816=VERTEX_POINT('',#2545);
#817=VERTEX_POINT('',#2553);
#818=VERTEX_POINT('',#2554);
#819=VERTEX_POINT('',#2565);
#820=VERTEX_POINT('',#2567);
#821=VERTEX_POINT('',#2571);
#822=VERTEX_POINT('',#2572);
#823=VERTEX_POINT('',#2580);
#824=VERTEX_POINT('',#2591);
#825=VERTEX_POINT('',#2595);
#826=VERTEX_POINT('',#2597);
#827=VERTEX_POINT('',#2601);
#828=VERTEX_POINT('',#2612);
#829=VERTEX_POINT('',#2616);
#830=VERTEX_POINT('',#2618);
#831=VERTEX_POINT('',#2625);
#832=VERTEX_POINT('',#2636);
#833=VERTEX_POINT('',#2640);
#834=VERTEX_POINT('',#2642);
#835=VERTEX_POINT('',#2672);
#836=VERTEX_POINT('',#2681);
#837=VERTEX_POINT('',#2686);
#838=VERTEX_POINT('',#2691);
#839=VERTEX_POINT('',#2698);
#840=VERTEX_POINT('',#2700);
#841=VERTEX_POINT('',#2708);
#842=VERTEX_POINT('',#2713);
#843=VERTEX_POINT('',#2718);
#844=VERTEX_POINT('',#2732);
#845=VERTEX_POINT('',#2737);
#846=VERTEX_POINT('',#2742);
#847=VERTEX_POINT('',#2749);
#848=VERTEX_POINT('',#2751);
#849=VERTEX_POINT('',#2759);
#850=VERTEX_POINT('',#2764);
#851=VERTEX_POINT('',#2794);
#852=VERTEX_POINT('',#2795);
#853=VERTEX_POINT('',#2806);
#854=VERTEX_POINT('',#2811);
#855=VERTEX_POINT('',#2857);
#856=VERTEX_POINT('',#2858);
#857=VERTEX_POINT('',#2881);
#858=VERTEX_POINT('',#2882);
#859=VERTEX_POINT('',#2884);
#860=VERTEX_POINT('',#2886);
#861=VERTEX_POINT('',#2953);
#862=VERTEX_POINT('',#2954);
#863=VERTEX_POINT('',#2956);
#864=VERTEX_POINT('',#2994);
#865=VERTEX_POINT('',#3108);
#866=VERTEX_POINT('',#3124);
#867=VERTEX_POINT('',#3129);
#868=VERTEX_POINT('',#3154);
#869=VERTEX_POINT('',#3169);
#870=VERTEX_POINT('',#3273);
#871=VERTEX_POINT('',#3284);
#872=VERTEX_POINT('',#3338);
#873=VERTEX_POINT('',#3353);
#874=VERTEX_POINT('',#3355);
#875=VERTEX_POINT('',#3418);
#876=VERTEX_POINT('',#3420);
#877=VERTEX_POINT('',#3448);
#878=VERTEX_POINT('',#3449);
#879=VERTEX_POINT('',#3502);
#880=VERTEX_POINT('',#3507);
#881=VERTEX_POINT('',#3514);
#882=VERTEX_POINT('',#3516);
#883=VERTEX_POINT('',#3523);
#884=VERTEX_POINT('',#3528);
#885=VERTEX_POINT('',#3533);
#886=VERTEX_POINT('',#3548);
#887=VERTEX_POINT('',#3553);
#888=VERTEX_POINT('',#3558);
#889=VERTEX_POINT('',#3565);
#890=VERTEX_POINT('',#3567);
#891=VERTEX_POINT('',#3594);
#892=VERTEX_POINT('',#3605);
#893=VERTEX_POINT('',#3659);
#894=VERTEX_POINT('',#3660);
#895=VERTEX_POINT('',#3687);
#896=VERTEX_POINT('',#3688);
#897=VERTEX_POINT('',#3690);
#898=VERTEX_POINT('',#3692);
#899=VERTEX_POINT('',#3759);
#900=VERTEX_POINT('',#3761);
#901=VERTEX_POINT('',#3772);
#902=VERTEX_POINT('',#3800);
#903=VERTEX_POINT('',#3840);
#904=VERTEX_POINT('',#3855);
#905=VERTEX_POINT('',#3857);
#906=VERTEX_POINT('',#3945);
#907=VERTEX_POINT('',#3978);
#908=VERTEX_POINT('',#3989);
#909=VERTEX_POINT('',#4043);
#910=VERTEX_POINT('',#4058);
#911=VERTEX_POINT('',#4060);
#912=VERTEX_POINT('',#4123);
#913=VERTEX_POINT('',#4125);
#914=VERTEX_POINT('',#4163);
#915=VERTEX_POINT('',#4264);
#916=VERTEX_POINT('',#4278);
#917=VERTEX_POINT('',#4323);
#918=VERTEX_POINT('',#4379);
#919=VERTEX_POINT('',#4400);
#920=VERTEX_POINT('',#4402);
#921=VERTEX_POINT('',#4411);
#922=VERTEX_POINT('',#4461);
#923=VERTEX_POINT('',#4598);
#924=VERTEX_POINT('',#4653);
#925=VERTEX_POINT('',#4704);
#926=VERTEX_POINT('',#4722);
#927=VERTEX_POINT('',#4779);
#928=VERTEX_POINT('',#4829);
#929=VERTEX_POINT('',#4954);
#930=VERTEX_POINT('',#5005);
#931=EDGE_CURVE('',#757,#757,#745,.T.);
#932=EDGE_CURVE('',#757,#758,#471,.T.);
#933=EDGE_CURVE('',#758,#758,#746,.T.);
#934=EDGE_CURVE('',#759,#759,#747,.T.);
#935=EDGE_CURVE('',#759,#760,#472,.T.);
#936=EDGE_CURVE('',#760,#760,#748,.T.);
#937=EDGE_CURVE('',#761,#761,#749,.T.);
#938=EDGE_CURVE('',#761,#762,#473,.T.);
#939=EDGE_CURVE('',#762,#762,#750,.T.);
#940=EDGE_CURVE('',#763,#763,#751,.T.);
#941=EDGE_CURVE('',#763,#764,#474,.T.);
#942=EDGE_CURVE('',#764,#764,#752,.T.);
#943=EDGE_CURVE('',#765,#766,#48,.F.);
#944=EDGE_CURVE('',#766,#767,#49,.T.);
#945=EDGE_CURVE('',#768,#767,#50,.T.);
#946=EDGE_CURVE('',#765,#768,#46,.T.);
#947=EDGE_CURVE('',#769,#770,#475,.T.);
#948=EDGE_CURVE('',#771,#769,#476,.T.);
#949=EDGE_CURVE('',#772,#771,#477,.T.);
#950=EDGE_CURVE('',#772,#770,#478,.T.);
#951=EDGE_CURVE('',#770,#773,#479,.T.);
#952=EDGE_CURVE('',#774,#772,#480,.T.);
#953=EDGE_CURVE('',#774,#773,#481,.T.);
#954=EDGE_CURVE('',#773,#775,#482,.T.);
#955=EDGE_CURVE('',#776,#774,#483,.T.);
#956=EDGE_CURVE('',#776,#775,#484,.T.);
#957=EDGE_CURVE('',#775,#769,#485,.T.);
#958=EDGE_CURVE('',#771,#776,#486,.T.);
#959=EDGE_CURVE('',#777,#778,#487,.T.);
#960=EDGE_CURVE('',#779,#777,#488,.T.);
#961=EDGE_CURVE('',#780,#779,#489,.T.);
#962=EDGE_CURVE('',#780,#778,#490,.T.);
#963=EDGE_CURVE('',#778,#781,#491,.T.);
#964=EDGE_CURVE('',#782,#780,#492,.T.);
#965=EDGE_CURVE('',#782,#781,#493,.T.);
#966=EDGE_CURVE('',#781,#783,#494,.T.);
#967=EDGE_CURVE('',#784,#782,#495,.T.);
#968=EDGE_CURVE('',#784,#783,#496,.T.);
#969=EDGE_CURVE('',#783,#777,#497,.T.);
#970=EDGE_CURVE('',#779,#784,#498,.T.);
#971=EDGE_CURVE('',#785,#786,#499,.T.);
#972=EDGE_CURVE('',#785,#787,#500,.T.);
#973=EDGE_CURVE('',#788,#787,#501,.T.);
#974=EDGE_CURVE('',#786,#788,#502,.T.);
#975=EDGE_CURVE('',#786,#789,#503,.T.);
#976=EDGE_CURVE('',#790,#788,#504,.T.);
#977=EDGE_CURVE('',#789,#790,#505,.T.);
#978=EDGE_CURVE('',#789,#791,#506,.T.);
#979=EDGE_CURVE('',#792,#790,#507,.T.);
#980=EDGE_CURVE('',#791,#792,#508,.T.);
#981=EDGE_CURVE('',#791,#785,#509,.T.);
#982=EDGE_CURVE('',#787,#792,#510,.T.);
#983=EDGE_CURVE('',#793,#794,#511,.T.);
#984=EDGE_CURVE('',#793,#795,#512,.T.);
#985=EDGE_CURVE('',#796,#795,#513,.T.);
#986=EDGE_CURVE('',#794,#796,#514,.T.);
#987=EDGE_CURVE('',#794,#797,#515,.T.);
#988=EDGE_CURVE('',#798,#796,#516,.T.);
#989=EDGE_CURVE('',#797,#798,#517,.T.);
#990=EDGE_CURVE('',#797,#799,#518,.T.);
#991=EDGE_CURVE('',#800,#798,#519,.T.);
#992=EDGE_CURVE('',#799,#800,#520,.T.);
#993=EDGE_CURVE('',#799,#793,#521,.T.);
#994=EDGE_CURVE('',#795,#800,#522,.T.);
#995=EDGE_CURVE('',#801,#802,#523,.T.);
#996=EDGE_CURVE('',#801,#803,#524,.T.);
#997=EDGE_CURVE('',#803,#804,#525,.T.);
#998=EDGE_CURVE('',#802,#804,#526,.T.);
#999=EDGE_CURVE('',#805,#801,#527,.T.);
#1000=EDGE_CURVE('',#805,#806,#528,.T.);
#1001=EDGE_CURVE('',#806,#803,#529,.T.);
#1002=EDGE_CURVE('',#807,#805,#530,.T.);
#1003=EDGE_CURVE('',#807,#808,#531,.T.);
#1004=EDGE_CURVE('',#808,#806,#532,.T.);
#1005=EDGE_CURVE('',#802,#807,#533,.T.);
#1006=EDGE_CURVE('',#804,#808,#534,.T.);
#1007=EDGE_CURVE('',#809,#810,#535,.T.);
#1008=EDGE_CURVE('',#809,#811,#536,.T.);
#1009=EDGE_CURVE('',#811,#812,#537,.T.);
#1010=EDGE_CURVE('',#810,#812,#538,.T.);
#1011=EDGE_CURVE('',#813,#809,#539,.T.);
#1012=EDGE_CURVE('',#813,#814,#540,.T.);
#1013=EDGE_CURVE('',#814,#811,#541,.T.);
#1014=EDGE_CURVE('',#815,#813,#542,.T.);
#1015=EDGE_CURVE('',#815,#816,#543,.T.);
#1016=EDGE_CURVE('',#816,#814,#544,.T.);
#1017=EDGE_CURVE('',#810,#815,#545,.T.);
#1018=EDGE_CURVE('',#812,#816,#546,.T.);
#1019=EDGE_CURVE('',#817,#818,#51,.T.);
#1020=EDGE_CURVE('',#817,#819,#547,.T.);
#1021=EDGE_CURVE('',#820,#819,#548,.T.);
#1022=EDGE_CURVE('',#818,#820,#549,.T.);
#1023=EDGE_CURVE('',#821,#822,#52,.T.);
#1024=EDGE_CURVE('',#822,#821,#550,.T.);
#1025=EDGE_CURVE('',#823,#817,#53,.T.);
#1026=EDGE_CURVE('',#823,#824,#551,.T.);
#1027=EDGE_CURVE('',#819,#824,#753,.T.);
#1028=EDGE_CURVE('',#825,#823,#552,.T.);
#1029=EDGE_CURVE('',#825,#826,#553,.T.);
#1030=EDGE_CURVE('',#824,#826,#554,.T.);
#1031=EDGE_CURVE('',#827,#825,#54,.T.);
#1032=EDGE_CURVE('',#827,#828,#555,.T.);
#1033=EDGE_CURVE('',#826,#828,#754,.T.);
#1034=EDGE_CURVE('',#829,#827,#47,.T.);
#1035=EDGE_CURVE('',#830,#829,#556,.T.);
#1036=EDGE_CURVE('',#828,#830,#557,.T.);
#1037=EDGE_CURVE('',#822,#766,#558,.T.);
#1038=EDGE_CURVE('',#767,#821,#559,.T.);
#1039=EDGE_CURVE('',#818,#831,#55,.T.);
#1040=EDGE_CURVE('',#832,#820,#755,.T.);
#1041=EDGE_CURVE('',#831,#832,#560,.T.);
#1042=EDGE_CURVE('',#831,#833,#561,.T.);
#1043=EDGE_CURVE('',#834,#832,#562,.T.);
#1044=EDGE_CURVE('',#833,#834,#563,.T.);
#1045=EDGE_CURVE('',#833,#829,#56,.T.);
#1046=EDGE_CURVE('',#830,#834,#756,.T.);
#1047=EDGE_CURVE('',#835,#821,#57,.T.);
#1048=EDGE_CURVE('',#836,#835,#58,.T.);
#1049=EDGE_CURVE('',#836,#837,#59,.T.);
#1050=EDGE_CURVE('',#838,#837,#60,.T.);
#1051=EDGE_CURVE('',#838,#839,#564,.T.);
#1052=EDGE_CURVE('',#840,#839,#61,.T.);
#1053=EDGE_CURVE('',#840,#841,#62,.T.);
#1054=EDGE_CURVE('',#842,#841,#63,.T.);
#1055=EDGE_CURVE('',#843,#842,#64,.T.);
#1056=EDGE_CURVE('',#844,#843,#65,.T.);
#1057=EDGE_CURVE('',#844,#845,#66,.T.);
#1058=EDGE_CURVE('',#846,#845,#67,.T.);
#1059=EDGE_CURVE('',#847,#846,#565,.T.);
#1060=EDGE_CURVE('',#848,#847,#68,.T.);
#1061=EDGE_CURVE('',#848,#849,#69,.T.);
#1062=EDGE_CURVE('',#850,#849,#70,.T.);
#1063=EDGE_CURVE('',#822,#850,#71,.T.);
#1064=EDGE_CURVE('',#851,#852,#72,.F.);
#1065=EDGE_CURVE('',#852,#853,#73,.T.);
#1066=EDGE_CURVE('',#853,#854,#566,.T.);
#1067=EDGE_CURVE('',#854,#851,#74,.T.);
#1068=EDGE_CURVE('',#855,#856,#567,.T.);
#1069=EDGE_CURVE('',#856,#854,#75,.T.);
#1070=EDGE_CURVE('',#853,#855,#76,.T.);
#1071=EDGE_CURVE('',#857,#858,#568,.T.);
#1072=EDGE_CURVE('',#858,#859,#569,.T.);
#1073=EDGE_CURVE('',#859,#860,#570,.T.);
#1074=EDGE_CURVE('',#860,#857,#571,.T.);
#1075=EDGE_CURVE('',#857,#856,#77,.T.);
#1076=EDGE_CURVE('',#855,#858,#78,.T.);
#1077=EDGE_CURVE('',#861,#862,#572,.T.);
#1078=EDGE_CURVE('',#862,#863,#79,.T.);
#1079=EDGE_CURVE('',#863,#835,#573,.T.);
#1080=EDGE_CURVE('',#835,#861,#80,.T.);
#1081=EDGE_CURVE('',#864,#836,#81,.F.);
#1082=EDGE_CURVE('',#863,#864,#82,.T.);
#1083=EDGE_CURVE('',#861,#860,#83,.T.);
#1084=EDGE_CURVE('',#859,#862,#84,.T.);
#1085=EDGE_CURVE('',#857,#865,#85,.T.);
#1086=EDGE_CURVE('',#866,#865,#86,.T.);
#1087=EDGE_CURVE('',#867,#866,#87,.T.);
#1088=EDGE_CURVE('',#867,#817,#88,.T.);
#1089=EDGE_CURVE('',#818,#854,#89,.T.);
#1090=EDGE_CURVE('',#868,#861,#90,.T.);
#1091=EDGE_CURVE('',#869,#868,#91,.T.);
#1092=EDGE_CURVE('',#865,#869,#574,.T.);
#1093=EDGE_CURVE('',#868,#850,#92,.T.);
#1094=EDGE_CURVE('',#849,#870,#93,.F.);
#1095=EDGE_CURVE('',#870,#871,#94,.T.);
#1096=EDGE_CURVE('',#871,#850,#575,.T.);
#1097=EDGE_CURVE('',#872,#868,#576,.T.);
#1098=EDGE_CURVE('',#871,#872,#95,.T.);
#1099=EDGE_CURVE('',#873,#865,#577,.T.);
#1100=EDGE_CURVE('',#869,#874,#578,.T.);
#1101=EDGE_CURVE('',#874,#873,#579,.T.);
#1102=EDGE_CURVE('',#872,#874,#96,.T.);
#1103=EDGE_CURVE('',#875,#867,#580,.T.);
#1104=EDGE_CURVE('',#866,#876,#581,.T.);
#1105=EDGE_CURVE('',#876,#875,#97,.T.);
#1106=EDGE_CURVE('',#877,#878,#98,.F.);
#1107=EDGE_CURVE('',#878,#867,#99,.T.);
#1108=EDGE_CURVE('',#875,#877,#100,.T.);
#1109=EDGE_CURVE('',#873,#876,#101,.T.);
#1110=EDGE_CURVE('',#878,#879,#102,.T.);
#1111=EDGE_CURVE('',#880,#879,#103,.T.);
#1112=EDGE_CURVE('',#881,#880,#582,.T.);
#1113=EDGE_CURVE('',#882,#881,#104,.T.);
#1114=EDGE_CURVE('',#882,#883,#105,.T.);
#1115=EDGE_CURVE('',#884,#883,#106,.T.);
#1116=EDGE_CURVE('',#885,#884,#107,.T.);
#1117=EDGE_CURVE('',#886,#885,#108,.T.);
#1118=EDGE_CURVE('',#886,#887,#109,.T.);
#1119=EDGE_CURVE('',#888,#887,#110,.T.);
#1120=EDGE_CURVE('',#889,#888,#583,.T.);
#1121=EDGE_CURVE('',#890,#889,#111,.T.);
#1122=EDGE_CURVE('',#890,#851,#112,.T.);
#1123=EDGE_CURVE('',#841,#891,#113,.F.);
#1124=EDGE_CURVE('',#891,#892,#114,.T.);
#1125=EDGE_CURVE('',#892,#842,#584,.T.);
#1126=EDGE_CURVE('',#893,#894,#585,.T.);
#1127=EDGE_CURVE('',#894,#842,#115,.T.);
#1128=EDGE_CURVE('',#892,#893,#116,.T.);
#1129=EDGE_CURVE('',#895,#896,#586,.T.);
#1130=EDGE_CURVE('',#896,#897,#587,.T.);
#1131=EDGE_CURVE('',#897,#898,#588,.T.);
#1132=EDGE_CURVE('',#898,#895,#589,.T.);
#1133=EDGE_CURVE('',#897,#894,#117,.T.);
#1134=EDGE_CURVE('',#893,#898,#118,.T.);
#1135=EDGE_CURVE('',#899,#885,#590,.T.);
#1136=EDGE_CURVE('',#885,#900,#119,.T.);
#1137=EDGE_CURVE('',#900,#901,#591,.T.);
#1138=EDGE_CURVE('',#901,#899,#120,.T.);
#1139=EDGE_CURVE('',#902,#886,#121,.F.);
#1140=EDGE_CURVE('',#899,#902,#122,.T.);
#1141=EDGE_CURVE('',#900,#896,#123,.T.);
#1142=EDGE_CURVE('',#895,#901,#124,.T.);
#1143=EDGE_CURVE('',#903,#896,#125,.T.);
#1144=EDGE_CURVE('',#904,#903,#592,.T.);
#1145=EDGE_CURVE('',#905,#904,#126,.T.);
#1146=EDGE_CURVE('',#894,#905,#127,.T.);
#1147=EDGE_CURVE('',#906,#884,#128,.T.);
#1148=EDGE_CURVE('',#903,#906,#129,.T.);
#1149=EDGE_CURVE('',#883,#907,#130,.F.);
#1150=EDGE_CURVE('',#907,#908,#131,.T.);
#1151=EDGE_CURVE('',#908,#884,#593,.T.);
#1152=EDGE_CURVE('',#909,#906,#594,.T.);
#1153=EDGE_CURVE('',#908,#909,#132,.T.);
#1154=EDGE_CURVE('',#903,#910,#595,.T.);
#1155=EDGE_CURVE('',#910,#911,#596,.T.);
#1156=EDGE_CURVE('',#911,#904,#597,.T.);
#1157=EDGE_CURVE('',#909,#910,#133,.T.);
#1158=EDGE_CURVE('',#905,#912,#598,.T.);
#1159=EDGE_CURVE('',#912,#913,#134,.T.);
#1160=EDGE_CURVE('',#913,#843,#599,.T.);
#1161=EDGE_CURVE('',#843,#905,#135,.T.);
#1162=EDGE_CURVE('',#914,#844,#136,.F.);
#1163=EDGE_CURVE('',#913,#914,#137,.T.);
#1164=EDGE_CURVE('',#911,#912,#138,.T.);
#1165=EDGE_CURVE('',#915,#907,#139,.F.);
#1166=EDGE_CURVE('',#915,#916,#600,.T.);
#1167=EDGE_CURVE('',#914,#916,#140,.F.);
#1168=EDGE_CURVE('',#889,#917,#141,.T.);
#1169=EDGE_CURVE('',#917,#918,#142,.T.);
#1170=EDGE_CURVE('',#918,#852,#143,.F.);
#1171=EDGE_CURVE('',#919,#917,#601,.T.);
#1172=EDGE_CURVE('',#920,#919,#144,.T.);
#1173=EDGE_CURVE('',#918,#920,#602,.T.);
#1174=EDGE_CURVE('',#921,#888,#145,.T.);
#1175=EDGE_CURVE('',#921,#922,#603,.T.);
#1176=EDGE_CURVE('',#839,#922,#146,.T.);
#1177=EDGE_CURVE('',#919,#838,#147,.T.);
#1178=EDGE_CURVE('',#864,#920,#148,.F.);
#1179=EDGE_CURVE('',#902,#923,#149,.F.);
#1180=EDGE_CURVE('',#923,#921,#150,.T.);
#1181=EDGE_CURVE('',#922,#924,#151,.T.);
#1182=EDGE_CURVE('',#924,#891,#152,.F.);
#1183=EDGE_CURVE('',#925,#846,#153,.T.);
#1184=EDGE_CURVE('',#916,#925,#154,.T.);
#1185=EDGE_CURVE('',#925,#926,#604,.T.);
#1186=EDGE_CURVE('',#881,#926,#155,.T.);
#1187=EDGE_CURVE('',#927,#880,#156,.T.);
#1188=EDGE_CURVE('',#927,#928,#605,.T.);
#1189=EDGE_CURVE('',#847,#928,#157,.T.);
#1190=EDGE_CURVE('',#926,#915,#158,.T.);
#1191=EDGE_CURVE('',#928,#929,#159,.T.);
#1192=EDGE_CURVE('',#929,#870,#160,.F.);
#1193=EDGE_CURVE('',#877,#930,#161,.F.);
#1194=EDGE_CURVE('',#930,#927,#162,.T.);
#1195=EDGE_CURVE('',#929,#930,#606,.T.);
#1196=EDGE_CURVE('',#924,#923,#607,.T.);
#1197=ORIENTED_EDGE('',*,*,#931,.F.);
#1198=ORIENTED_EDGE('',*,*,#932,.T.);
#1199=ORIENTED_EDGE('',*,*,#933,.T.);
#1200=ORIENTED_EDGE('',*,*,#932,.F.);
#1201=ORIENTED_EDGE('',*,*,#933,.F.);
#1202=ORIENTED_EDGE('',*,*,#934,.F.);
#1203=ORIENTED_EDGE('',*,*,#935,.T.);
#1204=ORIENTED_EDGE('',*,*,#936,.T.);
#1205=ORIENTED_EDGE('',*,*,#935,.F.);
#1206=ORIENTED_EDGE('',*,*,#936,.F.);
#1207=ORIENTED_EDGE('',*,*,#937,.F.);
#1208=ORIENTED_EDGE('',*,*,#938,.T.);
#1209=ORIENTED_EDGE('',*,*,#939,.T.);
#1210=ORIENTED_EDGE('',*,*,#938,.F.);
#1211=ORIENTED_EDGE('',*,*,#939,.F.);
#1212=ORIENTED_EDGE('',*,*,#940,.F.);
#1213=ORIENTED_EDGE('',*,*,#941,.T.);
#1214=ORIENTED_EDGE('',*,*,#942,.T.);
#1215=ORIENTED_EDGE('',*,*,#941,.F.);
#1216=ORIENTED_EDGE('',*,*,#942,.F.);
#1217=ORIENTED_EDGE('',*,*,#943,.T.);
#1218=ORIENTED_EDGE('',*,*,#944,.T.);
#1219=ORIENTED_EDGE('',*,*,#945,.F.);
#1220=ORIENTED_EDGE('',*,*,#946,.F.);
#1221=ORIENTED_EDGE('',*,*,#947,.F.);
#1222=ORIENTED_EDGE('',*,*,#948,.F.);
#1223=ORIENTED_EDGE('',*,*,#949,.F.);
#1224=ORIENTED_EDGE('',*,*,#950,.T.);
#1225=ORIENTED_EDGE('',*,*,#951,.F.);
#1226=ORIENTED_EDGE('',*,*,#950,.F.);
#1227=ORIENTED_EDGE('',*,*,#952,.F.);
#1228=ORIENTED_EDGE('',*,*,#953,.T.);
#1229=ORIENTED_EDGE('',*,*,#954,.F.);
#1230=ORIENTED_EDGE('',*,*,#953,.F.);
#1231=ORIENTED_EDGE('',*,*,#955,.F.);
#1232=ORIENTED_EDGE('',*,*,#956,.T.);
#1233=ORIENTED_EDGE('',*,*,#957,.F.);
#1234=ORIENTED_EDGE('',*,*,#956,.F.);
#1235=ORIENTED_EDGE('',*,*,#958,.F.);
#1236=ORIENTED_EDGE('',*,*,#948,.T.);
#1237=ORIENTED_EDGE('',*,*,#959,.F.);
#1238=ORIENTED_EDGE('',*,*,#960,.F.);
#1239=ORIENTED_EDGE('',*,*,#961,.F.);
#1240=ORIENTED_EDGE('',*,*,#962,.T.);
#1241=ORIENTED_EDGE('',*,*,#963,.F.);
#1242=ORIENTED_EDGE('',*,*,#962,.F.);
#1243=ORIENTED_EDGE('',*,*,#964,.F.);
#1244=ORIENTED_EDGE('',*,*,#965,.T.);
#1245=ORIENTED_EDGE('',*,*,#966,.F.);
#1246=ORIENTED_EDGE('',*,*,#965,.F.);
#1247=ORIENTED_EDGE('',*,*,#967,.F.);
#1248=ORIENTED_EDGE('',*,*,#968,.T.);
#1249=ORIENTED_EDGE('',*,*,#969,.F.);
#1250=ORIENTED_EDGE('',*,*,#968,.F.);
#1251=ORIENTED_EDGE('',*,*,#970,.F.);
#1252=ORIENTED_EDGE('',*,*,#960,.T.);
#1253=ORIENTED_EDGE('',*,*,#971,.F.);
#1254=ORIENTED_EDGE('',*,*,#972,.T.);
#1255=ORIENTED_EDGE('',*,*,#973,.F.);
#1256=ORIENTED_EDGE('',*,*,#974,.F.);
#1257=ORIENTED_EDGE('',*,*,#954,.T.);
#1258=ORIENTED_EDGE('',*,*,#957,.T.);
#1259=ORIENTED_EDGE('',*,*,#947,.T.);
#1260=ORIENTED_EDGE('',*,*,#951,.T.);
#1261=ORIENTED_EDGE('',*,*,#975,.F.);
#1262=ORIENTED_EDGE('',*,*,#974,.T.);
#1263=ORIENTED_EDGE('',*,*,#976,.F.);
#1264=ORIENTED_EDGE('',*,*,#977,.F.);
#1265=ORIENTED_EDGE('',*,*,#978,.F.);
#1266=ORIENTED_EDGE('',*,*,#977,.T.);
#1267=ORIENTED_EDGE('',*,*,#979,.F.);
#1268=ORIENTED_EDGE('',*,*,#980,.F.);
#1269=ORIENTED_EDGE('',*,*,#955,.T.);
#1270=ORIENTED_EDGE('',*,*,#952,.T.);
#1271=ORIENTED_EDGE('',*,*,#949,.T.);
#1272=ORIENTED_EDGE('',*,*,#958,.T.);
#1273=ORIENTED_EDGE('',*,*,#981,.F.);
#1274=ORIENTED_EDGE('',*,*,#980,.T.);
#1275=ORIENTED_EDGE('',*,*,#982,.F.);
#1276=ORIENTED_EDGE('',*,*,#972,.F.);
#1277=ORIENTED_EDGE('',*,*,#982,.T.);
#1278=ORIENTED_EDGE('',*,*,#979,.T.);
#1279=ORIENTED_EDGE('',*,*,#976,.T.);
#1280=ORIENTED_EDGE('',*,*,#973,.T.);
#1281=ORIENTED_EDGE('',*,*,#983,.F.);
#1282=ORIENTED_EDGE('',*,*,#984,.T.);
#1283=ORIENTED_EDGE('',*,*,#985,.F.);
#1284=ORIENTED_EDGE('',*,*,#986,.F.);
#1285=ORIENTED_EDGE('',*,*,#967,.T.);
#1286=ORIENTED_EDGE('',*,*,#964,.T.);
#1287=ORIENTED_EDGE('',*,*,#961,.T.);
#1288=ORIENTED_EDGE('',*,*,#970,.T.);
#1289=ORIENTED_EDGE('',*,*,#987,.F.);
#1290=ORIENTED_EDGE('',*,*,#986,.T.);
#1291=ORIENTED_EDGE('',*,*,#988,.F.);
#1292=ORIENTED_EDGE('',*,*,#989,.F.);
#1293=ORIENTED_EDGE('',*,*,#990,.F.);
#1294=ORIENTED_EDGE('',*,*,#989,.T.);
#1295=ORIENTED_EDGE('',*,*,#991,.F.);
#1296=ORIENTED_EDGE('',*,*,#992,.F.);
#1297=ORIENTED_EDGE('',*,*,#966,.T.);
#1298=ORIENTED_EDGE('',*,*,#969,.T.);
#1299=ORIENTED_EDGE('',*,*,#959,.T.);
#1300=ORIENTED_EDGE('',*,*,#963,.T.);
#1301=ORIENTED_EDGE('',*,*,#993,.F.);
#1302=ORIENTED_EDGE('',*,*,#992,.T.);
#1303=ORIENTED_EDGE('',*,*,#994,.F.);
#1304=ORIENTED_EDGE('',*,*,#984,.F.);
#1305=ORIENTED_EDGE('',*,*,#994,.T.);
#1306=ORIENTED_EDGE('',*,*,#991,.T.);
#1307=ORIENTED_EDGE('',*,*,#988,.T.);
#1308=ORIENTED_EDGE('',*,*,#985,.T.);
#1309=ORIENTED_EDGE('',*,*,#995,.F.);
#1310=ORIENTED_EDGE('',*,*,#996,.T.);
#1311=ORIENTED_EDGE('',*,*,#997,.T.);
#1312=ORIENTED_EDGE('',*,*,#998,.F.);
#1313=ORIENTED_EDGE('',*,*,#999,.F.);
#1314=ORIENTED_EDGE('',*,*,#1000,.T.);
#1315=ORIENTED_EDGE('',*,*,#1001,.T.);
#1316=ORIENTED_EDGE('',*,*,#996,.F.);
#1317=ORIENTED_EDGE('',*,*,#1002,.F.);
#1318=ORIENTED_EDGE('',*,*,#1003,.T.);
#1319=ORIENTED_EDGE('',*,*,#1004,.T.);
#1320=ORIENTED_EDGE('',*,*,#1000,.F.);
#1321=ORIENTED_EDGE('',*,*,#1005,.F.);
#1322=ORIENTED_EDGE('',*,*,#998,.T.);
#1323=ORIENTED_EDGE('',*,*,#1006,.T.);
#1324=ORIENTED_EDGE('',*,*,#1003,.F.);
#1325=ORIENTED_EDGE('',*,*,#1006,.F.);
#1326=ORIENTED_EDGE('',*,*,#997,.F.);
#1327=ORIENTED_EDGE('',*,*,#1001,.F.);
#1328=ORIENTED_EDGE('',*,*,#1004,.F.);
#1329=ORIENTED_EDGE('',*,*,#1007,.F.);
#1330=ORIENTED_EDGE('',*,*,#1008,.T.);
#1331=ORIENTED_EDGE('',*,*,#1009,.T.);
#1332=ORIENTED_EDGE('',*,*,#1010,.F.);
#1333=ORIENTED_EDGE('',*,*,#1011,.F.);
#1334=ORIENTED_EDGE('',*,*,#1012,.T.);
#1335=ORIENTED_EDGE('',*,*,#1013,.T.);
#1336=ORIENTED_EDGE('',*,*,#1008,.F.);
#1337=ORIENTED_EDGE('',*,*,#1014,.F.);
#1338=ORIENTED_EDGE('',*,*,#1015,.T.);
#1339=ORIENTED_EDGE('',*,*,#1016,.T.);
#1340=ORIENTED_EDGE('',*,*,#1012,.F.);
#1341=ORIENTED_EDGE('',*,*,#1017,.F.);
#1342=ORIENTED_EDGE('',*,*,#1010,.T.);
#1343=ORIENTED_EDGE('',*,*,#1018,.T.);
#1344=ORIENTED_EDGE('',*,*,#1015,.F.);
#1345=ORIENTED_EDGE('',*,*,#1018,.F.);
#1346=ORIENTED_EDGE('',*,*,#1009,.F.);
#1347=ORIENTED_EDGE('',*,*,#1013,.F.);
#1348=ORIENTED_EDGE('',*,*,#1016,.F.);
#1349=ORIENTED_EDGE('',*,*,#931,.T.);
#1350=ORIENTED_EDGE('',*,*,#934,.T.);
#1351=ORIENTED_EDGE('',*,*,#937,.T.);
#1352=ORIENTED_EDGE('',*,*,#940,.T.);
#1353=ORIENTED_EDGE('',*,*,#1019,.F.);
#1354=ORIENTED_EDGE('',*,*,#1020,.T.);
#1355=ORIENTED_EDGE('',*,*,#1021,.F.);
#1356=ORIENTED_EDGE('',*,*,#1022,.F.);
#1357=ORIENTED_EDGE('',*,*,#1023,.F.);
#1358=ORIENTED_EDGE('',*,*,#1024,.F.);
#1359=ORIENTED_EDGE('',*,*,#1025,.F.);
#1360=ORIENTED_EDGE('',*,*,#1026,.T.);
#1361=ORIENTED_EDGE('',*,*,#1027,.F.);
#1362=ORIENTED_EDGE('',*,*,#1020,.F.);
#1363=ORIENTED_EDGE('',*,*,#1028,.F.);
#1364=ORIENTED_EDGE('',*,*,#1029,.T.);
#1365=ORIENTED_EDGE('',*,*,#1030,.F.);
#1366=ORIENTED_EDGE('',*,*,#1026,.F.);
#1367=ORIENTED_EDGE('',*,*,#1031,.F.);
#1368=ORIENTED_EDGE('',*,*,#1032,.T.);
#1369=ORIENTED_EDGE('',*,*,#1033,.F.);
#1370=ORIENTED_EDGE('',*,*,#1029,.F.);
#1371=ORIENTED_EDGE('',*,*,#1034,.F.);
#1372=ORIENTED_EDGE('',*,*,#1035,.F.);
#1373=ORIENTED_EDGE('',*,*,#1036,.F.);
#1374=ORIENTED_EDGE('',*,*,#1032,.F.);
#1375=ORIENTED_EDGE('',*,*,#944,.F.);
#1376=ORIENTED_EDGE('',*,*,#1037,.F.);
#1377=ORIENTED_EDGE('',*,*,#1024,.T.);
#1378=ORIENTED_EDGE('',*,*,#1038,.F.);
#1379=ORIENTED_EDGE('',*,*,#1039,.F.);
#1380=ORIENTED_EDGE('',*,*,#1022,.T.);
#1381=ORIENTED_EDGE('',*,*,#1040,.F.);
#1382=ORIENTED_EDGE('',*,*,#1041,.F.);
#1383=ORIENTED_EDGE('',*,*,#1042,.F.);
#1384=ORIENTED_EDGE('',*,*,#1041,.T.);
#1385=ORIENTED_EDGE('',*,*,#1043,.F.);
#1386=ORIENTED_EDGE('',*,*,#1044,.F.);
#1387=ORIENTED_EDGE('',*,*,#995,.T.);
#1388=ORIENTED_EDGE('',*,*,#1005,.T.);
#1389=ORIENTED_EDGE('',*,*,#1002,.T.);
#1390=ORIENTED_EDGE('',*,*,#999,.T.);
#1391=ORIENTED_EDGE('',*,*,#1045,.F.);
#1392=ORIENTED_EDGE('',*,*,#1044,.T.);
#1393=ORIENTED_EDGE('',*,*,#1046,.F.);
#1394=ORIENTED_EDGE('',*,*,#1035,.T.);
#1395=ORIENTED_EDGE('',*,*,#1046,.T.);
#1396=ORIENTED_EDGE('',*,*,#1043,.T.);
#1397=ORIENTED_EDGE('',*,*,#1040,.T.);
#1398=ORIENTED_EDGE('',*,*,#1021,.T.);
#1399=ORIENTED_EDGE('',*,*,#1027,.T.);
#1400=ORIENTED_EDGE('',*,*,#1030,.T.);
#1401=ORIENTED_EDGE('',*,*,#1033,.T.);
#1402=ORIENTED_EDGE('',*,*,#1036,.T.);
#1403=ORIENTED_EDGE('',*,*,#1007,.T.);
#1404=ORIENTED_EDGE('',*,*,#1017,.T.);
#1405=ORIENTED_EDGE('',*,*,#1014,.T.);
#1406=ORIENTED_EDGE('',*,*,#1011,.T.);
#1407=ORIENTED_EDGE('',*,*,#1037,.T.);
#1408=ORIENTED_EDGE('',*,*,#943,.F.);
#1409=ORIENTED_EDGE('',*,*,#946,.T.);
#1410=ORIENTED_EDGE('',*,*,#945,.T.);
#1411=ORIENTED_EDGE('',*,*,#1038,.T.);
#1412=ORIENTED_EDGE('',*,*,#1047,.F.);
#1413=ORIENTED_EDGE('',*,*,#1048,.F.);
#1414=ORIENTED_EDGE('',*,*,#1049,.T.);
#1415=ORIENTED_EDGE('',*,*,#1050,.F.);
#1416=ORIENTED_EDGE('',*,*,#1051,.T.);
#1417=ORIENTED_EDGE('',*,*,#1052,.F.);
#1418=ORIENTED_EDGE('',*,*,#1053,.T.);
#1419=ORIENTED_EDGE('',*,*,#1054,.F.);
#1420=ORIENTED_EDGE('',*,*,#1055,.F.);
#1421=ORIENTED_EDGE('',*,*,#1056,.F.);
#1422=ORIENTED_EDGE('',*,*,#1057,.T.);
#1423=ORIENTED_EDGE('',*,*,#1058,.F.);
#1424=ORIENTED_EDGE('',*,*,#1059,.F.);
#1425=ORIENTED_EDGE('',*,*,#1060,.F.);
#1426=ORIENTED_EDGE('',*,*,#1061,.T.);
#1427=ORIENTED_EDGE('',*,*,#1062,.F.);
#1428=ORIENTED_EDGE('',*,*,#1063,.F.);
#1429=ORIENTED_EDGE('',*,*,#1064,.T.);
#1430=ORIENTED_EDGE('',*,*,#1065,.T.);
#1431=ORIENTED_EDGE('',*,*,#1066,.T.);
#1432=ORIENTED_EDGE('',*,*,#1067,.T.);
#1433=ORIENTED_EDGE('',*,*,#1068,.T.);
#1434=ORIENTED_EDGE('',*,*,#1069,.T.);
#1435=ORIENTED_EDGE('',*,*,#1066,.F.);
#1436=ORIENTED_EDGE('',*,*,#1070,.T.);
#1437=ORIENTED_EDGE('',*,*,#1071,.T.);
#1438=ORIENTED_EDGE('',*,*,#1072,.T.);
#1439=ORIENTED_EDGE('',*,*,#1073,.T.);
#1440=ORIENTED_EDGE('',*,*,#1074,.T.);
#1441=ORIENTED_EDGE('',*,*,#1071,.F.);
#1442=ORIENTED_EDGE('',*,*,#1075,.T.);
#1443=ORIENTED_EDGE('',*,*,#1068,.F.);
#1444=ORIENTED_EDGE('',*,*,#1076,.T.);
#1445=ORIENTED_EDGE('',*,*,#1077,.T.);
#1446=ORIENTED_EDGE('',*,*,#1078,.T.);
#1447=ORIENTED_EDGE('',*,*,#1079,.T.);
#1448=ORIENTED_EDGE('',*,*,#1080,.T.);
#1449=ORIENTED_EDGE('',*,*,#1081,.T.);
#1450=ORIENTED_EDGE('',*,*,#1048,.T.);
#1451=ORIENTED_EDGE('',*,*,#1079,.F.);
#1452=ORIENTED_EDGE('',*,*,#1082,.T.);
#1453=ORIENTED_EDGE('',*,*,#1077,.F.);
#1454=ORIENTED_EDGE('',*,*,#1083,.T.);
#1455=ORIENTED_EDGE('',*,*,#1073,.F.);
#1456=ORIENTED_EDGE('',*,*,#1084,.T.);
#1457=ORIENTED_EDGE('',*,*,#1069,.F.);
#1458=ORIENTED_EDGE('',*,*,#1075,.F.);
#1459=ORIENTED_EDGE('',*,*,#1085,.T.);
#1460=ORIENTED_EDGE('',*,*,#1086,.F.);
#1461=ORIENTED_EDGE('',*,*,#1087,.F.);
#1462=ORIENTED_EDGE('',*,*,#1088,.T.);
#1463=ORIENTED_EDGE('',*,*,#1019,.T.);
#1464=ORIENTED_EDGE('',*,*,#1089,.T.);
#1465=ORIENTED_EDGE('',*,*,#1074,.F.);
#1466=ORIENTED_EDGE('',*,*,#1083,.F.);
#1467=ORIENTED_EDGE('',*,*,#1090,.F.);
#1468=ORIENTED_EDGE('',*,*,#1091,.F.);
#1469=ORIENTED_EDGE('',*,*,#1092,.F.);
#1470=ORIENTED_EDGE('',*,*,#1085,.F.);
#1471=ORIENTED_EDGE('',*,*,#1080,.F.);
#1472=ORIENTED_EDGE('',*,*,#1047,.T.);
#1473=ORIENTED_EDGE('',*,*,#1023,.T.);
#1474=ORIENTED_EDGE('',*,*,#1063,.T.);
#1475=ORIENTED_EDGE('',*,*,#1093,.F.);
#1476=ORIENTED_EDGE('',*,*,#1090,.T.);
#1477=ORIENTED_EDGE('',*,*,#1094,.T.);
#1478=ORIENTED_EDGE('',*,*,#1095,.T.);
#1479=ORIENTED_EDGE('',*,*,#1096,.T.);
#1480=ORIENTED_EDGE('',*,*,#1062,.T.);
#1481=ORIENTED_EDGE('',*,*,#1097,.T.);
#1482=ORIENTED_EDGE('',*,*,#1093,.T.);
#1483=ORIENTED_EDGE('',*,*,#1096,.F.);
#1484=ORIENTED_EDGE('',*,*,#1098,.T.);
#1485=ORIENTED_EDGE('',*,*,#1099,.T.);
#1486=ORIENTED_EDGE('',*,*,#1092,.T.);
#1487=ORIENTED_EDGE('',*,*,#1100,.T.);
#1488=ORIENTED_EDGE('',*,*,#1101,.T.);
#1489=ORIENTED_EDGE('',*,*,#1100,.F.);
#1490=ORIENTED_EDGE('',*,*,#1091,.T.);
#1491=ORIENTED_EDGE('',*,*,#1097,.F.);
#1492=ORIENTED_EDGE('',*,*,#1102,.T.);
#1493=ORIENTED_EDGE('',*,*,#1103,.T.);
#1494=ORIENTED_EDGE('',*,*,#1087,.T.);
#1495=ORIENTED_EDGE('',*,*,#1104,.T.);
#1496=ORIENTED_EDGE('',*,*,#1105,.T.);
#1497=ORIENTED_EDGE('',*,*,#1106,.T.);
#1498=ORIENTED_EDGE('',*,*,#1107,.T.);
#1499=ORIENTED_EDGE('',*,*,#1103,.F.);
#1500=ORIENTED_EDGE('',*,*,#1108,.T.);
#1501=ORIENTED_EDGE('',*,*,#1104,.F.);
#1502=ORIENTED_EDGE('',*,*,#1086,.T.);
#1503=ORIENTED_EDGE('',*,*,#1099,.F.);
#1504=ORIENTED_EDGE('',*,*,#1109,.T.);
#1505=ORIENTED_EDGE('',*,*,#1025,.T.);
#1506=ORIENTED_EDGE('',*,*,#1088,.F.);
#1507=ORIENTED_EDGE('',*,*,#1107,.F.);
#1508=ORIENTED_EDGE('',*,*,#1110,.T.);
#1509=ORIENTED_EDGE('',*,*,#1111,.F.);
#1510=ORIENTED_EDGE('',*,*,#1112,.F.);
#1511=ORIENTED_EDGE('',*,*,#1113,.F.);
#1512=ORIENTED_EDGE('',*,*,#1114,.T.);
#1513=ORIENTED_EDGE('',*,*,#1115,.F.);
#1514=ORIENTED_EDGE('',*,*,#1116,.F.);
#1515=ORIENTED_EDGE('',*,*,#1117,.F.);
#1516=ORIENTED_EDGE('',*,*,#1118,.T.);
#1517=ORIENTED_EDGE('',*,*,#1119,.F.);
#1518=ORIENTED_EDGE('',*,*,#1120,.F.);
#1519=ORIENTED_EDGE('',*,*,#1121,.F.);
#1520=ORIENTED_EDGE('',*,*,#1122,.T.);
#1521=ORIENTED_EDGE('',*,*,#1067,.F.);
#1522=ORIENTED_EDGE('',*,*,#1089,.F.);
#1523=ORIENTED_EDGE('',*,*,#1039,.T.);
#1524=ORIENTED_EDGE('',*,*,#1042,.T.);
#1525=ORIENTED_EDGE('',*,*,#1045,.T.);
#1526=ORIENTED_EDGE('',*,*,#1034,.T.);
#1527=ORIENTED_EDGE('',*,*,#1031,.T.);
#1528=ORIENTED_EDGE('',*,*,#1028,.T.);
#1529=ORIENTED_EDGE('',*,*,#1123,.T.);
#1530=ORIENTED_EDGE('',*,*,#1124,.T.);
#1531=ORIENTED_EDGE('',*,*,#1125,.T.);
#1532=ORIENTED_EDGE('',*,*,#1054,.T.);
#1533=ORIENTED_EDGE('',*,*,#1126,.T.);
#1534=ORIENTED_EDGE('',*,*,#1127,.T.);
#1535=ORIENTED_EDGE('',*,*,#1125,.F.);
#1536=ORIENTED_EDGE('',*,*,#1128,.T.);
#1537=ORIENTED_EDGE('',*,*,#1129,.T.);
#1538=ORIENTED_EDGE('',*,*,#1130,.T.);
#1539=ORIENTED_EDGE('',*,*,#1131,.T.);
#1540=ORIENTED_EDGE('',*,*,#1132,.T.);
#1541=ORIENTED_EDGE('',*,*,#1131,.F.);
#1542=ORIENTED_EDGE('',*,*,#1133,.T.);
#1543=ORIENTED_EDGE('',*,*,#1126,.F.);
#1544=ORIENTED_EDGE('',*,*,#1134,.T.);
#1545=ORIENTED_EDGE('',*,*,#1135,.T.);
#1546=ORIENTED_EDGE('',*,*,#1136,.T.);
#1547=ORIENTED_EDGE('',*,*,#1137,.T.);
#1548=ORIENTED_EDGE('',*,*,#1138,.T.);
#1549=ORIENTED_EDGE('',*,*,#1139,.T.);
#1550=ORIENTED_EDGE('',*,*,#1117,.T.);
#1551=ORIENTED_EDGE('',*,*,#1135,.F.);
#1552=ORIENTED_EDGE('',*,*,#1140,.T.);
#1553=ORIENTED_EDGE('',*,*,#1137,.F.);
#1554=ORIENTED_EDGE('',*,*,#1141,.T.);
#1555=ORIENTED_EDGE('',*,*,#1129,.F.);
#1556=ORIENTED_EDGE('',*,*,#1142,.T.);
#1557=ORIENTED_EDGE('',*,*,#1133,.F.);
#1558=ORIENTED_EDGE('',*,*,#1130,.F.);
#1559=ORIENTED_EDGE('',*,*,#1143,.F.);
#1560=ORIENTED_EDGE('',*,*,#1144,.F.);
#1561=ORIENTED_EDGE('',*,*,#1145,.F.);
#1562=ORIENTED_EDGE('',*,*,#1146,.F.);
#1563=ORIENTED_EDGE('',*,*,#1141,.F.);
#1564=ORIENTED_EDGE('',*,*,#1136,.F.);
#1565=ORIENTED_EDGE('',*,*,#1116,.T.);
#1566=ORIENTED_EDGE('',*,*,#1147,.F.);
#1567=ORIENTED_EDGE('',*,*,#1148,.F.);
#1568=ORIENTED_EDGE('',*,*,#1143,.T.);
#1569=ORIENTED_EDGE('',*,*,#1149,.T.);
#1570=ORIENTED_EDGE('',*,*,#1150,.T.);
#1571=ORIENTED_EDGE('',*,*,#1151,.T.);
#1572=ORIENTED_EDGE('',*,*,#1115,.T.);
#1573=ORIENTED_EDGE('',*,*,#1152,.T.);
#1574=ORIENTED_EDGE('',*,*,#1147,.T.);
#1575=ORIENTED_EDGE('',*,*,#1151,.F.);
#1576=ORIENTED_EDGE('',*,*,#1153,.T.);
#1577=ORIENTED_EDGE('',*,*,#1154,.T.);
#1578=ORIENTED_EDGE('',*,*,#1155,.T.);
#1579=ORIENTED_EDGE('',*,*,#1156,.T.);
#1580=ORIENTED_EDGE('',*,*,#1144,.T.);
#1581=ORIENTED_EDGE('',*,*,#1154,.F.);
#1582=ORIENTED_EDGE('',*,*,#1148,.T.);
#1583=ORIENTED_EDGE('',*,*,#1152,.F.);
#1584=ORIENTED_EDGE('',*,*,#1157,.T.);
#1585=ORIENTED_EDGE('',*,*,#1158,.T.);
#1586=ORIENTED_EDGE('',*,*,#1159,.T.);
#1587=ORIENTED_EDGE('',*,*,#1160,.T.);
#1588=ORIENTED_EDGE('',*,*,#1161,.T.);
#1589=ORIENTED_EDGE('',*,*,#1162,.T.);
#1590=ORIENTED_EDGE('',*,*,#1056,.T.);
#1591=ORIENTED_EDGE('',*,*,#1160,.F.);
#1592=ORIENTED_EDGE('',*,*,#1163,.T.);
#1593=ORIENTED_EDGE('',*,*,#1158,.F.);
#1594=ORIENTED_EDGE('',*,*,#1145,.T.);
#1595=ORIENTED_EDGE('',*,*,#1156,.F.);
#1596=ORIENTED_EDGE('',*,*,#1164,.T.);
#1597=ORIENTED_EDGE('',*,*,#1127,.F.);
#1598=ORIENTED_EDGE('',*,*,#1146,.T.);
#1599=ORIENTED_EDGE('',*,*,#1161,.F.);
#1600=ORIENTED_EDGE('',*,*,#1055,.T.);
#1601=ORIENTED_EDGE('',*,*,#1150,.F.);
#1602=ORIENTED_EDGE('',*,*,#1165,.F.);
#1603=ORIENTED_EDGE('',*,*,#1166,.T.);
#1604=ORIENTED_EDGE('',*,*,#1167,.F.);
#1605=ORIENTED_EDGE('',*,*,#1163,.F.);
#1606=ORIENTED_EDGE('',*,*,#1159,.F.);
#1607=ORIENTED_EDGE('',*,*,#1164,.F.);
#1608=ORIENTED_EDGE('',*,*,#1155,.F.);
#1609=ORIENTED_EDGE('',*,*,#1157,.F.);
#1610=ORIENTED_EDGE('',*,*,#1153,.F.);
#1611=ORIENTED_EDGE('',*,*,#1168,.T.);
#1612=ORIENTED_EDGE('',*,*,#1169,.T.);
#1613=ORIENTED_EDGE('',*,*,#1170,.T.);
#1614=ORIENTED_EDGE('',*,*,#1064,.F.);
#1615=ORIENTED_EDGE('',*,*,#1122,.F.);
#1616=ORIENTED_EDGE('',*,*,#1121,.T.);
#1617=ORIENTED_EDGE('',*,*,#1169,.F.);
#1618=ORIENTED_EDGE('',*,*,#1171,.F.);
#1619=ORIENTED_EDGE('',*,*,#1172,.F.);
#1620=ORIENTED_EDGE('',*,*,#1173,.F.);
#1621=ORIENTED_EDGE('',*,*,#1168,.F.);
#1622=ORIENTED_EDGE('',*,*,#1120,.T.);
#1623=ORIENTED_EDGE('',*,*,#1174,.F.);
#1624=ORIENTED_EDGE('',*,*,#1175,.T.);
#1625=ORIENTED_EDGE('',*,*,#1176,.F.);
#1626=ORIENTED_EDGE('',*,*,#1051,.F.);
#1627=ORIENTED_EDGE('',*,*,#1177,.F.);
#1628=ORIENTED_EDGE('',*,*,#1171,.T.);
#1629=ORIENTED_EDGE('',*,*,#971,.T.);
#1630=ORIENTED_EDGE('',*,*,#975,.T.);
#1631=ORIENTED_EDGE('',*,*,#978,.T.);
#1632=ORIENTED_EDGE('',*,*,#981,.T.);
#1633=ORIENTED_EDGE('',*,*,#1177,.T.);
#1634=ORIENTED_EDGE('',*,*,#1050,.T.);
#1635=ORIENTED_EDGE('',*,*,#1049,.F.);
#1636=ORIENTED_EDGE('',*,*,#1081,.F.);
#1637=ORIENTED_EDGE('',*,*,#1178,.T.);
#1638=ORIENTED_EDGE('',*,*,#1172,.T.);
#1639=ORIENTED_EDGE('',*,*,#1174,.T.);
#1640=ORIENTED_EDGE('',*,*,#1119,.T.);
#1641=ORIENTED_EDGE('',*,*,#1118,.F.);
#1642=ORIENTED_EDGE('',*,*,#1139,.F.);
#1643=ORIENTED_EDGE('',*,*,#1179,.T.);
#1644=ORIENTED_EDGE('',*,*,#1180,.T.);
#1645=ORIENTED_EDGE('',*,*,#1176,.T.);
#1646=ORIENTED_EDGE('',*,*,#1181,.T.);
#1647=ORIENTED_EDGE('',*,*,#1182,.T.);
#1648=ORIENTED_EDGE('',*,*,#1123,.F.);
#1649=ORIENTED_EDGE('',*,*,#1053,.F.);
#1650=ORIENTED_EDGE('',*,*,#1052,.T.);
#1651=ORIENTED_EDGE('',*,*,#1183,.T.);
#1652=ORIENTED_EDGE('',*,*,#1058,.T.);
#1653=ORIENTED_EDGE('',*,*,#1057,.F.);
#1654=ORIENTED_EDGE('',*,*,#1162,.F.);
#1655=ORIENTED_EDGE('',*,*,#1167,.T.);
#1656=ORIENTED_EDGE('',*,*,#1184,.T.);
#1657=ORIENTED_EDGE('',*,*,#1183,.F.);
#1658=ORIENTED_EDGE('',*,*,#1185,.T.);
#1659=ORIENTED_EDGE('',*,*,#1186,.F.);
#1660=ORIENTED_EDGE('',*,*,#1112,.T.);
#1661=ORIENTED_EDGE('',*,*,#1187,.F.);
#1662=ORIENTED_EDGE('',*,*,#1188,.T.);
#1663=ORIENTED_EDGE('',*,*,#1189,.F.);
#1664=ORIENTED_EDGE('',*,*,#1059,.T.);
#1665=ORIENTED_EDGE('',*,*,#983,.T.);
#1666=ORIENTED_EDGE('',*,*,#987,.T.);
#1667=ORIENTED_EDGE('',*,*,#990,.T.);
#1668=ORIENTED_EDGE('',*,*,#993,.T.);
#1669=ORIENTED_EDGE('',*,*,#1186,.T.);
#1670=ORIENTED_EDGE('',*,*,#1190,.T.);
#1671=ORIENTED_EDGE('',*,*,#1165,.T.);
#1672=ORIENTED_EDGE('',*,*,#1149,.F.);
#1673=ORIENTED_EDGE('',*,*,#1114,.F.);
#1674=ORIENTED_EDGE('',*,*,#1113,.T.);
#1675=ORIENTED_EDGE('',*,*,#1189,.T.);
#1676=ORIENTED_EDGE('',*,*,#1191,.T.);
#1677=ORIENTED_EDGE('',*,*,#1192,.T.);
#1678=ORIENTED_EDGE('',*,*,#1094,.F.);
#1679=ORIENTED_EDGE('',*,*,#1061,.F.);
#1680=ORIENTED_EDGE('',*,*,#1060,.T.);
#1681=ORIENTED_EDGE('',*,*,#1187,.T.);
#1682=ORIENTED_EDGE('',*,*,#1111,.T.);
#1683=ORIENTED_EDGE('',*,*,#1110,.F.);
#1684=ORIENTED_EDGE('',*,*,#1106,.F.);
#1685=ORIENTED_EDGE('',*,*,#1193,.T.);
#1686=ORIENTED_EDGE('',*,*,#1194,.T.);
#1687=ORIENTED_EDGE('',*,*,#1191,.F.);
#1688=ORIENTED_EDGE('',*,*,#1188,.F.);
#1689=ORIENTED_EDGE('',*,*,#1194,.F.);
#1690=ORIENTED_EDGE('',*,*,#1195,.F.);
#1691=ORIENTED_EDGE('',*,*,#1095,.F.);
#1692=ORIENTED_EDGE('',*,*,#1192,.F.);
#1693=ORIENTED_EDGE('',*,*,#1195,.T.);
#1694=ORIENTED_EDGE('',*,*,#1193,.F.);
#1695=ORIENTED_EDGE('',*,*,#1108,.F.);
#1696=ORIENTED_EDGE('',*,*,#1105,.F.);
#1697=ORIENTED_EDGE('',*,*,#1109,.F.);
#1698=ORIENTED_EDGE('',*,*,#1101,.F.);
#1699=ORIENTED_EDGE('',*,*,#1102,.F.);
#1700=ORIENTED_EDGE('',*,*,#1098,.F.);
#1701=ORIENTED_EDGE('',*,*,#1065,.F.);
#1702=ORIENTED_EDGE('',*,*,#1170,.F.);
#1703=ORIENTED_EDGE('',*,*,#1173,.T.);
#1704=ORIENTED_EDGE('',*,*,#1178,.F.);
#1705=ORIENTED_EDGE('',*,*,#1082,.F.);
#1706=ORIENTED_EDGE('',*,*,#1078,.F.);
#1707=ORIENTED_EDGE('',*,*,#1084,.F.);
#1708=ORIENTED_EDGE('',*,*,#1072,.F.);
#1709=ORIENTED_EDGE('',*,*,#1076,.F.);
#1710=ORIENTED_EDGE('',*,*,#1070,.F.);
#1711=ORIENTED_EDGE('',*,*,#1124,.F.);
#1712=ORIENTED_EDGE('',*,*,#1182,.F.);
#1713=ORIENTED_EDGE('',*,*,#1196,.T.);
#1714=ORIENTED_EDGE('',*,*,#1179,.F.);
#1715=ORIENTED_EDGE('',*,*,#1140,.F.);
#1716=ORIENTED_EDGE('',*,*,#1138,.F.);
#1717=ORIENTED_EDGE('',*,*,#1142,.F.);
#1718=ORIENTED_EDGE('',*,*,#1132,.F.);
#1719=ORIENTED_EDGE('',*,*,#1134,.F.);
#1720=ORIENTED_EDGE('',*,*,#1128,.F.);
#1721=ORIENTED_EDGE('',*,*,#1180,.F.);
#1722=ORIENTED_EDGE('',*,*,#1196,.F.);
#1723=ORIENTED_EDGE('',*,*,#1181,.F.);
#1724=ORIENTED_EDGE('',*,*,#1175,.F.);
#1725=ORIENTED_EDGE('',*,*,#1184,.F.);
#1726=ORIENTED_EDGE('',*,*,#1166,.F.);
#1727=ORIENTED_EDGE('',*,*,#1190,.F.);
#1728=ORIENTED_EDGE('',*,*,#1185,.F.);
#1729=CYLINDRICAL_SURFACE('',#1862,1.1);
#1730=CYLINDRICAL_SURFACE('',#1866,1.1);
#1731=CYLINDRICAL_SURFACE('',#1870,1.1);
#1732=CYLINDRICAL_SURFACE('',#1874,1.1);
#1733=CYLINDRICAL_SURFACE('',#1909,5.);
#1734=CYLINDRICAL_SURFACE('',#1912,5.);
#1735=CYLINDRICAL_SURFACE('',#1917,4.99999999999999);
#1736=CYLINDRICAL_SURFACE('',#1920,4.99999999999998);
#1737=ADVANCED_FACE('',(#255),#1729,.F.);
#1738=ADVANCED_FACE('',(#256),#200,.T.);
#1739=ADVANCED_FACE('',(#257),#1730,.F.);
#1740=ADVANCED_FACE('',(#258),#201,.T.);
#1741=ADVANCED_FACE('',(#259),#1731,.F.);
#1742=ADVANCED_FACE('',(#260),#202,.T.);
#1743=ADVANCED_FACE('',(#261),#1732,.F.);
#1744=ADVANCED_FACE('',(#262),#203,.T.);
#1745=ADVANCED_FACE('',(#263),#163,.F.);
#1746=ADVANCED_FACE('',(#264),#204,.F.);
#1747=ADVANCED_FACE('',(#265),#205,.F.);
#1748=ADVANCED_FACE('',(#266),#206,.F.);
#1749=ADVANCED_FACE('',(#267),#207,.F.);
#1750=ADVANCED_FACE('',(#268),#208,.F.);
#1751=ADVANCED_FACE('',(#269),#209,.F.);
#1752=ADVANCED_FACE('',(#270),#210,.F.);
#1753=ADVANCED_FACE('',(#271),#211,.F.);
#1754=ADVANCED_FACE('',(#272,#34),#212,.T.);
#1755=ADVANCED_FACE('',(#273),#213,.T.);
#1756=ADVANCED_FACE('',(#274,#35),#214,.T.);
#1757=ADVANCED_FACE('',(#275),#215,.T.);
#1758=ADVANCED_FACE('',(#276),#216,.T.);
#1759=ADVANCED_FACE('',(#277,#36),#217,.T.);
#1760=ADVANCED_FACE('',(#278),#218,.T.);
#1761=ADVANCED_FACE('',(#279,#37),#219,.T.);
#1762=ADVANCED_FACE('',(#280),#220,.T.);
#1763=ADVANCED_FACE('',(#281),#221,.T.);
#1764=ADVANCED_FACE('',(#282),#222,.F.);
#1765=ADVANCED_FACE('',(#283),#223,.F.);
#1766=ADVANCED_FACE('',(#284),#224,.F.);
#1767=ADVANCED_FACE('',(#285),#225,.F.);
#1768=ADVANCED_FACE('',(#286),#226,.F.);
#1769=ADVANCED_FACE('',(#287),#227,.F.);
#1770=ADVANCED_FACE('',(#288),#228,.F.);
#1771=ADVANCED_FACE('',(#289),#229,.F.);
#1772=ADVANCED_FACE('',(#290),#230,.F.);
#1773=ADVANCED_FACE('',(#291,#38,#39,#40,#41),#231,.F.);
#1774=ADVANCED_FACE('',(#292),#232,.T.);
#1775=ADVANCED_FACE('',(#293),#233,.T.);
#1776=ADVANCED_FACE('',(#294),#1733,.T.);
#1777=ADVANCED_FACE('',(#295),#234,.T.);
#1778=ADVANCED_FACE('',(#296),#1734,.T.);
#1779=ADVANCED_FACE('',(#297),#235,.T.);
#1780=ADVANCED_FACE('',(#298),#236,.F.);
#1781=ADVANCED_FACE('',(#299),#1735,.T.);
#1782=ADVANCED_FACE('',(#300,#42),#237,.T.);
#1783=ADVANCED_FACE('',(#301),#1736,.T.);
#1784=ADVANCED_FACE('',(#302,#43),#238,.T.);
#1785=ADVANCED_FACE('',(#303),#32,.T.);
#1786=ADVANCED_FACE('',(#304),#164,.T.);
#1787=ADVANCED_FACE('',(#305),#165,.T.);
#1788=ADVANCED_FACE('',(#306),#239,.T.);
#1789=ADVANCED_FACE('',(#307),#166,.T.);
#1790=ADVANCED_FACE('',(#308),#167,.T.);
#1791=ADVANCED_FACE('',(#309),#168,.T.);
#1792=ADVANCED_FACE('',(#310),#169,.T.);
#1793=ADVANCED_FACE('',(#311),#170,.F.);
#1794=ADVANCED_FACE('',(#312),#240,.F.);
#1795=ADVANCED_FACE('',(#313),#171,.F.);
#1796=ADVANCED_FACE('',(#314),#172,.T.);
#1797=ADVANCED_FACE('',(#315),#173,.T.);
#1798=ADVANCED_FACE('',(#316),#241,.T.);
#1799=ADVANCED_FACE('',(#317),#174,.T.);
#1800=ADVANCED_FACE('',(#318),#175,.T.);
#1801=ADVANCED_FACE('',(#319),#176,.T.);
#1802=ADVANCED_FACE('',(#320),#177,.T.);
#1803=ADVANCED_FACE('',(#321),#33,.F.);
#1804=ADVANCED_FACE('',(#322),#178,.T.);
#1805=ADVANCED_FACE('',(#323),#179,.T.);
#1806=ADVANCED_FACE('',(#324),#242,.T.);
#1807=ADVANCED_FACE('',(#325),#180,.T.);
#1808=ADVANCED_FACE('',(#326),#181,.T.);
#1809=ADVANCED_FACE('',(#327),#182,.T.);
#1810=ADVANCED_FACE('',(#328),#183,.T.);
#1811=ADVANCED_FACE('',(#329),#243,.T.);
#1812=ADVANCED_FACE('',(#330),#184,.F.);
#1813=ADVANCED_FACE('',(#331),#185,.T.);
#1814=ADVANCED_FACE('',(#332),#186,.T.);
#1815=ADVANCED_FACE('',(#333),#244,.T.);
#1816=ADVANCED_FACE('',(#334),#187,.T.);
#1817=ADVANCED_FACE('',(#335),#188,.T.);
#1818=ADVANCED_FACE('',(#336),#189,.T.);
#1819=ADVANCED_FACE('',(#337),#190,.T.);
#1820=ADVANCED_FACE('',(#338),#191,.F.);
#1821=ADVANCED_FACE('',(#339),#245,.F.);
#1822=ADVANCED_FACE('',(#340),#192,.F.);
#1823=ADVANCED_FACE('',(#341),#246,.T.);
#1824=ADVANCED_FACE('',(#342,#44),#247,.T.);
#1825=ADVANCED_FACE('',(#343),#193,.F.);
#1826=ADVANCED_FACE('',(#344),#194,.F.);
#1827=ADVANCED_FACE('',(#345),#195,.F.);
#1828=ADVANCED_FACE('',(#346),#196,.F.);
#1829=ADVANCED_FACE('',(#347,#45),#248,.T.);
#1830=ADVANCED_FACE('',(#348),#197,.F.);
#1831=ADVANCED_FACE('',(#349),#198,.F.);
#1832=ADVANCED_FACE('',(#350),#199,.F.);
#1833=ADVANCED_FACE('',(#351),#249,.T.);
#1834=ADVANCED_FACE('',(#352),#250,.F.);
#1835=ADVANCED_FACE('',(#353),#251,.F.);
#1836=ADVANCED_FACE('',(#354),#252,.F.);
#1837=ADVANCED_FACE('',(#355),#253,.T.);
#1838=ADVANCED_FACE('',(#356),#254,.T.);
#1839=CLOSED_SHELL('',(#1737,#1738,#1739,#1740,#1741,#1742,#1743,#1744,
#1745,#1746,#1747,#1748,#1749,#1750,#1751,#1752,#1753,#1754,#1755,#1756,
#1757,#1758,#1759,#1760,#1761,#1762,#1763,#1764,#1765,#1766,#1767,#1768,
#1769,#1770,#1771,#1772,#1773,#1774,#1775,#1776,#1777,#1778,#1779,#1780,
#1781,#1782,#1783,#1784,#1785,#1786,#1787,#1788,#1789,#1790,#1791,#1792,
#1793,#1794,#1795,#1796,#1797,#1798,#1799,#1800,#1801,#1802,#1803,#1804,
#1805,#1806,#1807,#1808,#1809,#1810,#1811,#1812,#1813,#1814,#1815,#1816,
#1817,#1818,#1819,#1820,#1821,#1822,#1823,#1824,#1825,#1826,#1827,#1828,
#1829,#1830,#1831,#1832,#1833,#1834,#1835,#1836,#1837,#1838));
#1840=DERIVED_UNIT_ELEMENT(#1843,1.);
#1841=DERIVED_UNIT_ELEMENT(#5053,-3.);
#1842=DIMENSIONAL_EXPONENTS(0.,1.,0.,0.,0.,0.,0.);
#1843=(
CONVERSION_BASED_UNIT('gram',#1845)
MASS_UNIT()
NAMED_UNIT(#1842)
);
#1844=(
MASS_UNIT()
NAMED_UNIT(*)
SI_UNIT(.KILO.,.GRAM.)
);
#1845=MASS_MEASURE_WITH_UNIT(MASS_MEASURE(0.001),#1844);
#1846=DERIVED_UNIT((#1840,#1841));
#1847=MEASURE_REPRESENTATION_ITEM('density measure',
POSITIVE_RATIO_MEASURE(1.),#1846);
#1848=PROPERTY_DEFINITION_REPRESENTATION(#1853,#1850);
#1849=PROPERTY_DEFINITION_REPRESENTATION(#1854,#1851);
#1850=REPRESENTATION('material name',(#1852),#5050);
#1851=REPRESENTATION('density',(#1847),#5050);
#1852=DESCRIPTIVE_REPRESENTATION_ITEM('Generic','Generic');
#1853=PROPERTY_DEFINITION('material property','material name',#5060);
#1854=PROPERTY_DEFINITION('material property','density of part',#5060);
#1855=DATE_TIME_ROLE('creation_date');
#1856=APPLIED_DATE_AND_TIME_ASSIGNMENT(#1857,#1855,(#5060));
#1857=DATE_AND_TIME(#1858,#1859);
#1858=CALENDAR_DATE(2026,1,3);
#1859=LOCAL_TIME(0,0,0.,#1860);
#1860=COORDINATED_UNIVERSAL_TIME_OFFSET(0,0,.BEHIND.);
#1861=AXIS2_PLACEMENT_3D('',#2232,#1939,#1940);
#1862=AXIS2_PLACEMENT_3D('',#2233,#1941,#1942);
#1863=AXIS2_PLACEMENT_3D('',#2235,#1943,#1944);
#1864=AXIS2_PLACEMENT_3D('',#2238,#1946,#1947);
#1865=AXIS2_PLACEMENT_3D('',#2239,#1948,#1949);
#1866=AXIS2_PLACEMENT_3D('',#2240,#1950,#1951);
#1867=AXIS2_PLACEMENT_3D('',#2242,#1952,#1953);
#1868=AXIS2_PLACEMENT_3D('',#2245,#1955,#1956);
#1869=AXIS2_PLACEMENT_3D('',#2246,#1957,#1958);
#1870=AXIS2_PLACEMENT_3D('',#2247,#1959,#1960);
#1871=AXIS2_PLACEMENT_3D('',#2249,#1961,#1962);
#1872=AXIS2_PLACEMENT_3D('',#2252,#1964,#1965);
#1873=AXIS2_PLACEMENT_3D('',#2253,#1966,#1967);
#1874=AXIS2_PLACEMENT_3D('',#2254,#1968,#1969);
#1875=AXIS2_PLACEMENT_3D('',#2256,#1970,#1971);
#1876=AXIS2_PLACEMENT_3D('',#2259,#1973,#1974);
#1877=AXIS2_PLACEMENT_3D('',#2260,#1975,#1976);
#1878=AXIS2_PLACEMENT_3D('',#2403,#1977,#1978);
#1879=AXIS2_PLACEMENT_3D('',#2404,#1979,#1980);
#1880=AXIS2_PLACEMENT_3D('',#2413,#1985,#1986);
#1881=AXIS2_PLACEMENT_3D('',#2419,#1990,#1991);
#1882=AXIS2_PLACEMENT_3D('',#2425,#1995,#1996);
#1883=AXIS2_PLACEMENT_3D('',#2428,#1999,#2000);
#1884=AXIS2_PLACEMENT_3D('',#2437,#2005,#2006);
#1885=AXIS2_PLACEMENT_3D('',#2443,#2010,#2011);
#1886=AXIS2_PLACEMENT_3D('',#2449,#2015,#2016);
#1887=AXIS2_PLACEMENT_3D('',#2452,#2019,#2020);
#1888=AXIS2_PLACEMENT_3D('',#2461,#2025,#2026);
#1889=AXIS2_PLACEMENT_3D('',#2467,#2030,#2031);
#1890=AXIS2_PLACEMENT_3D('',#2473,#2035,#2036);
#1891=AXIS2_PLACEMENT_3D('',#2476,#2039,#2040);
#1892=AXIS2_PLACEMENT_3D('',#2477,#2041,#2042);
#1893=AXIS2_PLACEMENT_3D('',#2486,#2047,#2048);
#1894=AXIS2_PLACEMENT_3D('',#2492,#2052,#2053);
#1895=AXIS2_PLACEMENT_3D('',#2498,#2057,#2058);
#1896=AXIS2_PLACEMENT_3D('',#2501,#2061,#2062);
#1897=AXIS2_PLACEMENT_3D('',#2502,#2063,#2064);
#1898=AXIS2_PLACEMENT_3D('',#2511,#2069,#2070);
#1899=AXIS2_PLACEMENT_3D('',#2517,#2074,#2075);
#1900=AXIS2_PLACEMENT_3D('',#2523,#2079,#2080);
#1901=AXIS2_PLACEMENT_3D('',#2526,#2083,#2084);
#1902=AXIS2_PLACEMENT_3D('',#2527,#2085,#2086);
#1903=AXIS2_PLACEMENT_3D('',#2536,#2091,#2092);
#1904=AXIS2_PLACEMENT_3D('',#2542,#2096,#2097);
#1905=AXIS2_PLACEMENT_3D('',#2548,#2101,#2102);
#1906=AXIS2_PLACEMENT_3D('',#2551,#2105,#2106);
#1907=AXIS2_PLACEMENT_3D('',#2552,#2107,#2108);
#1908=AXIS2_PLACEMENT_3D('',#2570,#2112,#2113);
#1909=AXIS2_PLACEMENT_3D('',#2579,#2115,#2116);
#1910=AXIS2_PLACEMENT_3D('',#2593,#2118,#2119);
#1911=AXIS2_PLACEMENT_3D('',#2594,#2120,#2121);
#1912=AXIS2_PLACEMENT_3D('',#2600,#2125,#2126);
#1913=AXIS2_PLACEMENT_3D('',#2614,#2128,#2129);
#1914=AXIS2_PLACEMENT_3D('',#2615,#2130,#2131);
#1915=AXIS2_PLACEMENT_3D('',#2617,#2132,#2133);
#1916=AXIS2_PLACEMENT_3D('',#2621,#2136,#2137);
#1917=AXIS2_PLACEMENT_3D('',#2624,#2140,#2141);
#1918=AXIS2_PLACEMENT_3D('',#2637,#2142,#2143);
#1919=AXIS2_PLACEMENT_3D('',#2639,#2145,#2146);
#1920=AXIS2_PLACEMENT_3D('',#2645,#2150,#2151);
#1921=AXIS2_PLACEMENT_3D('',#2656,#2152,#2153);
#1922=AXIS2_PLACEMENT_3D('',#2657,#2154,#2155);
#1923=AXIS2_PLACEMENT_3D('',#2880,#2160,#2161);
#1924=AXIS2_PLACEMENT_3D('',#3153,#2168,#2169);
#1925=AXIS2_PLACEMENT_3D('',#3352,#2173,#2174);
#1926=AXIS2_PLACEMENT_3D('',#3686,#2184,#2185);
#1927=AXIS2_PLACEMENT_3D('',#3839,#2192,#2193);
#1928=AXIS2_PLACEMENT_3D('',#4057,#2197,#2198);
#1929=AXIS2_PLACEMENT_3D('',#4263,#2204,#2205);
#1930=AXIS2_PLACEMENT_3D('',#4399,#2207,#2208);
#1931=AXIS2_PLACEMENT_3D('',#4410,#2211,#2212);
#1932=AXIS2_PLACEMENT_3D('',#4721,#2214,#2215);
#1933=AXIS2_PLACEMENT_3D('',#5025,#2218,#2219);
#1934=AXIS2_PLACEMENT_3D('',#5027,#2221,#2222);
#1935=AXIS2_PLACEMENT_3D('',#5028,#2223,#2224);
#1936=AXIS2_PLACEMENT_3D('',#5029,#2225,#2226);
#1937=AXIS2_PLACEMENT_3D('',#5031,#2228,#2229);
#1938=AXIS2_PLACEMENT_3D('',#5032,#2230,#2231);
#1939=DIRECTION('axis',(0.,0.,1.));
#1940=DIRECTION('refdir',(1.,0.,0.));
#1941=DIRECTION('center_axis',(-1.,0.,0.));
#1942=DIRECTION('ref_axis',(0.,0.,-1.));
#1943=DIRECTION('center_axis',(-1.,0.,0.));
#1944=DIRECTION('ref_axis',(0.,0.,-1.));
#1945=DIRECTION('',(-1.,0.,0.));
#1946=DIRECTION('center_axis',(-1.,0.,0.));
#1947=DIRECTION('ref_axis',(0.,0.,-1.));
#1948=DIRECTION('center_axis',(1.,0.,0.));
#1949=DIRECTION('ref_axis',(0.,0.,-1.));
#1950=DIRECTION('center_axis',(-1.,0.,0.));
#1951=DIRECTION('ref_axis',(0.,0.,-1.));
#1952=DIRECTION('center_axis',(-1.,0.,0.));
#1953=DIRECTION('ref_axis',(0.,0.,-1.));
#1954=DIRECTION('',(-1.,0.,0.));
#1955=DIRECTION('center_axis',(-1.,0.,0.));
#1956=DIRECTION('ref_axis',(0.,0.,-1.));
#1957=DIRECTION('center_axis',(1.,0.,0.));
#1958=DIRECTION('ref_axis',(0.,0.,-1.));
#1959=DIRECTION('center_axis',(-1.,0.,0.));
#1960=DIRECTION('ref_axis',(0.,0.,-1.));
#1961=DIRECTION('center_axis',(-1.,0.,0.));
#1962=DIRECTION('ref_axis',(0.,0.,-1.));
#1963=DIRECTION('',(-1.,0.,0.));
#1964=DIRECTION('center_axis',(-1.,0.,0.));
#1965=DIRECTION('ref_axis',(0.,0.,-1.));
#1966=DIRECTION('center_axis',(1.,0.,0.));
#1967=DIRECTION('ref_axis',(0.,0.,-1.));
#1968=DIRECTION('center_axis',(-1.,0.,0.));
#1969=DIRECTION('ref_axis',(0.,0.,-1.));
#1970=DIRECTION('center_axis',(-1.,0.,0.));
#1971=DIRECTION('ref_axis',(0.,0.,-1.));
#1972=DIRECTION('',(-1.,0.,0.));
#1973=DIRECTION('center_axis',(-1.,0.,0.));
#1974=DIRECTION('ref_axis',(0.,0.,-1.));
#1975=DIRECTION('center_axis',(1.,0.,0.));
#1976=DIRECTION('ref_axis',(0.,0.,-1.));
#1977=DIRECTION('center_axis',(0.,-1.,-4.93432455388959E-16));
#1978=DIRECTION('ref_axis',(1.,0.,0.));
#1979=DIRECTION('center_axis',(-0.707106781186548,-1.7080354225077E-16,
-0.707106781186548));
#1980=DIRECTION('ref_axis',(-3.71756871487018E-11,1.,3.71754455960158E-11));
#1981=DIRECTION('',(3.71756348122865E-11,-1.,-3.71753932596005E-11));
#1982=DIRECTION('',(0.707106781186547,5.25742412567827E-11,-0.707106781186547));
#1983=DIRECTION('',(-3.71756871487018E-11,1.,3.71754455960158E-11));
#1984=DIRECTION('',(0.707106781186547,5.25742412567827E-11,-0.707106781186547));
#1985=DIRECTION('center_axis',(3.7175646122088E-11,-1.,-3.71755588947292E-11));
#1986=DIRECTION('ref_axis',(-0.707106781186548,-6.16790569236198E-17,-0.707106781186548));
#1987=DIRECTION('',(0.707106781186548,6.16790569243378E-17,0.707106781186548));
#1988=DIRECTION('',(-0.707106781186548,-6.16790569243378E-17,-0.707106781186548));
#1989=DIRECTION('',(0.707106781186547,5.25742412567827E-11,-0.707106781186547));
#1990=DIRECTION('center_axis',(0.707106781186548,6.40513283484815E-17,0.707106781186548));
#1991=DIRECTION('ref_axis',(3.71756116634874E-11,-1.,-3.71755210812302E-11));
#1992=DIRECTION('',(-3.71755593270721E-11,1.,3.71754687448149E-11));
#1993=DIRECTION('',(3.71756116634874E-11,-1.,-3.71755210812302E-11));
#1994=DIRECTION('',(0.707106781186547,5.25742412567827E-11,-0.707106781186547));
#1995=DIRECTION('center_axis',(-3.71756025084086E-11,1.,3.71756025084086E-11));
#1996=DIRECTION('ref_axis',(0.707106781186548,0.,0.707106781186548));
#1997=DIRECTION('',(-0.707106781186548,0.,-0.707106781186548));
#1998=DIRECTION('',(0.707106781186548,0.,0.707106781186548));
#1999=DIRECTION('center_axis',(0.707106781186548,0.,-0.707106781186548));
#2000=DIRECTION('ref_axis',(3.67319680030266E-11,1.,3.67319680030266E-11));
#2001=DIRECTION('',(-3.67320988440648E-11,-1.,-3.67320988440648E-11));
#2002=DIRECTION('',(0.707106781186547,-5.19467802106987E-11,0.707106781186547));
#2003=DIRECTION('',(3.67319680030266E-11,1.,3.67319680030266E-11));
#2004=DIRECTION('',(0.707106781186547,-5.19467802106987E-11,0.707106781186547));
#2005=DIRECTION('center_axis',(-3.67319205477922E-11,-1.,-3.67319205477922E-11));
#2006=DIRECTION('ref_axis',(0.707106781186548,0.,-0.707106781186548));
#2007=DIRECTION('',(-0.707106781186548,0.,0.707106781186548));
#2008=DIRECTION('',(0.707106781186548,0.,-0.707106781186548));
#2009=DIRECTION('',(0.707106781186547,-5.19467802106987E-11,0.707106781186547));
#2010=DIRECTION('center_axis',(-0.707106781186548,0.,0.707106781186548));
#2011=DIRECTION('ref_axis',(-3.67319680030266E-11,-1.,-3.67319680030266E-11));
#2012=DIRECTION('',(3.67320988440648E-11,1.,3.67320988440648E-11));
#2013=DIRECTION('',(-3.67319680030266E-11,-1.,-3.67319680030266E-11));
#2014=DIRECTION('',(0.707106781186547,-5.19467802106987E-11,0.707106781186547));
#2015=DIRECTION('center_axis',(3.67319205477922E-11,1.,3.67319205477922E-11));
#2016=DIRECTION('ref_axis',(-0.707106781186548,0.,0.707106781186548));
#2017=DIRECTION('',(0.707106781186548,0.,-0.707106781186548));
#2018=DIRECTION('',(-0.707106781186548,0.,0.707106781186548));
#2019=DIRECTION('center_axis',(0.707106781186548,5.25741161378227E-11,-0.707106781186548));
#2020=DIRECTION('ref_axis',(3.71755140359435E-11,-1.,-3.71755140359435E-11));
#2021=DIRECTION('',(-3.71755140359435E-11,1.,3.71755140359435E-11));
#2022=DIRECTION('',(-0.707106781186547,0.,-0.707106781186547));
#2023=DIRECTION('',(3.71755140359435E-11,-1.,-3.71755140359435E-11));
#2024=DIRECTION('',(-0.707106781186547,0.,-0.707106781186547));
#2025=DIRECTION('center_axis',(-3.71756187087741E-11,1.,3.71756187087741E-11));
#2026=DIRECTION('ref_axis',(0.707106781186548,5.25742641675593E-11,-0.707106781186548));
#2027=DIRECTION('',(-0.707106781186548,-5.25742641675593E-11,0.707106781186548));
#2028=DIRECTION('',(0.707106781186547,5.25742641675592E-11,-0.707106781186547));
#2029=DIRECTION('',(-0.707106781186547,0.,-0.707106781186547));
#2030=DIRECTION('center_axis',(-0.707106781186548,-5.2574190152691E-11,
0.707106781186548));
#2031=DIRECTION('ref_axis',(-3.71755663723588E-11,1.,3.71755663723588E-11));
#2032=DIRECTION('',(3.71755663723588E-11,-1.,-3.71755663723588E-11));
#2033=DIRECTION('',(-3.71755663723588E-11,1.,3.71755663723588E-11));
#2034=DIRECTION('',(-0.707106781186547,0.,-0.707106781186547));
#2035=DIRECTION('center_axis',(3.71755345966781E-11,-1.,-3.71755345966781E-11));
#2036=DIRECTION('ref_axis',(-0.707106781186548,-5.25741452150923E-11,0.707106781186548));
#2037=DIRECTION('',(0.707106781186548,5.25741452150923E-11,-0.707106781186548));
#2038=DIRECTION('',(-0.707106781186547,-5.25741452150923E-11,0.707106781186547));
#2039=DIRECTION('center_axis',(-0.707106781186548,0.,-0.707106781186548));
#2040=DIRECTION('ref_axis',(-0.707106781186548,0.,0.707106781186548));
#2041=DIRECTION('center_axis',(-0.707106781186548,5.19468473225348E-11,
-0.707106781186548));
#2042=DIRECTION('ref_axis',(-3.67319680030266E-11,-1.,-3.67319680030266E-11));
#2043=DIRECTION('',(3.67319680030266E-11,1.,3.67319680030266E-11));
#2044=DIRECTION('',(-0.707106781186547,0.,0.707106781186547));
#2045=DIRECTION('',(-3.67319680030266E-11,-1.,-3.67319680030266E-11));
#2046=DIRECTION('',(-0.707106781186547,0.,0.707106781186547));
#2047=DIRECTION('center_axis',(3.67320988440648E-11,1.,3.67320988440648E-11));
#2048=DIRECTION('ref_axis',(-0.707106781186548,5.19470323597056E-11,-0.707106781186548));
#2049=DIRECTION('',(0.707106781186548,-5.19470323597056E-11,0.707106781186548));
#2050=DIRECTION('',(-0.707106781186547,5.19470323597056E-11,-0.707106781186547));
#2051=DIRECTION('',(-0.707106781186547,0.,0.707106781186547));
#2052=DIRECTION('center_axis',(0.707106781186548,-5.19470323597056E-11,
0.707106781186548));
#2053=DIRECTION('ref_axis',(3.67320988440649E-11,1.,3.67320988440648E-11));
#2054=DIRECTION('',(-3.67320988440648E-11,-1.,-3.67320988440648E-11));
#2055=DIRECTION('',(3.67320988440649E-11,1.,3.67320988440648E-11));
#2056=DIRECTION('',(-0.707106781186547,0.,0.707106781186547));
#2057=DIRECTION('center_axis',(-3.67320567880168E-11,-1.,-3.67320567880168E-11));
#2058=DIRECTION('ref_axis',(0.707106781186548,-5.19469728834721E-11,0.707106781186548));
#2059=DIRECTION('',(-0.707106781186548,5.19469728834721E-11,-0.707106781186548));
#2060=DIRECTION('',(0.707106781186547,-5.19469728834721E-11,0.707106781186547));
#2061=DIRECTION('center_axis',(-0.707106781186548,0.,0.707106781186548));
#2062=DIRECTION('ref_axis',(0.707106781186548,0.,0.707106781186548));
#2063=DIRECTION('center_axis',(1.,-3.56882578639854E-18,5.25664021085988E-34));
#2064=DIRECTION('ref_axis',(-3.56882578639854E-18,-1.,1.53134210293125E-16));
#2065=DIRECTION('',(-3.56882578639854E-18,-1.,1.53134210293125E-16));
#2066=DIRECTION('',(0.,-1.47293270265361E-16,-1.));
#2067=DIRECTION('',(-3.56882578639854E-18,-1.,1.53134210293125E-16));
#2068=DIRECTION('',(0.,-1.47293270265361E-16,-1.));
#2069=DIRECTION('center_axis',(1.25907451089446E-16,1.,-1.47293270265361E-16));
#2070=DIRECTION('ref_axis',(1.,-1.25907451089446E-16,1.92807380926026E-32));
#2071=DIRECTION('',(1.,-1.25907451089446E-16,1.92807380926026E-32));
#2072=DIRECTION('',(0.,-1.47293270265361E-16,-1.));
#2073=DIRECTION('',(1.,-1.25907451089446E-16,1.92807380926026E-32));
#2074=DIRECTION('center_axis',(-1.,-5.76004868651252E-17,8.48416407924125E-33));
#2075=DIRECTION('ref_axis',(-5.76004868651252E-17,1.,-1.53134210293125E-16));
#2076=DIRECTION('',(-5.76004868651252E-17,1.,-1.53134210293125E-16));
#2077=DIRECTION('',(0.,-1.47293270265361E-16,-1.));
#2078=DIRECTION('',(-5.76004868651252E-17,1.,-1.53134210293125E-16));
#2079=DIRECTION('center_axis',(-1.25907451089446E-16,-1.,1.47293270265361E-16));
#2080=DIRECTION('ref_axis',(-1.,1.25907451089446E-16,-1.92807380926026E-32));
#2081=DIRECTION('',(-1.,1.25907451089446E-16,-1.92807380926026E-32));
#2082=DIRECTION('',(-1.,1.25907451089446E-16,-1.92807380926026E-32));
#2083=DIRECTION('center_axis',(0.,-1.47293270265361E-16,-1.));
#2084=DIRECTION('ref_axis',(-1.,0.,0.));
#2085=DIRECTION('center_axis',(0.,-2.03399638099265E-16,1.));
#2086=DIRECTION('ref_axis',(0.,1.,2.03399638099265E-16));
#2087=DIRECTION('',(0.,1.,2.03399638099265E-16));
#2088=DIRECTION('',(-1.,0.,0.));
#2089=DIRECTION('',(0.,1.,2.03399638099265E-16));
#2090=DIRECTION('',(-1.,0.,0.));
#2091=DIRECTION('center_axis',(0.,-1.,-1.14546820001008E-16));
#2092=DIRECTION('ref_axis',(0.,-1.14546820001008E-16,1.));
#2093=DIRECTION('',(0.,-1.14546820001008E-16,1.));
#2094=DIRECTION('',(-1.,0.,0.));
#2095=DIRECTION('',(0.,-1.14546820001008E-16,1.));
#2096=DIRECTION('center_axis',(0.,-6.77998793664218E-17,-1.));
#2097=DIRECTION('ref_axis',(0.,-1.,6.77998793664218E-17));
#2098=DIRECTION('',(0.,-1.,6.77998793664218E-17));
#2099=DIRECTION('',(-1.,0.,0.));
#2100=DIRECTION('',(0.,-1.,6.77998793664218E-17));
#2101=DIRECTION('center_axis',(0.,1.,0.));
#2102=DIRECTION('ref_axis',(0.,0.,-1.));
#2103=DIRECTION('',(0.,0.,-1.));
#2104=DIRECTION('',(0.,0.,-1.));
#2105=DIRECTION('center_axis',(-1.,0.,0.));
#2106=DIRECTION('ref_axis',(0.,0.,1.));
#2107=DIRECTION('center_axis',(0.,-1.,-2.96059473233375E-16));
#2108=DIRECTION('ref_axis',(0.,2.96059473233375E-16,-1.));
#2109=DIRECTION('',(1.,0.,0.));
#2110=DIRECTION('',(0.,2.96059473233375E-16,-1.));
#2111=DIRECTION('',(1.,0.,0.));
#2112=DIRECTION('center_axis',(0.,-1.,-2.96059473233375E-16));
#2113=DIRECTION('ref_axis',(0.,2.96059473233375E-16,-1.));
#2114=DIRECTION('',(0.,-2.96059473233375E-16,1.));
#2115=DIRECTION('center_axis',(1.,0.,0.));
#2116=DIRECTION('ref_axis',(0.,-1.,0.));
#2117=DIRECTION('',(1.,0.,0.));
#2118=DIRECTION('center_axis',(1.,0.,0.));
#2119=DIRECTION('ref_axis',(0.,-1.,0.));
#2120=DIRECTION('center_axis',(0.,-1.53134210293125E-16,-1.));
#2121=DIRECTION('ref_axis',(0.,1.,-1.53134210293125E-16));
#2122=DIRECTION('',(0.,-1.,0.));
#2123=DIRECTION('',(1.,0.,0.));
#2124=DIRECTION('',(0.,1.,-1.53134210293125E-16));
#2125=DIRECTION('center_axis',(1.,0.,0.));
#2126=DIRECTION('ref_axis',(0.,-1.77635683940025E-15,-1.));
#2127=DIRECTION('',(1.,0.,0.));
#2128=DIRECTION('center_axis',(1.,0.,0.));
#2129=DIRECTION('ref_axis',(0.,-1.77635683940025E-15,-1.));
#2130=DIRECTION('center_axis',(0.,1.,4.93432455388959E-16));
#2131=DIRECTION('ref_axis',(0.,-4.93432455388959E-16,1.));
#2132=DIRECTION('center_axis',(0.,1.,4.93432455388959E-16));
#2133=DIRECTION('ref_axis',(1.,0.,0.));
#2134=DIRECTION('',(-1.,0.,0.));
#2135=DIRECTION('',(0.,-4.93432455388959E-16,1.));
#2136=DIRECTION('center_axis',(1.,0.,0.));
#2137=DIRECTION('ref_axis',(0.,0.,-1.));
#2138=DIRECTION('',(0.,1.,0.));
#2139=DIRECTION('',(0.,-1.,0.));
#2140=DIRECTION('center_axis',(1.,0.,0.));
#2141=DIRECTION('ref_axis',(0.,-1.11022302462516E-16,1.));
#2142=DIRECTION('center_axis',(1.,0.,0.));
#2143=DIRECTION('ref_axis',(0.,-1.11022302462516E-16,1.));
#2144=DIRECTION('',(1.,0.,0.));
#2145=DIRECTION('center_axis',(0.,1.53134210293125E-16,1.));
#2146=DIRECTION('ref_axis',(0.,-1.,1.53134210293125E-16));
#2147=DIRECTION('',(0.,1.,0.));
#2148=DIRECTION('',(0.,-1.,1.53134210293125E-16));
#2149=DIRECTION('',(1.,0.,0.));
#2150=DIRECTION('center_axis',(1.,0.,0.));
#2151=DIRECTION('ref_axis',(0.,1.,-7.10542735760103E-15));
#2152=DIRECTION('center_axis',(1.,0.,0.));
#2153=DIRECTION('ref_axis',(0.,1.,-7.10542735760103E-15));
#2154=DIRECTION('center_axis',(1.,0.,0.));
#2155=DIRECTION('ref_axis',(0.,0.,-1.));
#2156=DIRECTION('',(0.,1.,0.));
#2157=DIRECTION('',(0.,1.,0.));
#2158=DIRECTION('',(0.801239954042292,2.59152111158654E-15,0.598343159103792));
#2159=DIRECTION('',(0.709707290152061,-0.703353500117146,-0.040117529559767));
#2160=DIRECTION('center_axis',(-0.705979776853052,-0.707106781186547,0.0399068249114783));
#2161=DIRECTION('ref_axis',(0.0564367730210611,0.,0.998406175186717));
#2162=DIRECTION('',(-0.705979776853049,0.70710678118655,0.0399068249114778));
#2163=DIRECTION('',(-0.0564367730210611,0.,-0.998406175186717));
#2164=DIRECTION('',(0.705979776853052,-0.707106781186547,-0.0399068249114777));
#2165=DIRECTION('',(0.0564367730210611,0.,0.998406175186717));
#2166=DIRECTION('',(-0.695033453917225,0.705608738332617,0.13800292143482));
#2167=DIRECTION('',(0.579751745063653,3.55487405315358E-16,-0.814793172587773));
#2168=DIRECTION('center_axis',(0.,1.,0.));
#2169=DIRECTION('ref_axis',(0.,0.,1.));
#2170=DIRECTION('',(-0.0564367730210611,0.,0.998406175186717));
#2171=DIRECTION('',(0.579751745063659,-2.13292443189214E-15,0.814793172587769));
#2172=DIRECTION('',(0.695033453917226,-0.705608738332615,0.138002921434823));
#2173=DIRECTION('center_axis',(-0.705979776853052,-0.707106781186547,-0.0399068249114783));
#2174=DIRECTION('ref_axis',(-0.0564367730210611,0.,0.998406175186717));
#2175=DIRECTION('',(0.70597977685305,-0.707106781186549,0.039906824911484));
#2176=DIRECTION('',(-0.705979776853052,0.707106781186547,-0.0399068249114777));
#2177=DIRECTION('',(0.0564367730210611,0.,-0.998406175186717));
#2178=DIRECTION('',(0.801239954042287,-1.29576055579325E-15,-0.598343159103799));
#2179=DIRECTION('',(-0.70970729015206,0.703353500117146,-0.0401175295597608));
#2180=DIRECTION('',(0.,-1.,0.));
#2181=DIRECTION('',(0.,1.,0.));
#2182=DIRECTION('',(0.579751745063663,0.,-0.814793172587766));
#2183=DIRECTION('',(0.695033453917225,0.705608738332617,-0.138002921434823));
#2184=DIRECTION('center_axis',(-0.705979776853052,0.707106781186547,0.0399068249114783));
#2185=DIRECTION('ref_axis',(0.0564367730210611,0.,0.998406175186717));
#2186=DIRECTION('',(0.70597977685305,0.707106781186548,-0.039906824911484));
#2187=DIRECTION('',(-0.0564367730210611,0.,-0.998406175186717));
#2188=DIRECTION('',(-0.705979776853051,-0.707106781186548,0.0399068249114777));
#2189=DIRECTION('',(0.0564367730210611,0.,0.998406175186717));
#2190=DIRECTION('',(0.801239954042293,0.,0.598343159103791));
#2191=DIRECTION('',(-0.709707290152058,-0.703353500117149,0.040117529559761));
#2192=DIRECTION('center_axis',(0.,1.,0.));
#2193=DIRECTION('ref_axis',(0.,0.,1.));
#2194=DIRECTION('',(0.0564367730210611,0.,-0.998406175186717));
#2195=DIRECTION('',(0.801239954042297,0.,-0.598343159103785));
#2196=DIRECTION('',(0.70970729015206,0.703353500117147,0.0401175295597608));
#2197=DIRECTION('center_axis',(-0.705979776853052,0.707106781186547,-0.0399068249114783));
#2198=DIRECTION('ref_axis',(-0.0564367730210611,0.,0.998406175186717));
#2199=DIRECTION('',(-0.705979776853052,-0.707106781186547,-0.0399068249114839));
#2200=DIRECTION('',(-0.0564367730210611,0.,0.998406175186717));
#2201=DIRECTION('',(0.705979776853051,0.707106781186548,0.0399068249114777));
#2202=DIRECTION('',(-0.695033453917225,-0.705608738332619,-0.138002921434815));
#2203=DIRECTION('',(0.579751745063655,0.,0.814793172587772));
#2204=DIRECTION('center_axis',(0.998406175186717,0.,0.0564367730210611));
#2205=DIRECTION('ref_axis',(-0.0564367730210611,0.,0.998406175186717));
#2206=DIRECTION('',(-0.0564367730210611,0.,0.998406175186717));
#2207=DIRECTION('center_axis',(0.,-1.,0.));
#2208=DIRECTION('ref_axis',(0.,0.,-1.));
#2209=DIRECTION('',(-0.707106781186548,0.,0.707106781186548));
#2210=DIRECTION('',(-0.0564367730210611,0.,-0.998406175186717));
#2211=DIRECTION('center_axis',(-0.707106781186548,0.,-0.707106781186548));
#2212=DIRECTION('ref_axis',(-0.707106781186548,0.,0.707106781186548));
#2213=DIRECTION('',(0.707106781186547,0.,-0.707106781186547));
#2214=DIRECTION('center_axis',(-0.707106781186548,0.,0.707106781186548));
#2215=DIRECTION('ref_axis',(0.707106781186548,0.,0.707106781186548));
#2216=DIRECTION('',(-0.707106781186548,0.,-0.707106781186548));
#2217=DIRECTION('',(0.707106781186548,0.,0.707106781186548));
#2218=DIRECTION('center_axis',(0.,-1.,0.));
#2219=DIRECTION('ref_axis',(0.,0.,-1.));
#2220=DIRECTION('',(0.0564367730210611,0.,-0.998406175186717));
#2221=DIRECTION('center_axis',(0.998406175186717,0.,0.0564367730210611));
#2222=DIRECTION('ref_axis',(0.0564367730210611,0.,-0.998406175186717));
#2223=DIRECTION('center_axis',(0.998406175186717,0.,-0.0564367730210611));
#2224=DIRECTION('ref_axis',(-0.0564367730210611,0.,-0.998406175186717));
#2225=DIRECTION('center_axis',(0.998406175186717,0.,-0.0564367730210611));
#2226=DIRECTION('ref_axis',(0.0564367730210611,0.,0.998406175186717));
#2227=DIRECTION('',(0.0564367730210611,0.,0.998406175186717));
#2228=DIRECTION('center_axis',(0.,1.,0.));
#2229=DIRECTION('ref_axis',(0.,0.,1.));
#2230=DIRECTION('center_axis',(0.,1.,0.));
#2231=DIRECTION('ref_axis',(0.,0.,1.));
#2232=CARTESIAN_POINT('',(0.,0.,0.));
#2233=CARTESIAN_POINT('Origin',(119.7,2.,27.));
#2234=CARTESIAN_POINT('',(119.7,2.,28.1));
#2235=CARTESIAN_POINT('Origin',(119.7,2.,27.));
#2236=CARTESIAN_POINT('',(116.7,2.,28.1));
#2237=CARTESIAN_POINT('',(119.7,2.,28.1));
#2238=CARTESIAN_POINT('Origin',(116.7,2.,27.));
#2239=CARTESIAN_POINT('Origin',(116.7,2.,27.));
#2240=CARTESIAN_POINT('Origin',(119.7,55.5,-22.));
#2241=CARTESIAN_POINT('',(119.7,55.5,-20.9));
#2242=CARTESIAN_POINT('Origin',(119.7,55.5,-22.));
#2243=CARTESIAN_POINT('',(116.7,55.5,-20.9));
#2244=CARTESIAN_POINT('',(119.7,55.5,-20.9));
#2245=CARTESIAN_POINT('Origin',(116.7,55.5,-22.));
#2246=CARTESIAN_POINT('Origin',(116.7,55.5,-22.));
#2247=CARTESIAN_POINT('Origin',(119.7,2.,-22.));
#2248=CARTESIAN_POINT('',(119.7,2.,-20.9));
#2249=CARTESIAN_POINT('Origin',(119.7,2.,-22.));
#2250=CARTESIAN_POINT('',(116.7,2.,-20.9));
#2251=CARTESIAN_POINT('',(119.7,2.,-20.9));
#2252=CARTESIAN_POINT('Origin',(116.7,2.,-22.));
#2253=CARTESIAN_POINT('Origin',(116.7,2.,-22.));
#2254=CARTESIAN_POINT('Origin',(119.7,55.5,27.));
#2255=CARTESIAN_POINT('',(119.7,55.5,28.1));
#2256=CARTESIAN_POINT('Origin',(119.7,55.5,27.));
#2257=CARTESIAN_POINT('',(116.7,55.5,28.1));
#2258=CARTESIAN_POINT('',(119.7,55.5,28.1));
#2259=CARTESIAN_POINT('Origin',(116.7,55.5,27.));
#2260=CARTESIAN_POINT('Origin',(116.7,55.5,27.));
#2261=CARTESIAN_POINT('Ctrl Pts',(94.1274140323044,63.,10.47995984995));
#2262=CARTESIAN_POINT('Ctrl Pts',(94.1274140271538,63.,10.4799558499533));
#2263=CARTESIAN_POINT('Ctrl Pts',(94.1539277871708,63.,10.3217179181432));
#2264=CARTESIAN_POINT('Ctrl Pts',(94.2240741837299,63.,9.88950090641802));
#2265=CARTESIAN_POINT('Ctrl Pts',(94.3528965469348,63.,9.05375554701577));
#2266=CARTESIAN_POINT('Ctrl Pts',(94.5935598098369,63.,7.28813118967378));
#2267=CARTESIAN_POINT('Ctrl Pts',(94.8498114657156,63.,4.71231322053142));
#2268=CARTESIAN_POINT('Ctrl Pts',(95.0590337768542,63.,0.527947531100005));
#2269=CARTESIAN_POINT('Ctrl Pts',(94.9530030431804,63.,-3.68194489416096));
#2270=CARTESIAN_POINT('Ctrl Pts',(94.5928837000255,63.,-7.29260196929873));
#2271=CARTESIAN_POINT('Ctrl Pts',(94.3531841075388,63.,-9.05190576957935));
#2272=CARTESIAN_POINT('Ctrl Pts',(94.2240299237944,63.,-9.88982264312546));
#2273=CARTESIAN_POINT('Ctrl Pts',(94.1541699917841,63.,-10.3202384373919));
#2274=CARTESIAN_POINT('Ctrl Pts',(94.1274140271538,63.,-10.4799558499533));
#2275=CARTESIAN_POINT('Ctrl Pts',(94.1274140323044,63.,-10.47995984995));
#2276=CARTESIAN_POINT('Ctrl Pts',(94.1091798755642,63.,10.5889488055888));
#2277=CARTESIAN_POINT('Ctrl Pts',(94.1091798755642,62.955622089143,10.5889488055888));
#2278=CARTESIAN_POINT('Ctrl Pts',(94.1181093361604,62.8803685560551,10.4265805439231));
#2279=CARTESIAN_POINT('Ctrl Pts',(94.1420749466495,62.793190623433,9.98380199442044));
#2280=CARTESIAN_POINT('Ctrl Pts',(94.1872387596437,62.703945771424,9.12968472134349));
#2281=CARTESIAN_POINT('Ctrl Pts',(94.2763678735482,62.6306462726007,7.33370673464314));
#2282=CARTESIAN_POINT('Ctrl Pts',(94.3806279982184,62.6241163102583,4.73286337973682));
#2283=CARTESIAN_POINT('Ctrl Pts',(94.4736332381739,62.6482557245031,0.528139533802328));
#2284=CARTESIAN_POINT('Ctrl Pts',(94.4236468108661,62.6259237061798,-3.69253554718368));
#2285=CARTESIAN_POINT('Ctrl Pts',(94.2756821278773,62.6294636306378,-7.33822020104652));
#2286=CARTESIAN_POINT('Ctrl Pts',(94.1873907719655,62.7037075071291,-9.12780397744219));
#2287=CARTESIAN_POINT('Ctrl Pts',(94.1420415189355,62.7929140883641,-9.98412765903035));
#2288=CARTESIAN_POINT('Ctrl Pts',(94.1181937076878,62.8797218896555,-10.4250649392115));
#2289=CARTESIAN_POINT('Ctrl Pts',(94.1091798755642,62.9555804139528,-10.5889488055888));
#2290=CARTESIAN_POINT('Ctrl Pts',(94.1091798755642,63.,-10.5889488055888));
#2291=CARTESIAN_POINT('Ctrl Pts',(94.1,63.,10.6994551028781));
#2292=CARTESIAN_POINT('Ctrl Pts',(94.1,62.9106277703388,10.6994551028781));
#2293=CARTESIAN_POINT('Ctrl Pts',(94.1000206939984,62.7582198058622,10.5343884798199));
#2294=CARTESIAN_POINT('Ctrl Pts',(94.0999793043756,62.5739909464397,10.0844477029481));
#2295=CARTESIAN_POINT('Ctrl Pts',(94.0998868519068,62.3694738835562,9.2171038602472));
#2296=CARTESIAN_POINT('Ctrl Pts',(94.0993474407412,62.1511294707226,7.39608143183577));
#2297=CARTESIAN_POINT('Ctrl Pts',(94.0981822392948,62.0323131108576,4.76706141901645));
#2298=CARTESIAN_POINT('Ctrl Pts',(94.0964723319544,61.9775610300543,0.530377841555477));
#2299=CARTESIAN_POINT('Ctrl Pts',(94.0974168746033,61.9906802843165,-3.71538409923359));
#2300=CARTESIAN_POINT('Ctrl Pts',(94.0992652186636,62.1495877129911,-7.40066508474092));
#2301=CARTESIAN_POINT('Ctrl Pts',(94.0998612074348,62.3687780295612,-9.2151924225074));
#2302=CARTESIAN_POINT('Ctrl Pts',(94.0999729883919,62.573471390273,-10.0847778903632));
#2303=CARTESIAN_POINT('Ctrl Pts',(94.1000171437544,62.7568846304838,-10.5328480438924));
#2304=CARTESIAN_POINT('Ctrl Pts',(94.1,62.9105438410911,-10.6994551028781));
#2305=CARTESIAN_POINT('Ctrl Pts',(94.1,63.,-10.6994551028781));
#2306=CARTESIAN_POINT('Ctrl Pts',(94.1,63.,10.8099627888658));
#2307=CARTESIAN_POINT('Ctrl Pts',(94.1,62.8656328078232,10.8099627888658));
#2308=CARTESIAN_POINT('Ctrl Pts',(94.1,62.6360765081202,10.6422002609622));
#2309=CARTESIAN_POINT('Ctrl Pts',(94.1,62.3547578272504,10.1851188632559));
#2310=CARTESIAN_POINT('Ctrl Pts',(94.1,62.034765741918,9.3046199123269));
#2311=CARTESIAN_POINT('Ctrl Pts',(94.1,61.6699616170907,7.458771813431));
#2312=CARTESIAN_POINT('Ctrl Pts',(94.1,61.4345011842791,4.80172024037064));
#2313=CARTESIAN_POINT('Ctrl Pts',(94.1,61.2937754572746,0.532727656703749));
#2314=CARTESIAN_POINT('Ctrl Pts',(94.1,61.3470894061324,-3.73875391452331));
#2315=CARTESIAN_POINT('Ctrl Pts',(94.1,61.6681795456924,-7.4634265117929));
#2316=CARTESIAN_POINT('Ctrl Pts',(94.1,62.0335768609717,-9.3026781454309));
#2317=CARTESIAN_POINT('Ctrl Pts',(94.1,62.3539979065937,-10.1854536043512));
#2318=CARTESIAN_POINT('Ctrl Pts',(94.1,62.6340498412018,-10.6406350859589));
#2319=CARTESIAN_POINT('Ctrl Pts',(94.1,62.8655066239134,-10.8099627888657));
#2320=CARTESIAN_POINT('Ctrl Pts',(94.1,63.,-10.8099627888657));
#2321=CARTESIAN_POINT('',(94.1274140271538,63.,-10.4799558499533));
#2322=CARTESIAN_POINT('',(94.1,62.6699594049073,-10.6425357165975));
#2323=CARTESIAN_POINT('Ctrl Pts',(94.1,62.6699594051758,-10.6425357167357));
#2324=CARTESIAN_POINT('Ctrl Pts',(94.1,62.7472509680113,-10.6425357167357));
#2325=CARTESIAN_POINT('Ctrl Pts',(94.1023074401323,62.8132211541153,-10.6289721530871));
#2326=CARTESIAN_POINT('Ctrl Pts',(94.1087376830342,62.9044246487572,-10.5910049880138));
#2327=CARTESIAN_POINT('Ctrl Pts',(94.112115434825,62.9347108229546,-10.5710201792989));
#2328=CARTESIAN_POINT('Ctrl Pts',(94.1173638066453,62.9676395559456,-10.5398606889838));
#2329=CARTESIAN_POINT('Ctrl Pts',(94.1192778367245,62.977533419801,-10.5284820614772));
#2330=CARTESIAN_POINT('Ctrl Pts',(94.1222925030566,62.9890322509606,-10.5105254327983));
#2331=CARTESIAN_POINT('Ctrl Pts',(94.1233036223098,62.9923307309623,-10.5044979838785));
#2332=CARTESIAN_POINT('Ctrl Pts',(94.1248330174998,62.9962002011572,-10.4953724741986));
#2333=CARTESIAN_POINT('Ctrl Pts',(94.1253498079409,62.9973343118332,-10.4922875998508));
#2334=CARTESIAN_POINT('Ctrl Pts',(94.126119383868,62.9986706571531,-10.4876916638874));
#2335=CARTESIAN_POINT('Ctrl Pts',(94.1263803441961,62.9990661285157,-10.4861328552531));
#2336=CARTESIAN_POINT('Ctrl Pts',(94.1267662744118,62.9995330648275,-10.4838270322687));
#2337=CARTESIAN_POINT('Ctrl Pts',(94.1268973699363,62.9996718745427,-10.4830436861597));
#2338=CARTESIAN_POINT('Ctrl Pts',(94.1270906068664,62.999835881927,-10.4818888904188));
#2339=CARTESIAN_POINT('Ctrl Pts',(94.1271563073794,62.9998847391931,-10.4814962379724));
#2340=CARTESIAN_POINT('Ctrl Pts',(94.1272529869543,62.9999424491178,-10.4809184096378));
#2341=CARTESIAN_POINT('Ctrl Pts',(94.1272858766613,62.9999596538238,-10.4807218309631));
#2342=CARTESIAN_POINT('Ctrl Pts',(94.1273342235991,62.9999799471418,-10.4804328577187));
#2343=CARTESIAN_POINT('Ctrl Pts',(94.1273506786264,62.9999859960154,-10.4803345034017));
#2344=CARTESIAN_POINT('Ctrl Pts',(94.1273748419219,62.9999931069683,-10.4801900735012));
#2345=CARTESIAN_POINT('Ctrl Pts',(94.1273830693285,62.999995223649,-10.4801408959401));
#2346=CARTESIAN_POINT('Ctrl Pts',(94.1273951280898,62.9999976940094,-10.480068816769));
#2347=CARTESIAN_POINT('Ctrl Pts',(94.1273992337102,62.9999984266226,-10.4800442760424));
#2348=CARTESIAN_POINT('Ctrl Pts',(94.1274052224526,62.9999992682235,-10.4800084791127));
#2349=CARTESIAN_POINT('Ctrl Pts',(94.1274072552633,62.9999995153624,-10.4799963282297));
#2350=CARTESIAN_POINT('Ctrl Pts',(94.1274101807204,62.9999997894586,-10.4799788416291));
#2351=CARTESIAN_POINT('Ctrl Pts',(94.1274111595248,62.9999998679132,-10.4799729909277));
#2352=CARTESIAN_POINT('Ctrl Pts',(94.1274127443771,62.999999961947,-10.47996351763));
#2353=CARTESIAN_POINT('Ctrl Pts',(94.127414668547,63.,-10.4799520160843));
#2354=CARTESIAN_POINT('Ctrl Pts',(94.1274140271538,63.,-10.4799558499533));
#2355=CARTESIAN_POINT('',(94.1,62.6699594038833,10.6425357160705));
#2356=CARTESIAN_POINT('Ctrl Pts',(94.1,62.6721758084105,-10.6420304932768));
#2357=CARTESIAN_POINT('Ctrl Pts',(94.1,62.6670199594226,-10.636760102482));
#2358=CARTESIAN_POINT('Ctrl Pts',(94.1,62.5678234089765,-10.5329941743399));
#2359=CARTESIAN_POINT('Ctrl Pts',(94.1,62.3539979065937,-10.1854536043512));
#2360=CARTESIAN_POINT('Ctrl Pts',(94.1,62.0335768609717,-9.3026781454309));
#2361=CARTESIAN_POINT('Ctrl Pts',(94.1,61.6681795456924,-7.4634265117929));
#2362=CARTESIAN_POINT('Ctrl Pts',(94.1,61.3470894061324,-3.73875391452331));
#2363=CARTESIAN_POINT('Ctrl Pts',(94.1,61.2937754572746,0.532727656703749));
#2364=CARTESIAN_POINT('Ctrl Pts',(94.1,61.4345011842791,4.80172024037064));
#2365=CARTESIAN_POINT('Ctrl Pts',(94.1,61.6699616170907,7.458771813431));
#2366=CARTESIAN_POINT('Ctrl Pts',(94.1,62.034765741918,9.3046199123269));
#2367=CARTESIAN_POINT('Ctrl Pts',(94.1,62.3547578272504,10.1851188632559));
#2368=CARTESIAN_POINT('Ctrl Pts',(94.1,62.5696087091187,10.534204608572));
#2369=CARTESIAN_POINT('Ctrl Pts',(94.1,62.6685322108901,10.6378406029625));
#2370=CARTESIAN_POINT('Ctrl Pts',(94.1,62.6737480223823,10.6431779507366));
#2371=CARTESIAN_POINT('',(94.1274140271538,63.,10.4799558499533));
#2372=CARTESIAN_POINT('Ctrl Pts',(94.1274140271538,63.,10.4799558499533));
#2373=CARTESIAN_POINT('Ctrl Pts',(94.1274126357998,62.9999999554624,10.4799641666401));
#2374=CARTESIAN_POINT('Ctrl Pts',(94.1274111628641,62.9999998681321,10.479972970967));
#2375=CARTESIAN_POINT('Ctrl Pts',(94.1274101856101,62.9999997899043,10.4799788124014));
#2376=CARTESIAN_POINT('Ctrl Pts',(94.1274072585776,62.9999995157447,10.4799963084189));
#2377=CARTESIAN_POINT('Ctrl Pts',(94.127405225754,62.9999992686289,10.4800084593793));
#2378=CARTESIAN_POINT('Ctrl Pts',(94.1273992384867,62.9999984274056,10.4800442474919));
#2379=CARTESIAN_POINT('Ctrl Pts',(94.1273951332786,62.9999976949736,10.4800687857542));
#2380=CARTESIAN_POINT('Ctrl Pts',(94.1273830752963,62.99999522507,10.480140860269));
#2381=CARTESIAN_POINT('Ctrl Pts',(94.1273748482965,62.99999310867,10.4801900353987));
#2382=CARTESIAN_POINT('Ctrl Pts',(94.1273506860748,62.9999859985514,10.4803344588814));
#2383=CARTESIAN_POINT('Ctrl Pts',(94.1273342315875,62.9999799501935,10.4804328099711));
#2384=CARTESIAN_POINT('Ctrl Pts',(94.1272858858703,62.9999596582919,10.4807217759209));
#2385=CARTESIAN_POINT('Ctrl Pts',(94.127252996802,62.9999424544693,10.4809183507799));
#2386=CARTESIAN_POINT('Ctrl Pts',(94.1271563186811,62.9998847469937,10.4814961704277));
#2387=CARTESIAN_POINT('Ctrl Pts',(94.1270906188832,62.999835891211,10.4818888186026));
#2388=CARTESIAN_POINT('Ctrl Pts',(94.1268973835138,62.9996718878977,10.4830436050254));
#2389=CARTESIAN_POINT('Ctrl Pts',(94.1267662886784,62.9995330805414,10.4838269470232));
#2390=CARTESIAN_POINT('Ctrl Pts',(94.1263803596111,62.9990661502783,10.486132763166));
#2391=CARTESIAN_POINT('Ctrl Pts',(94.1261193995415,62.9986706819422,10.4876915702703));
#2392=CARTESIAN_POINT('Ctrl Pts',(94.1253498231256,62.9973343431318,10.492287509196));
#2393=CARTESIAN_POINT('Ctrl Pts',(94.1248330316689,62.9962002339098,10.495372389633));
#2394=CARTESIAN_POINT('Ctrl Pts',(94.1233036335021,62.9923307656999,10.5044979171444));
#2395=CARTESIAN_POINT('Ctrl Pts',(94.1222925120291,62.9890322824186,10.5105253793314));
#2396=CARTESIAN_POINT('Ctrl Pts',(94.1192778421437,62.9775334464608,10.5284820292479));
#2397=CARTESIAN_POINT('Ctrl Pts',(94.1173638105138,62.9676395780391,10.5398606660018));
#2398=CARTESIAN_POINT('Ctrl Pts',(94.1121154409644,62.9347108659901,10.5710201428809));
#2399=CARTESIAN_POINT('Ctrl Pts',(94.1087376920857,62.9044247337723,10.5910049344788));
#2400=CARTESIAN_POINT('Ctrl Pts',(94.1023074443323,62.8132212732142,10.6289721284127));
#2401=CARTESIAN_POINT('Ctrl Pts',(94.1,62.7472510383195,10.6425357167357));
#2402=CARTESIAN_POINT('Ctrl Pts',(94.1,62.6699594051757,10.6425357167357));
#2403=CARTESIAN_POINT('Origin',(0.,63.,0.));
#2404=CARTESIAN_POINT('Origin',(-70.5885356843048,11.0000000001577,64.2458236761284));
#2405=CARTESIAN_POINT('',(-65.6387882169655,37.0000000005257,59.2960762087891));
#2406=CARTESIAN_POINT('',(-65.6387882159989,11.0000000005257,59.2960762078226));
#2407=CARTESIAN_POINT('',(-65.6387882165194,25.0000000005257,59.296076208343));
#2408=CARTESIAN_POINT('',(-70.5885356852713,37.0000000001577,64.245823677095));
#2409=CARTESIAN_POINT('',(-70.5885356852713,37.0000000001577,64.245823677095));
#2410=CARTESIAN_POINT('',(-70.5885356843048,11.0000000001577,64.2458236761284));
#2411=CARTESIAN_POINT('',(-70.5885356842676,10.0000000001577,64.2458236760912));
#2412=CARTESIAN_POINT('',(-70.5885356843048,11.0000000001577,64.2458236761284));
#2413=CARTESIAN_POINT('Origin',(-64.2245746536258,11.0000000001577,70.6097847068073));
#2414=CARTESIAN_POINT('',(-59.27482718532,11.0000000005257,65.6600372385015));
#2415=CARTESIAN_POINT('',(-58.9212737947267,11.0000000005257,66.0135906290948));
#2416=CARTESIAN_POINT('',(-64.2245746536258,11.0000000001577,70.6097847068073));
#2417=CARTESIAN_POINT('',(-63.8710212630325,11.0000000001577,70.9633380974006));
#2418=CARTESIAN_POINT('',(-64.2245746536258,11.0000000001577,70.6097847068073));
#2419=CARTESIAN_POINT('Origin',(-64.2245746545924,37.0000000001577,70.6097847077739));
#2420=CARTESIAN_POINT('',(-59.2748271862866,37.0000000005257,65.6600372394681));
#2421=CARTESIAN_POINT('',(-59.2748271863237,38.0000000005257,65.6600372395052));
#2422=CARTESIAN_POINT('',(-64.2245746545924,37.0000000001577,70.6097847077739));
#2423=CARTESIAN_POINT('',(-64.2245746540719,23.0000000001577,70.6097847072534));
#2424=CARTESIAN_POINT('',(-64.2245746545924,37.0000000001577,70.6097847077739));
#2425=CARTESIAN_POINT('Origin',(-70.5885356852713,37.0000000001577,64.245823677095));
#2426=CARTESIAN_POINT('',(-62.1032543110327,37.0000000005257,62.8316101147219));
#2427=CARTESIAN_POINT('',(-67.0530017793386,37.0000000001577,67.7813575830277));
#2428=CARTESIAN_POINT('Origin',(-63.517467873794,10.9999999997922,-69.9026779269755));
#2429=CARTESIAN_POINT('',(-58.5677204045331,36.9999999994286,-64.9529304577146));
#2430=CARTESIAN_POINT('',(-58.5677204054882,10.9999999994286,-64.9529304586697));
#2431=CARTESIAN_POINT('',(-58.5677204055249,9.99999999942859,-64.9529304587064));
#2432=CARTESIAN_POINT('',(-63.517467872839,36.9999999997922,-69.9026779260205));
#2433=CARTESIAN_POINT('',(-63.517467872839,36.9999999997922,-69.9026779260205));
#2434=CARTESIAN_POINT('',(-63.517467873794,10.9999999997922,-69.9026779269755));
#2435=CARTESIAN_POINT('',(-63.5174678732797,24.9999999997922,-69.9026779264613));
#2436=CARTESIAN_POINT('',(-63.517467873794,10.9999999997922,-69.9026779269755));
#2437=CARTESIAN_POINT('Origin',(-69.8814289044729,10.9999999997922,-63.5387168962966));
#2438=CARTESIAN_POINT('',(-64.9316814361671,10.9999999994286,-58.5889694279907));
#2439=CARTESIAN_POINT('',(-61.3961475302344,10.9999999994286,-62.1245033339235));
#2440=CARTESIAN_POINT('',(-69.8814289044729,10.9999999997922,-63.5387168962966));
#2441=CARTESIAN_POINT('',(-66.3458949985402,10.9999999997922,-67.0742508022293));
#2442=CARTESIAN_POINT('',(-69.8814289044729,10.9999999997922,-63.5387168962966));
#2443=CARTESIAN_POINT('Origin',(-69.8814289035179,36.9999999997922,-63.5387168953415));
#2444=CARTESIAN_POINT('',(-64.9316814352121,36.9999999994286,-58.5889694270357));
#2445=CARTESIAN_POINT('',(-64.9316814357263,22.9999999994286,-58.5889694275499));
#2446=CARTESIAN_POINT('',(-69.8814289035179,36.9999999997922,-63.5387168953415));
#2447=CARTESIAN_POINT('',(-69.8814289034812,37.9999999997922,-63.5387168953048));
#2448=CARTESIAN_POINT('',(-69.8814289035179,36.9999999997922,-63.5387168953415));
#2449=CARTESIAN_POINT('Origin',(-63.517467872839,36.9999999997922,-69.9026779260205));
#2450=CARTESIAN_POINT('',(-58.2141670139398,36.9999999994286,-65.3064838483079));
#2451=CARTESIAN_POINT('',(-63.1639144822457,36.9999999997922,-70.2562313166137));
#2452=CARTESIAN_POINT('Origin',(-58.5677204051744,39.0000000005257,66.367144020729));
#2453=CARTESIAN_POINT('',(-58.5677204040591,9.00000000052573,66.3671440196137));
#2454=CARTESIAN_POINT('',(-58.5677204051744,39.0000000005257,66.367144020729));
#2455=CARTESIAN_POINT('',(-58.5677204044494,19.5000000001394,66.367144020004));
#2456=CARTESIAN_POINT('',(-67.0530017782977,9.00000000052573,57.8818626453751));
#2457=CARTESIAN_POINT('',(-58.5677204040591,9.00000000052573,66.3671440196137));
#2458=CARTESIAN_POINT('',(-67.0530017794129,39.0000000005257,57.8818626464904));
#2459=CARTESIAN_POINT('',(-67.0530017794129,39.0000000005257,57.8818626464904));
#2460=CARTESIAN_POINT('',(-58.5677204051744,39.0000000005257,66.367144020729));
#2461=CARTESIAN_POINT('Origin',(-63.5174678734802,39.0000000001577,71.3168914890348));
#2462=CARTESIAN_POINT('',(-63.5174678734802,39.0000000001577,71.3168914890348));
#2463=CARTESIAN_POINT('',(-59.3824861194816,39.0000000004652,67.1819097350362));
#2464=CARTESIAN_POINT('',(-72.0027492477188,39.0000000001577,62.8316101147962));
#2465=CARTESIAN_POINT('',(-72.0027492477188,39.0000000001577,62.8316101147962));
#2466=CARTESIAN_POINT('',(-63.5174678734802,39.0000000001577,71.3168914890348));
#2467=CARTESIAN_POINT('Origin',(-63.5174678723649,9.00000000015771,71.3168914879195));
#2468=CARTESIAN_POINT('',(-63.5174678723649,9.00000000015771,71.3168914879195));
#2469=CARTESIAN_POINT('',(-63.5174678721976,4.49999999977142,71.3168914877522));
#2470=CARTESIAN_POINT('',(-72.0027492466035,9.00000000015771,62.831610113681));
#2471=CARTESIAN_POINT('',(-72.0027492466035,9.00000000015771,62.831610113681));
#2472=CARTESIAN_POINT('',(-63.5174678723649,9.00000000015771,71.3168914879195));
#2473=CARTESIAN_POINT('Origin',(-58.5677204040591,9.00000000052573,66.3671440196137));
#2474=CARTESIAN_POINT('',(-56.9076123842134,9.00000000064916,64.707035999768));
#2475=CARTESIAN_POINT('',(-67.0530017782977,9.00000000052573,57.8818626453751));
#2476=CARTESIAN_POINT('Origin',(-69.5278755130082,24.0000000003417,60.3567363800857));
#2477=CARTESIAN_POINT('Origin',(-62.810361091579,38.9999999997922,-70.6097847071335));
#2478=CARTESIAN_POINT('',(-62.8103610926809,8.99999999979222,-70.6097847082355));
#2479=CARTESIAN_POINT('',(-62.810361091579,38.9999999997922,-70.6097847071335));
#2480=CARTESIAN_POINT('',(-62.8103610922952,19.4999999997922,-70.6097847078498));
#2481=CARTESIAN_POINT('',(-71.2956424669195,8.99999999979222,-62.1245033339969));
#2482=CARTESIAN_POINT('',(-62.8103610926809,8.99999999979222,-70.6097847082355));
#2483=CARTESIAN_POINT('',(-71.2956424658175,38.9999999997922,-62.124503332895));
#2484=CARTESIAN_POINT('',(-71.2956424658175,38.9999999997922,-62.124503332895));
#2485=CARTESIAN_POINT('',(-62.810361091579,38.9999999997922,-70.6097847071335));
#2486=CARTESIAN_POINT('Origin',(-57.8606136232731,38.9999999994286,-65.6600372388277));
#2487=CARTESIAN_POINT('',(-57.8606136232731,38.9999999994286,-65.6600372388277));
#2488=CARTESIAN_POINT('',(-61.7497009188766,38.9999999997143,-69.5491245344312));
#2489=CARTESIAN_POINT('',(-66.3458949975117,38.9999999994286,-57.1747558645891));
#2490=CARTESIAN_POINT('',(-66.3458949975117,38.9999999994286,-57.1747558645891));
#2491=CARTESIAN_POINT('',(-57.8606136232731,38.9999999994286,-65.6600372388277));
#2492=CARTESIAN_POINT('Origin',(-57.8606136243751,8.99999999942859,-65.6600372399297));
#2493=CARTESIAN_POINT('',(-57.8606136243751,8.99999999942859,-65.6600372399297));
#2494=CARTESIAN_POINT('',(-57.8606136245404,4.49999999942858,-65.660037240095));
#2495=CARTESIAN_POINT('',(-66.3458949986136,8.99999999942859,-57.1747558656911));
#2496=CARTESIAN_POINT('',(-66.3458949986136,8.99999999942859,-57.1747558656911));
#2497=CARTESIAN_POINT('',(-57.8606136243751,8.99999999942859,-65.6600372399297));
#2498=CARTESIAN_POINT('Origin',(-62.8103610926809,8.99999999979222,-70.6097847082355));
#2499=CARTESIAN_POINT('',(-64.2245746541315,8.99999999989611,-72.023998269686));
#2500=CARTESIAN_POINT('',(-71.2956424669195,8.99999999979222,-62.1245033339969));
#2501=CARTESIAN_POINT('Origin',(-68.8207687322156,23.9999999996104,-59.649629599293));
#2502=CARTESIAN_POINT('Origin',(105.137802786369,49.2999999999999,49.9999999999999));
#2503=CARTESIAN_POINT('',(105.137802786369,49.2999999999999,49.9999999999999));
#2504=CARTESIAN_POINT('',(105.137802786369,12.9999999999999,49.9999999999999));
#2505=CARTESIAN_POINT('',(105.137802786369,53.6499999999999,49.9999999999999));
#2506=CARTESIAN_POINT('',(105.137802786369,49.2999999999999,-10.3000000000001));
#2507=CARTESIAN_POINT('',(105.137802786369,49.2999999999999,49.9999999999999));
#2508=CARTESIAN_POINT('',(105.137802786369,12.9999999999999,-10.3000000000001));
#2509=CARTESIAN_POINT('',(105.137802786369,12.9999999999999,-10.3000000000001));
#2510=CARTESIAN_POINT('',(105.137802786369,12.9999999999999,49.9999999999999));
#2511=CARTESIAN_POINT('Origin',(97.8378027863693,49.2999999999999,49.9999999999999));
#2512=CARTESIAN_POINT('',(97.8378027863693,49.2999999999999,49.9999999999999));
#2513=CARTESIAN_POINT('',(105.418901393185,49.2999999999999,49.9999999999999));
#2514=CARTESIAN_POINT('',(97.8378027863693,49.2999999999999,-10.3000000000001));
#2515=CARTESIAN_POINT('',(97.8378027863693,49.2999999999999,49.9999999999999));
#2516=CARTESIAN_POINT('',(105.137802786369,49.2999999999999,-10.3000000000001));
#2517=CARTESIAN_POINT('Origin',(97.8378027863693,12.9999999999999,49.9999999999999));
#2518=CARTESIAN_POINT('',(97.8378027863693,12.9999999999999,49.9999999999999));
#2519=CARTESIAN_POINT('',(97.8378027863693,35.4999999999999,49.9999999999999));
#2520=CARTESIAN_POINT('',(97.8378027863693,12.9999999999999,-10.3000000000001));
#2521=CARTESIAN_POINT('',(97.8378027863693,12.9999999999999,49.9999999999999));
#2522=CARTESIAN_POINT('',(97.8378027863693,49.2999999999999,-10.3000000000001));
#2523=CARTESIAN_POINT('Origin',(105.137802786369,12.9999999999999,49.9999999999999));
#2524=CARTESIAN_POINT('',(109.068901393185,12.9999999999999,49.9999999999999));
#2525=CARTESIAN_POINT('',(97.8378027863693,12.9999999999999,-10.3000000000001));
#2526=CARTESIAN_POINT('Origin',(101.487802786369,31.1499999999999,-10.3000000000001));
#2527=CARTESIAN_POINT('Origin',(125.,-4.00621914214113,34.));
#2528=CARTESIAN_POINT('',(125.,-4.00621914214112,34.));
#2529=CARTESIAN_POINT('',(125.,61.4937808578589,34.));
#2530=CARTESIAN_POINT('',(125.,12.4968904289294,34.));
#2531=CARTESIAN_POINT('',(119.7,-4.00621914214113,34.));
#2532=CARTESIAN_POINT('',(125.,-4.00621914214112,34.));
#2533=CARTESIAN_POINT('',(119.7,61.4937808578589,34.));
#2534=CARTESIAN_POINT('',(119.7,61.4937808578589,34.));
#2535=CARTESIAN_POINT('',(125.,61.4937808578589,34.));
#2536=CARTESIAN_POINT('Origin',(125.,-4.00621914214112,-29.));
#2537=CARTESIAN_POINT('',(125.,-4.00621914214112,-29.));
#2538=CARTESIAN_POINT('',(125.,-4.00621914214112,-14.5));
#2539=CARTESIAN_POINT('',(119.7,-4.00621914214112,-29.));
#2540=CARTESIAN_POINT('',(125.,-4.00621914214112,-29.));
#2541=CARTESIAN_POINT('',(119.7,-4.00621914214112,34.));
#2542=CARTESIAN_POINT('Origin',(125.,61.4937808578589,-29.));
#2543=CARTESIAN_POINT('',(125.,61.4937808578589,-29.));
#2544=CARTESIAN_POINT('',(125.,45.2468904289294,-29.));
#2545=CARTESIAN_POINT('',(119.7,61.4937808578589,-29.));
#2546=CARTESIAN_POINT('',(125.,61.4937808578589,-29.));
#2547=CARTESIAN_POINT('',(119.7,-4.00621914214112,-29.));
#2548=CARTESIAN_POINT('Origin',(125.,61.4937808578589,34.));
#2549=CARTESIAN_POINT('',(125.,61.4937808578589,17.));
#2550=CARTESIAN_POINT('',(119.7,61.4937808578589,-29.));
#2551=CARTESIAN_POINT('Origin',(119.7,28.7437808578589,2.49999999999996));
#2552=CARTESIAN_POINT('Origin',(113.,-5.00000000000006,44.9999999999999));
#2553=CARTESIAN_POINT('',(98.028129802361,-5.00000000000003,-45.));
#2554=CARTESIAN_POINT('',(98.028129802361,-5.00000000000006,44.9999999999999));
#2555=CARTESIAN_POINT('Ctrl Pts',(98.0286756378918,-5.,-45.0003945511856));
#2556=CARTESIAN_POINT('Ctrl Pts',(99.1278412157673,-5.,-43.4797719223102));
#2557=CARTESIAN_POINT('Ctrl Pts',(104.701866176822,-5.,-35.2228777136094));
#2558=CARTESIAN_POINT('Ctrl Pts',(110.454535555892,-5.,-22.2281572263825));
#2559=CARTESIAN_POINT('Ctrl Pts',(113.207140263554,-5.,-6.12245522677699));
#2560=CARTESIAN_POINT('Ctrl Pts',(113.208528162055,-5.,6.12348235781663));
#2561=CARTESIAN_POINT('Ctrl Pts',(110.795192225653,-5.,20.2119774010931));
#2562=CARTESIAN_POINT('Ctrl Pts',(105.61376818416,-5.,33.3734898474494));
#2563=CARTESIAN_POINT('Ctrl Pts',(100.309195270265,-5.,41.8414980230439));
#2564=CARTESIAN_POINT('Ctrl Pts',(98.0273921462441,-5.,44.9994670014008));
#2565=CARTESIAN_POINT('',(125.,-5.00000000000003,-45.));
#2566=CARTESIAN_POINT('',(113.,-5.00000000000003,-45.));
#2567=CARTESIAN_POINT('',(125.,-5.00000000000005,44.9999999999999));
#2568=CARTESIAN_POINT('',(125.,-5.00000000000006,44.9999999999999));
#2569=CARTESIAN_POINT('',(113.,-5.00000000000006,44.9999999999999));
#2570=CARTESIAN_POINT('Origin',(113.,-5.00000000000006,44.9999999999999));
#2571=CARTESIAN_POINT('',(94.1,-5.00000000000005,10.6425357167356));
#2572=CARTESIAN_POINT('',(94.1,-5.00000000000004,-10.6425357167357));
#2573=CARTESIAN_POINT('Ctrl Pts',(94.0995939080289,-5.,10.6424669210418));
#2574=CARTESIAN_POINT('Ctrl Pts',(94.9677599515657,-5.,5.51779940502977));
#2575=CARTESIAN_POINT('Ctrl Pts',(95.3047686055887,-5.,-1.65401882698231));
#2576=CARTESIAN_POINT('Ctrl Pts',(94.4251681681822,-5.,-8.73596243346067));
#2577=CARTESIAN_POINT('Ctrl Pts',(94.1004227342815,-5.,-10.6426077180778));
#2578=CARTESIAN_POINT('',(94.1,-5.00000000000006,44.9999999999999));
#2579=CARTESIAN_POINT('Origin',(113.,-2.66453525910038E-14,-45.));
#2580=CARTESIAN_POINT('',(94.1378027863692,-2.41473507855972E-14,-50.));
#2581=CARTESIAN_POINT('Ctrl Pts',(94.1378027863692,-2.66453525910038E-14,
-50.));
#2582=CARTESIAN_POINT('Ctrl Pts',(94.1378027863692,-0.625132597182674,-50.));
#2583=CARTESIAN_POINT('Ctrl Pts',(94.2424752338521,-1.2755351670955,-49.8753456670725));
#2584=CARTESIAN_POINT('Ctrl Pts',(94.6297404128765,-2.44379478109153,-49.4072501302528));
#2585=CARTESIAN_POINT('Ctrl Pts',(94.9105423399446,-2.96272242776323,-49.0650024219368));
#2586=CARTESIAN_POINT('Ctrl Pts',(95.5903918997889,-3.88901943570929,-48.2204283647088));
#2587=CARTESIAN_POINT('Ctrl Pts',(96.0596480392712,-4.31159978265448,-47.6268605160179));
#2588=CARTESIAN_POINT('Ctrl Pts',(97.0441289730475,-4.86732458168788,-46.3414322546435));
#2589=CARTESIAN_POINT('Ctrl Pts',(97.5591056278414,-5.00000000000003,-45.6491791064252));
#2590=CARTESIAN_POINT('Ctrl Pts',(98.028129802361,-5.00000000000003,-45.));
#2591=CARTESIAN_POINT('',(125.,-2.66453525910038E-14,-50.));
#2592=CARTESIAN_POINT('',(113.,-2.41473507855972E-14,-50.));
#2593=CARTESIAN_POINT('Origin',(125.,-2.66453525910038E-14,-45.));
#2594=CARTESIAN_POINT('Origin',(113.,-2.41473507855972E-14,-50.));
#2595=CARTESIAN_POINT('',(94.1378027863692,58.,-50.));
#2596=CARTESIAN_POINT('',(94.1378027863692,0.,-50.));
#2597=CARTESIAN_POINT('',(125.,58.,-50.));
#2598=CARTESIAN_POINT('',(113.,58.,-50.));
#2599=CARTESIAN_POINT('',(125.,-2.41473507855972E-14,-50.));
#2600=CARTESIAN_POINT('Origin',(113.,58.,-45.));
#2601=CARTESIAN_POINT('',(98.028129802361,63.,-45.));
#2602=CARTESIAN_POINT('Ctrl Pts',(98.028129802361,63.,-45.));
#2603=CARTESIAN_POINT('Ctrl Pts',(97.5591056278414,63.,-45.6491791064252));
#2604=CARTESIAN_POINT('Ctrl Pts',(97.0441289730475,62.8673245816878,-46.3414322546435));
#2605=CARTESIAN_POINT('Ctrl Pts',(96.0596480392712,62.3115997826544,-47.6268605160179));
#2606=CARTESIAN_POINT('Ctrl Pts',(95.5903918997889,61.8890194357093,-48.2204283647089));
#2607=CARTESIAN_POINT('Ctrl Pts',(94.9105423399446,60.9627224277632,-49.0650024219368));
#2608=CARTESIAN_POINT('Ctrl Pts',(94.6297404128765,60.4437947810915,-49.4072501302528));
#2609=CARTESIAN_POINT('Ctrl Pts',(94.2424752338521,59.2755351670955,-49.8753456670725));
#2610=CARTESIAN_POINT('Ctrl Pts',(94.1378027863692,58.6251325971826,-50.));
#2611=CARTESIAN_POINT('Ctrl Pts',(94.1378027863692,58.,-50.));
#2612=CARTESIAN_POINT('',(125.,63.,-45.));
#2613=CARTESIAN_POINT('',(113.,63.,-45.));
#2614=CARTESIAN_POINT('Origin',(125.,58.,-45.));
#2615=CARTESIAN_POINT('Origin',(113.,63.,-45.));
#2616=CARTESIAN_POINT('',(98.028129802361,62.9999999999999,44.9999999999999));
#2617=CARTESIAN_POINT('Origin',(0.,63.,0.));
#2618=CARTESIAN_POINT('',(125.,62.9999999999999,44.9999999999999));
#2619=CARTESIAN_POINT('',(113.,62.9999999999999,44.9999999999999));
#2620=CARTESIAN_POINT('',(125.,63.,-45.));
#2621=CARTESIAN_POINT('Origin',(94.1,29.,-4.44089209850063E-14));
#2622=CARTESIAN_POINT('',(94.1,0.,-10.6425357167357));
#2623=CARTESIAN_POINT('',(94.1,0.,10.6425357167357));
#2624=CARTESIAN_POINT('Origin',(113.,-5.77315972805081E-14,44.9999999999999));
#2625=CARTESIAN_POINT('',(94.1378027863693,-5.82867087928207E-14,49.9999999999999));
#2626=CARTESIAN_POINT('Ctrl Pts',(98.028129802361,-5.00000000000005,45.));
#2627=CARTESIAN_POINT('Ctrl Pts',(97.5591056278414,-5.00000000000005,45.6491791064251));
#2628=CARTESIAN_POINT('Ctrl Pts',(97.0441289730475,-4.8673245816879,46.3414322546434));
#2629=CARTESIAN_POINT('Ctrl Pts',(96.0596480392713,-4.31159978265452,47.6268605160178));
#2630=CARTESIAN_POINT('Ctrl Pts',(95.590391899789,-3.88901943570932,48.2204283647087));
#2631=CARTESIAN_POINT('Ctrl Pts',(94.9105423399447,-2.96272242776326,49.0650024219367));
#2632=CARTESIAN_POINT('Ctrl Pts',(94.6297404128765,-2.44379478109156,49.4072501302527));
#2633=CARTESIAN_POINT('Ctrl Pts',(94.2424752338522,-1.27553516709553,49.8753456670724));
#2634=CARTESIAN_POINT('Ctrl Pts',(94.1378027863693,-0.625132597182704,49.9999999999999));
#2635=CARTESIAN_POINT('Ctrl Pts',(94.1378027863693,-5.73846525853128E-14,
49.9999999999999));
#2636=CARTESIAN_POINT('',(125.,-6.21724893790088E-14,49.9999999999999));
#2637=CARTESIAN_POINT('Origin',(125.,-5.77315972805081E-14,44.9999999999999));
#2638=CARTESIAN_POINT('',(113.,-5.82867087928207E-14,49.9999999999999));
#2639=CARTESIAN_POINT('Origin',(113.,57.9999999999999,49.9999999999999));
#2640=CARTESIAN_POINT('',(94.1378027863693,57.9999999999999,49.9999999999999));
#2641=CARTESIAN_POINT('',(94.1378027863693,0.,49.9999999999999));
#2642=CARTESIAN_POINT('',(125.,57.9999999999999,49.9999999999999));
#2643=CARTESIAN_POINT('',(125.,57.9999999999999,49.9999999999999));
#2644=CARTESIAN_POINT('',(113.,57.9999999999999,49.9999999999999));
#2645=CARTESIAN_POINT('Origin',(113.,58.,45.));
#2646=CARTESIAN_POINT('Ctrl Pts',(94.1378027863693,58.,49.9999999999999));
#2647=CARTESIAN_POINT('Ctrl Pts',(94.1378027863693,58.6696655788759,49.9999999999999));
#2648=CARTESIAN_POINT('Ctrl Pts',(94.2575498488465,59.3603387151518,49.8574519493756));
#2649=CARTESIAN_POINT('Ctrl Pts',(94.6927973917868,60.5866811185856,49.3306400414613));
#2650=CARTESIAN_POINT('Ctrl Pts',(95.0063370679584,61.1235397749685,48.9475280368968));
#2651=CARTESIAN_POINT('Ctrl Pts',(95.70961137501,62.0012577912096,48.0698100206558));
#2652=CARTESIAN_POINT('Ctrl Pts',(96.1597751151187,62.3818323801327,47.497776525531));
#2653=CARTESIAN_POINT('Ctrl Pts',(97.0974981889541,62.8812848673715,46.2698034482703));
#2654=CARTESIAN_POINT('Ctrl Pts',(97.5848066732712,62.9999999999999,45.6136061389478));
#2655=CARTESIAN_POINT('Ctrl Pts',(98.028129802361,62.9999999999999,45.));
#2656=CARTESIAN_POINT('Origin',(125.,58.,45.));
#2657=CARTESIAN_POINT('Origin',(125.,29.,-4.44089209850063E-14));
#2658=CARTESIAN_POINT('Ctrl Pts',(-55.2475043640347,-5.00000000000005,63.0469279795869));
#2659=CARTESIAN_POINT('Ctrl Pts',(13.9811815520584,-5.00000000000005,103.419927564697));
#2660=CARTESIAN_POINT('Ctrl Pts',(70.7613127359255,-5.00000000000005,51.7099637823487));
#2661=CARTESIAN_POINT('Ctrl Pts',(127.541443919793,-5.00000000000005,0.));
#2662=CARTESIAN_POINT('Ctrl Pts',(70.7613127359263,-5.00000000000005,-51.709963782348));
#2663=CARTESIAN_POINT('Ctrl Pts',(13.98118155206,-5.00000000000005,-103.419927564697));
#2664=CARTESIAN_POINT('Ctrl Pts',(-55.2475043640337,-5.00000000000005,-63.0469279795874));
#2665=CARTESIAN_POINT('Ctrl Pts',(-55.2475043640347,64.,63.0469279795869));
#2666=CARTESIAN_POINT('Ctrl Pts',(13.9811815520584,64.,103.419927564697));
#2667=CARTESIAN_POINT('Ctrl Pts',(70.7613127359255,64.,51.7099637823487));
#2668=CARTESIAN_POINT('Ctrl Pts',(127.541443919793,64.,0.));
#2669=CARTESIAN_POINT('Ctrl Pts',(70.7613127359263,64.,-51.709963782348));
#2670=CARTESIAN_POINT('Ctrl Pts',(13.98118155206,64.,-103.419927564697));
#2671=CARTESIAN_POINT('Ctrl Pts',(-55.2475043640337,64.,-63.0469279795874));
#2672=CARTESIAN_POINT('',(32.2749952573913,-5.,72.8903429160763));
#2673=CARTESIAN_POINT('Ctrl Pts',(32.2749971519278,-5.,72.8903493456797));
#2674=CARTESIAN_POINT('Ctrl Pts',(41.6421626711451,-5.,70.1302355562054));
#2675=CARTESIAN_POINT('Ctrl Pts',(59.8268225628701,-5.,62.0353479155488));
#2676=CARTESIAN_POINT('Ctrl Pts',(78.4291162489205,-5.,45.444041184986));
#2677=CARTESIAN_POINT('Ctrl Pts',(88.8674452902949,-5.,28.6113895353646));
#2678=CARTESIAN_POINT('Ctrl Pts',(92.6465104504181,-5.,18.0617273057168));
#2679=CARTESIAN_POINT('Ctrl Pts',(93.8773837099115,-5.,11.9541438663637));
#2680=CARTESIAN_POINT('Ctrl Pts',(94.0995939080289,-5.,10.6424669210418));
#2681=CARTESIAN_POINT('',(32.2749952573913,10.0000000000319,72.8903429160763));
#2682=CARTESIAN_POINT('Ctrl Pts',(32.2749952573913,10.,72.8903429160763));
#2683=CARTESIAN_POINT('Ctrl Pts',(32.2749952573913,5.,72.8903429160763));
#2684=CARTESIAN_POINT('Ctrl Pts',(32.2749952573913,-2.22044604925031E-15,
72.8903429160763));
#2685=CARTESIAN_POINT('Ctrl Pts',(32.2749952573913,-5.,72.8903429160763));
#2686=CARTESIAN_POINT('',(30.3514985322356,10.,73.4382118314562));
#2687=CARTESIAN_POINT('Ctrl Pts',(32.2749952573913,10.,72.8903429160763));
#2688=CARTESIAN_POINT('Ctrl Pts',(31.6355359280405,10.,73.0787795405702));
#2689=CARTESIAN_POINT('Ctrl Pts',(30.9943399276092,10.,73.2614197395354));
#2690=CARTESIAN_POINT('Ctrl Pts',(30.3515137117784,10.,73.4382670079274));
#2691=CARTESIAN_POINT('',(-55.2475043640348,10.,63.0469279795871));
#2692=CARTESIAN_POINT('Ctrl Pts',(-55.2475044412461,10.,63.0469281119835));
#2693=CARTESIAN_POINT('Ctrl Pts',(-47.9898363485989,10.,67.2794791174048));
#2694=CARTESIAN_POINT('Ctrl Pts',(-32.1142240308758,9.99999999999999,73.9789567020212));
#2695=CARTESIAN_POINT('Ctrl Pts',(-2.82695993060428,10.,78.9100812419495));
#2696=CARTESIAN_POINT('Ctrl Pts',(18.4283768809952,10.,76.7184290910228));
#2697=CARTESIAN_POINT('Ctrl Pts',(30.3515137117785,10.,73.4382670079274));
#2698=CARTESIAN_POINT('',(-55.2475043640332,49.,63.0469279795877));
#2699=CARTESIAN_POINT('',(-55.2475043640332,0.,63.0469279795877));
#2700=CARTESIAN_POINT('',(30.3514985322355,49.,73.4382118314562));
#2701=CARTESIAN_POINT('Ctrl Pts',(30.3515048657885,49.,73.4382348563124));
#2702=CARTESIAN_POINT('Ctrl Pts',(22.6167387484485,49.,75.5658725487621));
#2703=CARTESIAN_POINT('Ctrl Pts',(6.00963056529728,49.,78.2488500491523));
#2704=CARTESIAN_POINT('Ctrl Pts',(-19.5498625093322,49.,76.8486234091865));
#2705=CARTESIAN_POINT('Ctrl Pts',(-40.310263676293,49.,70.8303108210627));
#2706=CARTESIAN_POINT('Ctrl Pts',(-51.7285100787159,49.,65.0990702678862));
#2707=CARTESIAN_POINT('Ctrl Pts',(-55.2475014480078,49.,63.046922979231));
#2708=CARTESIAN_POINT('',(32.2749952573913,48.9999999999681,72.8903429160763));
#2709=CARTESIAN_POINT('Ctrl Pts',(30.3515048657885,49.,73.4382348563124));
#2710=CARTESIAN_POINT('Ctrl Pts',(30.9943450505449,49.,73.2614058499068));
#2711=CARTESIAN_POINT('Ctrl Pts',(31.6355447487937,49.,73.0787769412603));
#2712=CARTESIAN_POINT('Ctrl Pts',(32.2749952573913,49.,72.8903429160763));
#2713=CARTESIAN_POINT('',(32.2749952573914,64.,72.8903429160763));
#2714=CARTESIAN_POINT('Ctrl Pts',(32.2749952573913,64.,72.8903429160763));
#2715=CARTESIAN_POINT('Ctrl Pts',(32.2749952573913,59.,72.8903429160763));
#2716=CARTESIAN_POINT('Ctrl Pts',(32.2749952573913,54.,72.8903429160763));
#2717=CARTESIAN_POINT('Ctrl Pts',(32.2749952573913,49.,72.8903429160763));
#2718=CARTESIAN_POINT('',(32.2749952573913,64.,-72.8903429160763));
#2719=CARTESIAN_POINT('Ctrl Pts',(32.2749970228753,64.,-72.8903489076746));
#2720=CARTESIAN_POINT('Ctrl Pts',(41.6421557390984,64.,-70.1302226015409));
#2721=CARTESIAN_POINT('Ctrl Pts',(59.8264956201214,64.,-62.0347406524528));
#2722=CARTESIAN_POINT('Ctrl Pts',(79.6806372760581,64.,-44.3291630070373));
#2723=CARTESIAN_POINT('Ctrl Pts',(89.6099554171805,64.,-27.1103344856293));
#2724=CARTESIAN_POINT('Ctrl Pts',(93.5479057521013,64.,-14.6082844217457));
#2725=CARTESIAN_POINT('Ctrl Pts',(95.574130950376,64.0000000000001,-1.67323997755351));
#2726=CARTESIAN_POINT('Ctrl Pts',(94.4124248834738,63.9999999999999,13.1315544378868));
#2727=CARTESIAN_POINT('Ctrl Pts',(88.867509110642,64.0000000000001,28.6114820646641));
#2728=CARTESIAN_POINT('Ctrl Pts',(78.4288898980333,64.,45.4441759320851));
#2729=CARTESIAN_POINT('Ctrl Pts',(59.8270834976967,64.,62.0350922874208));
#2730=CARTESIAN_POINT('Ctrl Pts',(41.6421680922665,64.,70.1302301827395));
#2731=CARTESIAN_POINT('Ctrl Pts',(32.274997119276,64.,72.8903492348588));
#2732=CARTESIAN_POINT('',(32.2749952573913,48.9999999999681,-72.8903429160763));
#2733=CARTESIAN_POINT('Ctrl Pts',(32.2749952573913,49.,-72.8903429160763));
#2734=CARTESIAN_POINT('Ctrl Pts',(32.2749952573913,54.,-72.8903429160763));
#2735=CARTESIAN_POINT('Ctrl Pts',(32.2749952573913,59.,-72.8903429160763));
#2736=CARTESIAN_POINT('Ctrl Pts',(32.2749952573913,64.,-72.8903429160763));
#2737=CARTESIAN_POINT('',(30.3514985322354,49.,-73.4382118314562));
#2738=CARTESIAN_POINT('Ctrl Pts',(32.2749952573913,49.,-72.8903429160763));
#2739=CARTESIAN_POINT('Ctrl Pts',(31.6355358465874,49.,-73.0787795645729));
#2740=CARTESIAN_POINT('Ctrl Pts',(30.9943398626176,49.,-73.2614198163103));
#2741=CARTESIAN_POINT('Ctrl Pts',(30.3515137544283,49.,-73.4382671629238));
#2742=CARTESIAN_POINT('',(-55.2475043640337,49.,-63.0469279795875));
#2743=CARTESIAN_POINT('Ctrl Pts',(-55.2475043874632,49.,-63.0469280197628));
#2744=CARTESIAN_POINT('Ctrl Pts',(-47.9898877715786,49.,-67.2794463401775));
#2745=CARTESIAN_POINT('Ctrl Pts',(-32.1141476565462,49.,-73.9789456202968));
#2746=CARTESIAN_POINT('Ctrl Pts',(-2.82691048787554,49.,-78.9101007922776));
#2747=CARTESIAN_POINT('Ctrl Pts',(18.4283755914802,49.,-76.7184316126266));
#2748=CARTESIAN_POINT('Ctrl Pts',(30.3515137544283,49.,-73.4382671629238));
#2749=CARTESIAN_POINT('',(-55.2475043640332,10.,-63.0469279795877));
#2750=CARTESIAN_POINT('',(-55.2475043640332,0.,-63.0469279795877));
#2751=CARTESIAN_POINT('',(30.3514985322354,10.,-73.4382118314562));
#2752=CARTESIAN_POINT('Ctrl Pts',(30.3515049219719,10.,-73.4382350605426));
#2753=CARTESIAN_POINT('Ctrl Pts',(22.6167387866488,10.,-75.5658744293542));
#2754=CARTESIAN_POINT('Ctrl Pts',(6.00966607025884,10.,-78.2488630329186));
#2755=CARTESIAN_POINT('Ctrl Pts',(-19.549951631532,10.,-76.8485762079034));
#2756=CARTESIAN_POINT('Ctrl Pts',(-40.3098694983843,10.,-70.8304690657437));
#2757=CARTESIAN_POINT('Ctrl Pts',(-51.7285204888614,10.,-65.0990609052628));
#2758=CARTESIAN_POINT('Ctrl Pts',(-55.247501320021,10.,-63.0469227597538));
#2759=CARTESIAN_POINT('',(32.2749952573913,10.0000000000319,-72.8903429160763));
#2760=CARTESIAN_POINT('Ctrl Pts',(30.3515049219719,10.,-73.4382350605426));
#2761=CARTESIAN_POINT('Ctrl Pts',(30.9943449615709,10.,-73.261405955154));
#2762=CARTESIAN_POINT('Ctrl Pts',(31.6355446326373,10.,-73.0787769754894));
#2763=CARTESIAN_POINT('Ctrl Pts',(32.2749952573913,10.,-72.8903429160763));
#2764=CARTESIAN_POINT('',(32.2749952573913,-5.,-72.8903429160763));
#2765=CARTESIAN_POINT('Ctrl Pts',(32.2749952573913,-5.,-72.8903429160763));
#2766=CARTESIAN_POINT('Ctrl Pts',(32.2749952573913,2.77555756156289E-15,
-72.8903429160763));
#2767=CARTESIAN_POINT('Ctrl Pts',(32.2749952573913,5.,-72.8903429160763));
#2768=CARTESIAN_POINT('Ctrl Pts',(32.2749952573913,10.,-72.8903429160763));
#2769=CARTESIAN_POINT('Ctrl Pts',(94.1004227342815,-5.,-10.6426077180778));
#2770=CARTESIAN_POINT('Ctrl Pts',(93.8770986228293,-5.,-11.9537881677211));
#2771=CARTESIAN_POINT('Ctrl Pts',(93.2889416405468,-5.,-14.8592627741329));
#2772=CARTESIAN_POINT('Ctrl Pts',(92.0712527567156,-5.,-19.2969112918901));
#2773=CARTESIAN_POINT('Ctrl Pts',(88.7820410556143,-5.00000000000001,-28.5447537082705));
#2774=CARTESIAN_POINT('Ctrl Pts',(79.6811488265072,-4.99999999999999,-44.3294170182289));
#2775=CARTESIAN_POINT('Ctrl Pts',(59.8260795019758,-5.00000000000001,-62.0347982383062));
#2776=CARTESIAN_POINT('Ctrl Pts',(41.6421470458796,-5.,-70.130223725662));
#2777=CARTESIAN_POINT('Ctrl Pts',(32.2749970106453,-5.,-72.8903488661661));
#2778=CARTESIAN_POINT('Ctrl Pts',(33.0475444833264,10.00000000001,86.2365278685412));
#2779=CARTESIAN_POINT('Ctrl Pts',(33.0475444833264,5.00000000000667,86.2365278685412));
#2780=CARTESIAN_POINT('Ctrl Pts',(33.0475444833264,3.33510996597397E-12,
86.2365278685412));
#2781=CARTESIAN_POINT('Ctrl Pts',(33.0475444833264,-5.,86.2365278685412));
#2782=CARTESIAN_POINT('Ctrl Pts',(32.3610325801432,10.00000000001,85.7238603476061));
#2783=CARTESIAN_POINT('Ctrl Pts',(32.3610325801432,5.00000000000667,85.7238603476061));
#2784=CARTESIAN_POINT('Ctrl Pts',(32.3610325801432,3.33177929690009E-12,
85.7238603476061));
#2785=CARTESIAN_POINT('Ctrl Pts',(32.3610325801432,-5.00000000000001,85.7238603476061));
#2786=CARTESIAN_POINT('Ctrl Pts',(31.67452067696,10.00000000001,85.2111928266711));
#2787=CARTESIAN_POINT('Ctrl Pts',(31.67452067696,5.00000000000667,85.2111928266711));
#2788=CARTESIAN_POINT('Ctrl Pts',(31.67452067696,3.33510996597397E-12,85.2111928266711));
#2789=CARTESIAN_POINT('Ctrl Pts',(31.67452067696,-5.00000000000001,85.2111928266711));
#2790=CARTESIAN_POINT('Ctrl Pts',(30.9880087737768,10.00000000001,84.698525305736));
#2791=CARTESIAN_POINT('Ctrl Pts',(30.9880087737768,5.00000000000667,84.698525305736));
#2792=CARTESIAN_POINT('Ctrl Pts',(30.9880087737768,3.33177929690009E-12,
84.698525305736));
#2793=CARTESIAN_POINT('Ctrl Pts',(30.9880087737768,-5.00000000000001,84.698525305736));
#2794=CARTESIAN_POINT('',(33.0475444833264,10.00000000001,86.2365278685412));
#2795=CARTESIAN_POINT('',(30.9880087737768,7.18179376132464,84.698525305736));
#2796=CARTESIAN_POINT('Ctrl Pts',(30.9880087737768,7.18179376132464,84.698525305736));
#2797=CARTESIAN_POINT('Ctrl Pts',(31.2771200188289,7.28227134012076,84.9144253427026));
#2798=CARTESIAN_POINT('Ctrl Pts',(31.5576855814663,7.42572378454285,85.1239437076299));
#2799=CARTESIAN_POINT('Ctrl Pts',(32.0579066367999,7.79049673791851,85.4974945334325));
#2800=CARTESIAN_POINT('Ctrl Pts',(32.280954603086,8.00649283781068,85.664060396886));
#2801=CARTESIAN_POINT('Ctrl Pts',(32.6555117257404,8.51224373410449,85.9437689796934));
#2802=CARTESIAN_POINT('Ctrl Pts',(32.8065827830243,8.79770741553694,86.0565845391373));
#2803=CARTESIAN_POINT('Ctrl Pts',(32.9992384559599,9.39609168859026,86.2004543042208));
#2804=CARTESIAN_POINT('Ctrl Pts',(33.0475444833264,9.69496759972104,86.2365278685412));
#2805=CARTESIAN_POINT('Ctrl Pts',(33.0475444833264,10.,86.2365278685412));
#2806=CARTESIAN_POINT('',(30.9880087737768,-5.00000000000001,84.698525305736));
#2807=CARTESIAN_POINT('Ctrl Pts',(30.9880087737768,7.18179376132465,84.698525305736));
#2808=CARTESIAN_POINT('Ctrl Pts',(30.9880087737768,3.1211958408831,84.698525305736));
#2809=CARTESIAN_POINT('Ctrl Pts',(30.9880087737768,-0.939402079558454,84.698525305736));
#2810=CARTESIAN_POINT('Ctrl Pts',(30.9880087737768,-5.00000000000001,84.698525305736));
#2811=CARTESIAN_POINT('',(33.0475444833264,-5.,86.2365278685412));
#2812=CARTESIAN_POINT('',(30.9880087737768,-5.00000000000001,84.698525305736));
#2813=CARTESIAN_POINT('Ctrl Pts',(33.0475444833264,-5.,86.2365278685412));
#2814=CARTESIAN_POINT('Ctrl Pts',(33.0475444833264,3.33510996597397E-12,
86.2365278685412));
#2815=CARTESIAN_POINT('Ctrl Pts',(33.0475444833264,5.00000000000667,86.2365278685412));
#2816=CARTESIAN_POINT('Ctrl Pts',(33.0475444833264,10.00000000001,86.2365278685412));
#2817=CARTESIAN_POINT('Ctrl Pts',(33.0475444833264,-5.,86.2365278685412));
#2818=CARTESIAN_POINT('Ctrl Pts',(33.0475444833264,-5.34012630402385,86.2365278685412));
#2819=CARTESIAN_POINT('Ctrl Pts',(33.0455799510231,-5.67691103811531,86.1778585626466));
#2820=CARTESIAN_POINT('Ctrl Pts',(33.0329797111935,-6.65509519301806,85.8258780069915));
#2821=CARTESIAN_POINT('Ctrl Pts',(33.0153717487733,-7.23751382092858,85.3488371464152));
#2822=CARTESIAN_POINT('Ctrl Pts',(32.976761975646,-7.70067765548869,84.5252928893854));
#2823=CARTESIAN_POINT('Ctrl Pts',(32.9677599301441,-7.78239775820483,84.3407566872101));
#2824=CARTESIAN_POINT('Ctrl Pts',(32.9479980381413,-7.90945728495005,83.9532293537168));
#2825=CARTESIAN_POINT('Ctrl Pts',(32.9372813945735,-7.95443442242245,83.7512028007119));
#2826=CARTESIAN_POINT('Ctrl Pts',(32.9258097402517,-7.97882458450818,83.543685250169));
#2827=CARTESIAN_POINT('Ctrl Pts',(32.3610325801432,-5.,85.7238603476061));
#2828=CARTESIAN_POINT('Ctrl Pts',(32.3610398493905,-5.26849742751745,85.7238233564842));
#2829=CARTESIAN_POINT('Ctrl Pts',(32.3592634587152,-5.53392673044559,85.6767441325503));
#2830=CARTESIAN_POINT('Ctrl Pts',(32.3481530871232,-6.30454746346969,85.3937502450243));
#2831=CARTESIAN_POINT('Ctrl Pts',(32.3327148525718,-6.75989320243334,85.0104674315453));
#2832=CARTESIAN_POINT('Ctrl Pts',(32.3010051340152,-7.11407330311656,84.355913769021));
#2833=CARTESIAN_POINT('Ctrl Pts',(32.2936909139559,-7.17590991311561,84.2096329826174));
#2834=CARTESIAN_POINT('Ctrl Pts',(32.2778075137258,-7.27047891965302,83.9033885834979));
#2835=CARTESIAN_POINT('Ctrl Pts',(32.2692792228193,-7.30296198033941,83.7442156900837));
#2836=CARTESIAN_POINT('Ctrl Pts',(32.2602429314688,-7.31921638967212,83.5813076566116));
#2837=CARTESIAN_POINT('Ctrl Pts',(31.67452067696,-5.,85.211192826671));
#2838=CARTESIAN_POINT('Ctrl Pts',(31.6745134077127,-5.19647791807525,85.2112298177929));
#2839=CARTESIAN_POINT('Ctrl Pts',(31.6729505478677,-5.39141603366664,85.1753200045041));
#2840=CARTESIAN_POINT('Ctrl Pts',(31.6633041512652,-5.9531820758247,84.9620386176707));
#2841=CARTESIAN_POINT('Ctrl Pts',(31.6500407798073,-6.28220574774926,84.672026219522));
#2842=CARTESIAN_POINT('Ctrl Pts',(31.625253644012,-6.52740552175174,84.1866005881641));
#2843=CARTESIAN_POINT('Ctrl Pts',(31.6196199601582,-6.56936108413884,84.0785401641825));
#2844=CARTESIAN_POINT('Ctrl Pts',(31.6076193224863,-6.63148117716992,83.853570761083));
#2845=CARTESIAN_POINT('Ctrl Pts',(31.6012774998611,-6.65147244208305,83.737239299018));
#2846=CARTESIAN_POINT('Ctrl Pts',(31.594676122686,-6.65960819483607,83.6189300630542));
#2847=CARTESIAN_POINT('Ctrl Pts',(30.9880087737768,-5.,84.698525305736));
#2848=CARTESIAN_POINT('Ctrl Pts',(30.9880087737768,-5.12484904156886,84.698525305736));
#2849=CARTESIAN_POINT('Ctrl Pts',(30.9866340555599,-5.24843172599692,84.6742055744078));
#2850=CARTESIAN_POINT('Ctrl Pts',(30.9784775271949,-5.60263434627633,84.5299108557035));
#2851=CARTESIAN_POINT('Ctrl Pts',(30.9673838836058,-5.80458512925402,84.3336565046521));
#2852=CARTESIAN_POINT('Ctrl Pts',(30.9494968023812,-5.94080116937961,84.0172214677997));
#2853=CARTESIAN_POINT('Ctrl Pts',(30.9455509439701,-5.96287323904962,83.9474164595897));
#2854=CARTESIAN_POINT('Ctrl Pts',(30.9374287980707,-5.9925028118729,83.8037299908641));
#2855=CARTESIAN_POINT('Ctrl Pts',(30.9332753281069,-6.00000000000001,83.7302521883898));
#2856=CARTESIAN_POINT('Ctrl Pts',(30.9291093139032,-6.00000000000001,83.6565524694967));
#2857=CARTESIAN_POINT('',(30.9291093139032,-6.00000000000001,83.6565524694967));
#2858=CARTESIAN_POINT('',(32.9258097402517,-7.97882458450818,83.543685250169));
#2859=CARTESIAN_POINT('',(30.9291093139032,-6.00000000000001,83.6565524694967));
#2860=CARTESIAN_POINT('Ctrl Pts',(32.9258097402517,-7.97882458450818,83.543685250169));
#2861=CARTESIAN_POINT('Ctrl Pts',(32.9372813945735,-7.95443442242245,83.7512028007119));
#2862=CARTESIAN_POINT('Ctrl Pts',(32.9479980381413,-7.90945728495005,83.9532293537168));
#2863=CARTESIAN_POINT('Ctrl Pts',(32.9677599301441,-7.78239775820483,84.3407566872101));
#2864=CARTESIAN_POINT('Ctrl Pts',(32.976761975646,-7.70067765548869,84.5252928893854));
#2865=CARTESIAN_POINT('Ctrl Pts',(33.0153717487733,-7.23751382092858,85.3488371464152));
#2866=CARTESIAN_POINT('Ctrl Pts',(33.0329797111935,-6.65509519301806,85.8258780069915));
#2867=CARTESIAN_POINT('Ctrl Pts',(33.0455799510231,-5.67691103811531,86.1778585626466));
#2868=CARTESIAN_POINT('Ctrl Pts',(33.0475444833264,-5.34012630402385,86.2365278685412));
#2869=CARTESIAN_POINT('Ctrl Pts',(33.0475444833264,-5.,86.2365278685412));
#2870=CARTESIAN_POINT('Ctrl Pts',(30.9880087737768,-5.,84.698525305736));
#2871=CARTESIAN_POINT('Ctrl Pts',(30.9880087737768,-5.12484904156886,84.698525305736));
#2872=CARTESIAN_POINT('Ctrl Pts',(30.9866340555599,-5.24843172599692,84.6742055744078));
#2873=CARTESIAN_POINT('Ctrl Pts',(30.9784775271949,-5.60263434627633,84.5299108557035));
#2874=CARTESIAN_POINT('Ctrl Pts',(30.9673838836058,-5.80458512925402,84.3336565046521));
#2875=CARTESIAN_POINT('Ctrl Pts',(30.9494968023812,-5.94080116937961,84.0172214677997));
#2876=CARTESIAN_POINT('Ctrl Pts',(30.9455509439701,-5.96287323904962,83.9474164595897));
#2877=CARTESIAN_POINT('Ctrl Pts',(30.9374287980707,-5.9925028118729,83.8037299908641));
#2878=CARTESIAN_POINT('Ctrl Pts',(30.9332753281069,-6.00000000000001,83.7302521883898));
#2879=CARTESIAN_POINT('Ctrl Pts',(30.9291093139032,-6.00000000000001,83.6565524694967));
#2880=CARTESIAN_POINT('Origin',(29.645065086028,-7.,43.2219640944335));
#2881=CARTESIAN_POINT('',(32.9054849137028,-8.,83.1821384440572));
#2882=CARTESIAN_POINT('',(30.9086725633294,-6.,83.2950119900993));
#2883=CARTESIAN_POINT('',(32.9054849137028,-8.,83.1821384440572));
#2884=CARTESIAN_POINT('',(30.5245784715153,-6.,76.5001175871755));
#2885=CARTESIAN_POINT('',(28.6466589108413,-6.,43.2784008674546));
#2886=CARTESIAN_POINT('',(32.5213908218887,-8.,76.3872440411334));
#2887=CARTESIAN_POINT('',(30.5245784715153,-6.,76.5001175871755));
#2888=CARTESIAN_POINT('',(30.6434712612147,-8.,43.1655273214125));
#2889=CARTESIAN_POINT('Ctrl Pts',(32.9258097402516,-7.97882458450818,83.543685250169));
#2890=CARTESIAN_POINT('Ctrl Pts',(32.9191472375598,-7.99298989284052,83.4231632922796));
#2891=CARTESIAN_POINT('Ctrl Pts',(32.9122971638941,-8.00000000000001,83.3026519371896));
#2892=CARTESIAN_POINT('Ctrl Pts',(32.9054849137028,-8.00000000000001,83.1821384440572));
#2893=CARTESIAN_POINT('Ctrl Pts',(32.2602429314688,-7.31921638967212,83.5813076566116));
#2894=CARTESIAN_POINT('Ctrl Pts',(32.2535305129438,-7.32865992856035,83.4607885203078));
#2895=CARTESIAN_POINT('Ctrl Pts',(32.2466930471029,-7.33333333333334,83.340276452537));
#2896=CARTESIAN_POINT('Ctrl Pts',(32.2398807969117,-7.33333333333334,83.2197629594045));
#2897=CARTESIAN_POINT('Ctrl Pts',(31.594676122686,-6.65960819483606,83.6189300630541));
#2898=CARTESIAN_POINT('Ctrl Pts',(31.5879137883279,-6.66432996428017,83.498413748336));
#2899=CARTESIAN_POINT('Ctrl Pts',(31.5810889303118,-6.66666666666667,83.3779009678844));
#2900=CARTESIAN_POINT('Ctrl Pts',(31.5742766801205,-6.66666666666667,83.2573874747519));
#2901=CARTESIAN_POINT('Ctrl Pts',(30.9291093139032,-6.,83.6565524694967));
#2902=CARTESIAN_POINT('Ctrl Pts',(30.9222970637119,-6.,83.5360389763642));
#2903=CARTESIAN_POINT('Ctrl Pts',(30.9154848135206,-6.,83.4155254832318));
#2904=CARTESIAN_POINT('Ctrl Pts',(30.9086725633294,-6.,83.2950119900993));
#2905=CARTESIAN_POINT('Ctrl Pts',(32.9054849137028,-8.00000000000001,83.1821384440572));
#2906=CARTESIAN_POINT('Ctrl Pts',(32.9122971638941,-8.00000000000001,83.3026519371896));
#2907=CARTESIAN_POINT('Ctrl Pts',(32.9191472375598,-7.99298989284052,83.4231632922796));
#2908=CARTESIAN_POINT('Ctrl Pts',(32.9258097402516,-7.97882458450818,83.543685250169));
#2909=CARTESIAN_POINT('Ctrl Pts',(30.9291093139032,-6.,83.6565524694967));
#2910=CARTESIAN_POINT('Ctrl Pts',(30.9222970637119,-6.,83.5360389763642));
#2911=CARTESIAN_POINT('Ctrl Pts',(30.9154848135206,-6.,83.4155254832318));
#2912=CARTESIAN_POINT('Ctrl Pts',(30.9086725633294,-6.,83.2950119900993));
#2913=CARTESIAN_POINT('Ctrl Pts',(32.4964804212482,-8.,75.9506526362165));
#2914=CARTESIAN_POINT('Ctrl Pts',(32.4808978511608,-8.,75.6849017607141));
#2915=CARTESIAN_POINT('Ctrl Pts',(32.4640317992208,-7.96624804650855,75.4148769380142));
#2916=CARTESIAN_POINT('Ctrl Pts',(32.4193362537156,-7.78693777833483,74.7385723772938));
#2917=CARTESIAN_POINT('Ctrl Pts',(32.3908679460158,-7.59205849711895,74.3438265357234));
#2918=CARTESIAN_POINT('Ctrl Pts',(32.3389563274194,-7.0399246014911,73.6625281457719));
#2919=CARTESIAN_POINT('Ctrl Pts',(32.3160787131923,-6.69126813596444,73.3811419604425));
#2920=CARTESIAN_POINT('Ctrl Pts',(32.2838867295043,-5.89017067572026,72.9932929759756));
#2921=CARTESIAN_POINT('Ctrl Pts',(32.2749952573913,-5.44785071638088,72.8903429160763));
#2922=CARTESIAN_POINT('Ctrl Pts',(32.2749952573913,-5.,72.8903429160763));
#2923=CARTESIAN_POINT('Ctrl Pts',(31.8362369926256,-7.3297106347369,76.0817477964487));
#2924=CARTESIAN_POINT('Ctrl Pts',(31.8240872599867,-7.32534194400994,75.8734918280452));
#2925=CARTESIAN_POINT('Ctrl Pts',(31.8111370070214,-7.29466707293513,75.6631828497024));
#2926=CARTESIAN_POINT('Ctrl Pts',(31.7772120600643,-7.14503308539362,75.1393924243648));
#2927=CARTESIAN_POINT('Ctrl Pts',(31.7560059305102,-6.9888445186067,74.8368030872304));
#2928=CARTESIAN_POINT('Ctrl Pts',(31.7177850178045,-6.55690009958916,74.3185789855319));
#2929=CARTESIAN_POINT('Ctrl Pts',(31.7011471889732,-6.28793110788895,74.1065406168029));
#2930=CARTESIAN_POINT('Ctrl Pts',(31.6778471612116,-5.67566674789143,73.8153777558385));
#2931=CARTESIAN_POINT('Ctrl Pts',(31.6714724841567,-5.3397738359584,73.7386803210369));
#2932=CARTESIAN_POINT('Ctrl Pts',(31.6714541976968,-5.,73.738570004658));
#2933=CARTESIAN_POINT('Ctrl Pts',(31.175993564003,-6.6594212694738,76.212842956681));
#2934=CARTESIAN_POINT('Ctrl Pts',(31.1672949572943,-6.65075752770784,76.0621928908983));
#2935=CARTESIAN_POINT('Ctrl Pts',(31.1582325735704,-6.62299887393409,75.9114303456093));
#2936=CARTESIAN_POINT('Ctrl Pts',(31.1351053372177,-6.50330089946173,75.5403186039454));
#2937=CARTESIAN_POINT('Ctrl Pts',(31.1211553307011,-6.38560121627724,75.3298497158147));
#2938=CARTESIAN_POINT('Ctrl Pts',(31.096597739547,-6.07397777702187,74.9745325906457));
#2939=CARTESIAN_POINT('Ctrl Pts',(31.0862187255542,-5.88474214070057,74.8319589113573));
#2940=CARTESIAN_POINT('Ctrl Pts',(31.0717927286846,-5.46109831743014,74.6373717145706));
#2941=CARTESIAN_POINT('Ctrl Pts',(31.0678948515423,-5.23200090319695,74.5866867768607));
#2942=CARTESIAN_POINT('Ctrl Pts',(31.0679131380022,-5.,74.5867970932397));
#2943=CARTESIAN_POINT('Ctrl Pts',(30.5157501353804,-5.9891319042107,76.3439381169133));
#2944=CARTESIAN_POINT('Ctrl Pts',(30.5104843661203,-5.97609947171779,76.2507829582294));
#2945=CARTESIAN_POINT('Ctrl Pts',(30.505337781371,-5.95141790036066,76.1597362572975));
#2946=CARTESIAN_POINT('Ctrl Pts',(30.4929811435664,-5.86139620652052,75.9411386510164));
#2947=CARTESIAN_POINT('Ctrl Pts',(30.4862933151955,-5.78238723776499,75.8228262673217));
#2948=CARTESIAN_POINT('Ctrl Pts',(30.4754264299321,-5.59095327511993,75.6305834304056));
#2949=CARTESIAN_POINT('Ctrl Pts',(30.4712872013351,-5.48140511262509,75.5573575677177));
#2950=CARTESIAN_POINT('Ctrl Pts',(30.4657531603919,-5.2465943896013,75.4594564944335));
#2951=CARTESIAN_POINT('Ctrl Pts',(30.4643720783077,-5.12392402277448,75.4350241818214));
#2952=CARTESIAN_POINT('Ctrl Pts',(30.4643720783077,-5.,75.4350241818214));
#2953=CARTESIAN_POINT('',(32.4964804212482,-8.,75.9506526362165));
#2954=CARTESIAN_POINT('',(30.5157501353804,-5.9891319042107,76.3439381169133));
#2955=CARTESIAN_POINT('',(32.4964804212482,-8.,75.9506526362165));
#2956=CARTESIAN_POINT('',(30.4643720783077,-5.,75.4350241818214));
#2957=CARTESIAN_POINT('Ctrl Pts',(30.5157501353804,-5.9891319042107,76.3439381169133));
#2958=CARTESIAN_POINT('Ctrl Pts',(30.5104843661203,-5.97609947171779,76.2507829582294));
#2959=CARTESIAN_POINT('Ctrl Pts',(30.505337781371,-5.95141790036066,76.1597362572975));
#2960=CARTESIAN_POINT('Ctrl Pts',(30.4929811435664,-5.86139620652052,75.9411386510164));
#2961=CARTESIAN_POINT('Ctrl Pts',(30.4862933151955,-5.78238723776499,75.8228262673217));
#2962=CARTESIAN_POINT('Ctrl Pts',(30.4754264299321,-5.59095327511993,75.6305834304056));
#2963=CARTESIAN_POINT('Ctrl Pts',(30.4712872013351,-5.48140511262509,75.5573575677177));
#2964=CARTESIAN_POINT('Ctrl Pts',(30.4657531603919,-5.2465943896013,75.4594564944335));
#2965=CARTESIAN_POINT('Ctrl Pts',(30.4643720783077,-5.12392402277448,75.4350241818214));
#2966=CARTESIAN_POINT('Ctrl Pts',(30.4643720783077,-5.,75.4350241818214));
#2967=CARTESIAN_POINT('',(30.4643720783077,-5.,75.4350241818214));
#2968=CARTESIAN_POINT('Ctrl Pts',(32.2749952573913,-5.,72.8903429160763));
#2969=CARTESIAN_POINT('Ctrl Pts',(32.2749952573913,-5.44785071638088,72.8903429160763));
#2970=CARTESIAN_POINT('Ctrl Pts',(32.2838867295043,-5.89017067572026,72.9932929759756));
#2971=CARTESIAN_POINT('Ctrl Pts',(32.3160787131923,-6.69126813596444,73.3811419604425));
#2972=CARTESIAN_POINT('Ctrl Pts',(32.3389563274194,-7.0399246014911,73.6625281457719));
#2973=CARTESIAN_POINT('Ctrl Pts',(32.3908679460158,-7.59205849711895,74.3438265357234));
#2974=CARTESIAN_POINT('Ctrl Pts',(32.4193362537156,-7.78693777833483,74.7385723772938));
#2975=CARTESIAN_POINT('Ctrl Pts',(32.4640317992208,-7.96624804650855,75.4148769380142));
#2976=CARTESIAN_POINT('Ctrl Pts',(32.4808978511608,-8.,75.6849017607141));
#2977=CARTESIAN_POINT('Ctrl Pts',(32.4964804212482,-8.,75.9506526362165));
#2978=CARTESIAN_POINT('Ctrl Pts',(32.2749952573913,-5.,72.8903429160763));
#2979=CARTESIAN_POINT('Ctrl Pts',(32.2749952573913,-2.22044604925031E-15,
72.8903429160763));
#2980=CARTESIAN_POINT('Ctrl Pts',(32.2749952573913,5.,72.8903429160763));
#2981=CARTESIAN_POINT('Ctrl Pts',(32.2749952573913,10.,72.8903429160763));
#2982=CARTESIAN_POINT('Ctrl Pts',(31.6714541976968,-5.,73.738570004658));
#2983=CARTESIAN_POINT('Ctrl Pts',(31.6714541976968,-7.21644966006352E-15,
73.738570004658));
#2984=CARTESIAN_POINT('Ctrl Pts',(31.6714541976968,5.,73.738570004658));
#2985=CARTESIAN_POINT('Ctrl Pts',(31.6714541976968,10.,73.738570004658));
#2986=CARTESIAN_POINT('Ctrl Pts',(31.0679131380022,-5.,74.5867970932397));
#2987=CARTESIAN_POINT('Ctrl Pts',(31.0679131380022,4.44089209850063E-15,
74.5867970932397));
#2988=CARTESIAN_POINT('Ctrl Pts',(31.0679131380022,4.99999999999999,74.5867970932397));
#2989=CARTESIAN_POINT('Ctrl Pts',(31.0679131380022,10.,74.5867970932397));
#2990=CARTESIAN_POINT('Ctrl Pts',(30.4643720783077,-5.,75.4350241818214));
#2991=CARTESIAN_POINT('Ctrl Pts',(30.4643720783077,-2.22044604925031E-15,
75.4350241818214));
#2992=CARTESIAN_POINT('Ctrl Pts',(30.4643720783077,5.,75.4350241818214));
#2993=CARTESIAN_POINT('Ctrl Pts',(30.4643720783077,10.,75.4350241818214));
#2994=CARTESIAN_POINT('',(30.4643720783077,7.18750430107414,75.4350241818214));
#2995=CARTESIAN_POINT('Ctrl Pts',(32.2749952573913,10.,72.8903429160763));
#2996=CARTESIAN_POINT('Ctrl Pts',(32.2749952573913,9.81064222295554,72.8903429160763));
#2997=CARTESIAN_POINT('Ctrl Pts',(32.2581735371962,9.62429096602451,72.9139844538257));
#2998=CARTESIAN_POINT('Ctrl Pts',(32.1924429032757,9.25326462944,73.0063634284547));
#2999=CARTESIAN_POINT('Ctrl Pts',(32.1428301537882,9.07358980946897,73.0760900483348));
#3000=CARTESIAN_POINT('Ctrl Pts',(31.9603384277997,8.57578939312555,73.3325670898535));
#3001=CARTESIAN_POINT('Ctrl Pts',(31.7865180336922,8.27247771865771,73.5768572887268));
#3002=CARTESIAN_POINT('Ctrl Pts',(31.2664648358489,7.64139764095662,74.3077490861091));
#3003=CARTESIAN_POINT('Ctrl Pts',(30.886270720675,7.35896692434908,74.8420805016135));
#3004=CARTESIAN_POINT('Ctrl Pts',(30.4643720783077,7.18750430107415,75.4350241818213));
#3005=CARTESIAN_POINT('Ctrl Pts',(30.4643720783077,-5.,75.4350241818214));
#3006=CARTESIAN_POINT('Ctrl Pts',(30.4643720783077,-0.937498566308622,75.4350241818214));
#3007=CARTESIAN_POINT('Ctrl Pts',(30.4643720783077,3.12500286738276,75.4350241818214));
#3008=CARTESIAN_POINT('Ctrl Pts',(30.4643720783077,7.18750430107414,75.4350241818214));
#3009=CARTESIAN_POINT('Ctrl Pts',(32.5213908218887,-8.,76.3872440411334));
#3010=CARTESIAN_POINT('Ctrl Pts',(32.5131984984944,-8.,76.2423160832051));
#3011=CARTESIAN_POINT('Ctrl Pts',(32.5051100367435,-8.,76.097825269502));
#3012=CARTESIAN_POINT('Ctrl Pts',(32.4964804212482,-8.,75.9506526362165));
#3013=CARTESIAN_POINT('Ctrl Pts',(31.8557867050976,-7.33333333333333,76.4248685564807));
#3014=CARTESIAN_POINT('Ctrl Pts',(31.8493385314725,-7.33333333333333,76.3107958336557));
#3015=CARTESIAN_POINT('Ctrl Pts',(31.8429621292965,-7.33211641848013,76.1970593040465));
#3016=CARTESIAN_POINT('Ctrl Pts',(31.8362369926256,-7.3297106347369,76.0817477964487));
#3017=CARTESIAN_POINT('Ctrl Pts',(31.1901825883065,-6.66666666666667,76.4624930718281));
#3018=CARTESIAN_POINT('Ctrl Pts',(31.1854785644506,-6.66666666666667,76.3792755841063));
#3019=CARTESIAN_POINT('Ctrl Pts',(31.1808142218496,-6.66423283696026,76.2962933385911));
#3020=CARTESIAN_POINT('Ctrl Pts',(31.175993564003,-6.6594212694738,76.212842956681));
#3021=CARTESIAN_POINT('Ctrl Pts',(30.5245784715153,-6.,76.5001175871755));
#3022=CARTESIAN_POINT('Ctrl Pts',(30.5216185974286,-6.,76.4477553345569));
#3023=CARTESIAN_POINT('Ctrl Pts',(30.5186663144026,-5.99634925544039,76.3955273731357));
#3024=CARTESIAN_POINT('Ctrl Pts',(30.5157501353804,-5.9891319042107,76.3439381169133));
#3025=CARTESIAN_POINT('Ctrl Pts',(32.4964804212482,-8.,75.9506526362165));
#3026=CARTESIAN_POINT('Ctrl Pts',(32.5051100367435,-8.,76.097825269502));
#3027=CARTESIAN_POINT('Ctrl Pts',(32.5131984984944,-8.,76.2423160832051));
#3028=CARTESIAN_POINT('Ctrl Pts',(32.5213908218887,-8.,76.3872440411334));
#3029=CARTESIAN_POINT('Ctrl Pts',(30.5245784715153,-6.,76.5001175871755));
#3030=CARTESIAN_POINT('Ctrl Pts',(30.5216185974286,-6.,76.4477553345569));
#3031=CARTESIAN_POINT('Ctrl Pts',(30.5186663144026,-5.99634925544039,76.3955273731357));
#3032=CARTESIAN_POINT('Ctrl Pts',(30.5157501353804,-5.9891319042107,76.3439381169133));
#3033=CARTESIAN_POINT('Ctrl Pts',(33.0475444833264,-5.,-86.2365278685412));
#3034=CARTESIAN_POINT('Ctrl Pts',(44.669738152473,-5.,-83.4066535732151));
#3035=CARTESIAN_POINT('Ctrl Pts',(61.5891829176829,-5.,-76.8475410519474));
#3036=CARTESIAN_POINT('Ctrl Pts',(81.5019363896583,-4.99999999999999,-63.2135291553862));
#3037=CARTESIAN_POINT('Ctrl Pts',(93.0492333044605,-5.,-51.9135520026798));
#3038=CARTESIAN_POINT('Ctrl Pts',(103.813234064793,-5.,-37.2302112053985));
#3039=CARTESIAN_POINT('Ctrl Pts',(110.454535555892,-5.,-22.2281572263825));
#3040=CARTESIAN_POINT('Ctrl Pts',(113.207140263554,-5.,-6.12245522677699));
#3041=CARTESIAN_POINT('Ctrl Pts',(113.208528162055,-5.,6.12348235781663));
#3042=CARTESIAN_POINT('Ctrl Pts',(110.795192225653,-5.,20.2119774010931));
#3043=CARTESIAN_POINT('Ctrl Pts',(104.81297519713,-5.,35.4076115061568));
#3044=CARTESIAN_POINT('Ctrl Pts',(91.0427119142064,-5.,55.5499773531427));
#3045=CARTESIAN_POINT('Ctrl Pts',(67.2154228388599,-5.,74.6780137278666));
#3046=CARTESIAN_POINT('Ctrl Pts',(44.669738152473,-5.,83.4066535732152));
#3047=CARTESIAN_POINT('Ctrl Pts',(33.0475444833264,-5.,86.2365278685412));
#3048=CARTESIAN_POINT('Ctrl Pts',(33.0475444833264,-5.89759790102566,-86.2365278685412));
#3049=CARTESIAN_POINT('Ctrl Pts',(44.6704928033711,-5.89759790102566,-83.4064698241537));
#3050=CARTESIAN_POINT('Ctrl Pts',(61.5886056204114,-5.89759790102566,-76.847828938224));
#3051=CARTESIAN_POINT('Ctrl Pts',(81.5020875541815,-5.89759790102566,-63.2134622823191));
#3052=CARTESIAN_POINT('Ctrl Pts',(93.0490933925379,-5.89759790102565,-51.9137785956994));
#3053=CARTESIAN_POINT('Ctrl Pts',(103.813397083833,-5.89759790102566,-37.2300338735859));
#3054=CARTESIAN_POINT('Ctrl Pts',(110.454534120627,-5.89759790102565,-22.2282179358666));
#3055=CARTESIAN_POINT('Ctrl Pts',(113.207220175009,-5.89759790102566,-6.12271419048392));
#3056=CARTESIAN_POINT('Ctrl Pts',(113.208527039859,-5.89759790102565,6.12355144342994));
#3057=CARTESIAN_POINT('Ctrl Pts',(110.795307267782,-5.89759790102566,20.2121437548313));
#3058=CARTESIAN_POINT('Ctrl Pts',(104.812841548833,-5.89759790102566,35.4076797700956));
#3059=CARTESIAN_POINT('Ctrl Pts',(91.0429629208885,-5.89759790102565,55.5500642953462));
#3060=CARTESIAN_POINT('Ctrl Pts',(67.2148814167872,-5.89759790102566,74.6781086206286));
#3061=CARTESIAN_POINT('Ctrl Pts',(44.6704928033711,-5.89759790102566,83.4064698241537));
#3062=CARTESIAN_POINT('Ctrl Pts',(33.0475444833264,-5.89759790102566,86.2365278685412));
#3063=CARTESIAN_POINT('Ctrl Pts',(32.8693180404725,-7.4515601911728,-85.5045581696635));
#3064=CARTESIAN_POINT('Ctrl Pts',(44.4267145147247,-7.4515601911728,-82.6904612672687));
#3065=CARTESIAN_POINT('Ctrl Pts',(61.2470287963269,-7.45156019117281,-76.1685080148499));
#3066=CARTESIAN_POINT('Ctrl Pts',(81.0234783844071,-7.45156019117281,-62.6266516889293));
#3067=CARTESIAN_POINT('Ctrl Pts',(92.4815519819211,-7.45156019117281,-51.4131217736889));
#3068=CARTESIAN_POINT('Ctrl Pts',(103.153115298202,-7.4515601911728,-36.854902518649));
#3069=CARTESIAN_POINT('Ctrl Pts',(109.72906835206,-7.4515601911728,-21.9967676842631));
#3070=CARTESIAN_POINT('Ctrl Pts',(112.452880765559,-7.45156019117281,-6.05804701805902));
#3071=CARTESIAN_POINT('Ctrl Pts',(112.454266462071,-7.4515601911728,6.0590634511154));
#3072=CARTESIAN_POINT('Ctrl Pts',(110.066148108073,-7.4515601911728,20.0015800760132));
#3073=CARTESIAN_POINT('Ctrl Pts',(104.143111728529,-7.45156019117282,35.0489943947206));
#3074=CARTESIAN_POINT('Ctrl Pts',(90.494588535257,-7.45156019117282,55.0164782378443));
#3075=CARTESIAN_POINT('Ctrl Pts',(66.8406490777143,-7.4515601911728,74.0112772229944));
#3076=CARTESIAN_POINT('Ctrl Pts',(44.4267145147246,-7.4515601911728,82.6904612672687));
#3077=CARTESIAN_POINT('Ctrl Pts',(32.8693180404725,-7.4515601911728,85.5045581696635));
#3078=CARTESIAN_POINT('Ctrl Pts',(32.4970770845108,-8.,-83.9757777256276));
#3079=CARTESIAN_POINT('Ctrl Pts',(43.9192712145472,-8.,-81.1946010833365));
#3080=CARTESIAN_POINT('Ctrl Pts',(60.5323100342128,-8.,-74.7503406324328));
#3081=CARTESIAN_POINT('Ctrl Pts',(80.024204944831,-8.00000000000002,-61.4008969055199));
#3082=CARTESIAN_POINT('Ctrl Pts',(91.2958771823275,-8.,-50.3679706916585));
#3083=CARTESIAN_POINT('Ctrl Pts',(101.774430113393,-7.99999999999999,-36.0710076435563));
#3084=CARTESIAN_POINT('Ctrl Pts',(108.213868666125,-8.,-21.5135017361602));
#3085=CARTESIAN_POINT('Ctrl Pts',(110.877560180617,-8.,-5.9235703604345));
#3086=CARTESIAN_POINT('Ctrl Pts',(110.878927097433,-8.,5.92453122172692));
#3087=CARTESIAN_POINT('Ctrl Pts',(108.543498119338,-7.99999999999999,19.5621766309404));
#3088=CARTESIAN_POINT('Ctrl Pts',(102.744021995854,-8.00000000000002,34.3000042608461));
#3089=CARTESIAN_POINT('Ctrl Pts',(89.3498305598362,-7.99999999999999,53.9022355595257));
#3090=CARTESIAN_POINT('Ctrl Pts',(66.057807725101,-8.,72.6187584117987));
#3091=CARTESIAN_POINT('Ctrl Pts',(43.9192712145472,-8.,81.1946010833365));
#3092=CARTESIAN_POINT('Ctrl Pts',(32.4970770845108,-8.,83.9757777256276));
#3093=CARTESIAN_POINT('Ctrl Pts',(32.3378139181007,-8.,-83.3216895325808));
#3094=CARTESIAN_POINT('Ctrl Pts',(43.7023920375203,-8.,-80.5545417450899));
#3095=CARTESIAN_POINT('Ctrl Pts',(60.2263417043945,-8.,-74.143666042823));
#3096=CARTESIAN_POINT('Ctrl Pts',(79.5967122683385,-8.00000000000002,-60.8764377333576));
#3097=CARTESIAN_POINT('Ctrl Pts',(90.7885439312885,-8.,-49.9208722969163));
#3098=CARTESIAN_POINT('Ctrl Pts',(101.184609867905,-7.99999999999999,-35.7355643786522));
#3099=CARTESIAN_POINT('Ctrl Pts',(107.565590557871,-8.,-21.3067550888862));
#3100=CARTESIAN_POINT('Ctrl Pts',(110.203584187467,-8.,-5.86611358571355));
#3101=CARTESIAN_POINT('Ctrl Pts',(110.204918343626,-8.,5.866992733207));
#3102=CARTESIAN_POINT('Ctrl Pts',(107.892067942273,-7.99999999999999,19.374228775866));
#3103=CARTESIAN_POINT('Ctrl Pts',(102.145381149495,-8.00000000000002,33.97956991615));
#3104=CARTESIAN_POINT('Ctrl Pts',(88.8601228389655,-7.99999999999999,53.4255337372031));
#3105=CARTESIAN_POINT('Ctrl Pts',(65.7227041146933,-8.,72.0229986666169));
#3106=CARTESIAN_POINT('Ctrl Pts',(43.7023920375202,-8.,80.5545417450899));
#3107=CARTESIAN_POINT('Ctrl Pts',(32.3378139181007,-8.,83.3216895325808));
#3108=CARTESIAN_POINT('',(32.9054849137028,-8.,-83.1821384440572));
#3109=CARTESIAN_POINT('Ctrl Pts',(32.9054870152972,-8.,83.1821469132566));
#3110=CARTESIAN_POINT('Ctrl Pts',(44.0689868501924,-8.,80.4119736749397));
#3111=CARTESIAN_POINT('Ctrl Pts',(65.8768834538067,-8.,71.8990719275899));
#3112=CARTESIAN_POINT('Ctrl Pts',(88.8601228389655,-7.99999999999999,53.4255337372031));
#3113=CARTESIAN_POINT('Ctrl Pts',(102.145381149495,-8.00000000000002,33.97956991615));
#3114=CARTESIAN_POINT('Ctrl Pts',(107.892067942273,-7.99999999999999,19.374228775866));
#3115=CARTESIAN_POINT('Ctrl Pts',(110.204918343626,-8.,5.866992733207));
#3116=CARTESIAN_POINT('Ctrl Pts',(110.203584187467,-8.,-5.86611358571355));
#3117=CARTESIAN_POINT('Ctrl Pts',(107.565590557871,-8.,-21.3067550888862));
#3118=CARTESIAN_POINT('Ctrl Pts',(101.184609867905,-7.99999999999999,-35.7355643786522));
#3119=CARTESIAN_POINT('Ctrl Pts',(90.7885439312885,-8.,-49.9208722969163));
#3120=CARTESIAN_POINT('Ctrl Pts',(79.5967122683385,-8.00000000000002,-60.8764377333576));
#3121=CARTESIAN_POINT('Ctrl Pts',(60.3876863596293,-8.,-74.0331572443235));
#3122=CARTESIAN_POINT('Ctrl Pts',(44.0691738704753,-8.,-80.4117075465576));
#3123=CARTESIAN_POINT('Ctrl Pts',(32.905485729957,-8.,-83.1821417332192));
#3124=CARTESIAN_POINT('',(32.9258097402516,-7.97882458450816,-83.5436852501691));
#3125=CARTESIAN_POINT('Ctrl Pts',(32.9258097402516,-7.97882458450816,-83.543685250169));
#3126=CARTESIAN_POINT('Ctrl Pts',(32.9191472375605,-7.99298989284093,-83.4231632922796));
#3127=CARTESIAN_POINT('Ctrl Pts',(32.9122971638941,-7.99999999999999,-83.3026519371897));
#3128=CARTESIAN_POINT('Ctrl Pts',(32.9054849137028,-7.99999999999999,-83.1821384440572));
#3129=CARTESIAN_POINT('',(33.0475444833264,-5.,-86.2365278685412));
#3130=CARTESIAN_POINT('Ctrl Pts',(33.0475444833264,-5.,-86.2365278685412));
#3131=CARTESIAN_POINT('Ctrl Pts',(33.0475444833264,-5.34810849781665,-86.2365278685412));
#3132=CARTESIAN_POINT('Ctrl Pts',(33.0454923138651,-5.69265804736199,-86.1752157011747));
#3133=CARTESIAN_POINT('Ctrl Pts',(33.0367660956954,-6.35060496873526,-85.9318276924479));
#3134=CARTESIAN_POINT('Ctrl Pts',(33.0301718833273,-6.65767223105081,-85.7526131957325));
#3135=CARTESIAN_POINT('Ctrl Pts',(33.0111029874538,-7.20828540948316,-85.2806231225799));
#3136=CARTESIAN_POINT('Ctrl Pts',(32.9986662596082,-7.44539479313792,-84.9903240038772));
#3137=CARTESIAN_POINT('Ctrl Pts',(32.9669539174994,-7.80951143418933,-84.3186441826319));
#3138=CARTESIAN_POINT('Ctrl Pts',(32.9478433451368,-7.93197840352995,-83.9422641810806));
#3139=CARTESIAN_POINT('Ctrl Pts',(32.9258097402516,-7.97882458450816,-83.5436852501691));
#3140=CARTESIAN_POINT('Ctrl Pts',(33.0475444833264,-5.,-86.2365278685412));
#3141=CARTESIAN_POINT('Ctrl Pts',(44.669738152473,-5.,-83.4066535732151));
#3142=CARTESIAN_POINT('Ctrl Pts',(61.5891829176829,-5.,-76.8475410519474));
#3143=CARTESIAN_POINT('Ctrl Pts',(81.5019363896583,-4.99999999999999,-63.2135291553862));
#3144=CARTESIAN_POINT('Ctrl Pts',(91.7074825616398,-5.,-53.2265651563526));
#3145=CARTESIAN_POINT('Ctrl Pts',(96.7629475583254,-5.,-46.751445346928));
#3146=CARTESIAN_POINT('Ctrl Pts',(98.0286756378918,-5.,-45.0003945511856));
#3147=CARTESIAN_POINT('Ctrl Pts',(98.0273921462441,-5.,44.9994670014008));
#3148=CARTESIAN_POINT('Ctrl Pts',(96.7607000837046,-5.,46.7525429773777));
#3149=CARTESIAN_POINT('Ctrl Pts',(87.9783604192406,-5.,58.0099729772901));
#3150=CARTESIAN_POINT('Ctrl Pts',(67.2154228388599,-5.,74.6780137278666));
#3151=CARTESIAN_POINT('Ctrl Pts',(44.669738152473,-5.,83.4066535732152));
#3152=CARTESIAN_POINT('Ctrl Pts',(33.0475444833264,-5.,86.2365278685412));
#3153=CARTESIAN_POINT('Origin',(23.7416377009364,-8.,0.));
#3154=CARTESIAN_POINT('',(32.4964804212482,-8.00000000000001,-75.9506526362165));
#3155=CARTESIAN_POINT('Ctrl Pts',(32.4964804212482,-8.00000000000001,-75.9506526362165));
#3156=CARTESIAN_POINT('Ctrl Pts',(42.3444459606682,-8.00000000000001,-73.1104062022381));
#3157=CARTESIAN_POINT('Ctrl Pts',(61.2892871309613,-7.99999999999999,-64.7569267007609));
#3158=CARTESIAN_POINT('Ctrl Pts',(82.0099014969015,-8.00000000000002,-46.3033823470086));
#3159=CARTESIAN_POINT('Ctrl Pts',(91.4985004408476,-7.99999999999999,-29.8620443674001));
#3160=CARTESIAN_POINT('Ctrl Pts',(94.9351460613332,-7.99999999999999,-20.1993324300897));
#3161=CARTESIAN_POINT('Ctrl Pts',(96.7447342491988,-7.99999999999999,-13.6047522855419));
#3162=CARTESIAN_POINT('Ctrl Pts',(98.601808700684,-8.,-1.7549433249529));
#3163=CARTESIAN_POINT('Ctrl Pts',(97.3829799601235,-8.00000000000001,13.7586641001267));
#3164=CARTESIAN_POINT('Ctrl Pts',(91.5855862442073,-7.99999999999999,29.9335251288419));
#3165=CARTESIAN_POINT('Ctrl Pts',(80.7136477928607,-8.,47.4555898840276));
#3166=CARTESIAN_POINT('Ctrl Pts',(61.290098874516,-7.99999999999998,64.7576841608779));
#3167=CARTESIAN_POINT('Ctrl Pts',(42.3444459606682,-8.,73.1104062022381));
#3168=CARTESIAN_POINT('Ctrl Pts',(32.4964804212482,-8.,75.9506526362165));
#3169=CARTESIAN_POINT('',(32.5213908218887,-8.,-76.3872440411334));
#3170=CARTESIAN_POINT('Ctrl Pts',(32.5213908218887,-8.,-76.3872440411334));
#3171=CARTESIAN_POINT('Ctrl Pts',(32.5132101522153,-8.,-76.2425222457169));
#3172=CARTESIAN_POINT('Ctrl Pts',(32.5051222727108,-8.,-76.0980339461837));
#3173=CARTESIAN_POINT('Ctrl Pts',(32.4964804212482,-8.,-75.9506526362165));
#3174=CARTESIAN_POINT('',(30.268779367438,-8.,-36.5369644090817));
#3175=CARTESIAN_POINT('Ctrl Pts',(31.6651370504777,-5.,73.0681418903777));
#3176=CARTESIAN_POINT('Ctrl Pts',(41.2517007342318,-5.,70.3032862247178));
#3177=CARTESIAN_POINT('Ctrl Pts',(59.6675494297365,-5.,62.1774029465228));
#3178=CARTESIAN_POINT('Ctrl Pts',(78.4291162489205,-5.,45.444041184986));
#3179=CARTESIAN_POINT('Ctrl Pts',(88.8674452902949,-5.,28.6113895353646));
#3180=CARTESIAN_POINT('Ctrl Pts',(94.4125245394876,-5.,13.1317111924526));
#3181=CARTESIAN_POINT('Ctrl Pts',(95.5740250948089,-5.,-1.67354848651507));
#3182=CARTESIAN_POINT('Ctrl Pts',(93.8015708298684,-5.,-12.9910777292017));
#3183=CARTESIAN_POINT('Ctrl Pts',(92.0712527567156,-5.,-19.2969112918901));
#3184=CARTESIAN_POINT('Ctrl Pts',(88.7820410556143,-5.00000000000001,-28.5447537082705));
#3185=CARTESIAN_POINT('Ctrl Pts',(79.6811488265072,-4.99999999999999,-44.3294170182289));
#3186=CARTESIAN_POINT('Ctrl Pts',(59.666790191853,-5.00000000000001,-62.1768414572902));
#3187=CARTESIAN_POINT('Ctrl Pts',(41.2517007342318,-5.,-70.3032862247178));
#3188=CARTESIAN_POINT('Ctrl Pts',(31.6651370504777,-5.,-73.0681418903777));
#3189=CARTESIAN_POINT('Ctrl Pts',(31.6651370504777,-5.89759790102566,73.0681418903777));
#3190=CARTESIAN_POINT('Ctrl Pts',(41.2509349918481,-5.89759790102566,70.303507072066));
#3191=CARTESIAN_POINT('Ctrl Pts',(59.6680980859126,-5.89759790102564,62.1772532728326));
#3192=CARTESIAN_POINT('Ctrl Pts',(78.4288602309459,-5.89759790102566,45.4439835763817));
#3193=CARTESIAN_POINT('Ctrl Pts',(88.8675677926096,-5.89759790102565,28.6112583812945));
#3194=CARTESIAN_POINT('Ctrl Pts',(94.4123534506363,-5.89759790102566,13.1316898410274));
#3195=CARTESIAN_POINT('Ctrl Pts',(95.5740357652218,-5.89759790102565,-1.67348980712094));
#3196=CARTESIAN_POINT('Ctrl Pts',(93.801450262916,-5.89759790102565,-12.9912975409508));
#3197=CARTESIAN_POINT('Ctrl Pts',(92.0712138202109,-5.89759790102565,-19.2968633858108));
#3198=CARTESIAN_POINT('Ctrl Pts',(88.7821489628306,-5.89759790102565,-28.5445123035307));
#3199=CARTESIAN_POINT('Ctrl Pts',(79.6809516019048,-5.89759790102566,-44.3293964224997));
#3200=CARTESIAN_POINT('Ctrl Pts',(59.6672818280198,-5.89759790102565,-62.1766617201352));
#3201=CARTESIAN_POINT('Ctrl Pts',(41.2509349918481,-5.89759790102566,-70.303507072066));
#3202=CARTESIAN_POINT('Ctrl Pts',(31.6651370504777,-5.89759790102566,-73.0681418903777));
#3203=CARTESIAN_POINT('Ctrl Pts',(31.8738908074732,-7.45159254284651,73.7919522543382));
#3204=CARTESIAN_POINT('Ctrl Pts',(41.5262040432449,-7.45159254284651,71.0081337958145));
#3205=CARTESIAN_POINT('Ctrl Pts',(60.0748991538209,-7.4515925428465,62.8253438176015));
#3206=CARTESIAN_POINT('Ctrl Pts',(79.0028084963473,-7.45159254284651,45.9491576892042));
#3207=CARTESIAN_POINT('Ctrl Pts',(89.5499640479318,-7.4515925428465,28.9434021685092));
#3208=CARTESIAN_POINT('Ctrl Pts',(95.1584428559965,-7.45159254284653,13.2891447394005));
#3209=CARTESIAN_POINT('Ctrl Pts',(96.3343125351449,-7.4515925428465,-1.69399553196551));
#3210=CARTESIAN_POINT('Ctrl Pts',(94.5406287237751,-7.4515925428465,-13.1451422372026));
#3211=CARTESIAN_POINT('Ctrl Pts',(92.7903938211789,-7.4515925428465,-19.523519881006));
#3212=CARTESIAN_POINT('Ctrl Pts',(89.4641396698837,-7.45159254284651,-28.8755656630599));
#3213=CARTESIAN_POINT('Ctrl Pts',(80.265936700095,-7.45159254284652,-44.8250908433603));
#3214=CARTESIAN_POINT('Ctrl Pts',(60.0741349572145,-7.4515925428465,-62.824737456205));
#3215=CARTESIAN_POINT('Ctrl Pts',(41.5262040432449,-7.45159254284652,-71.0081337958145));
#3216=CARTESIAN_POINT('Ctrl Pts',(31.8738908074732,-7.45159254284652,-73.7919522543382));
#3217=CARTESIAN_POINT('Ctrl Pts',(32.3099274050894,-8.,75.3038187374293));
#3218=CARTESIAN_POINT('Ctrl Pts',(42.0994301222641,-8.,72.480433534508));
#3219=CARTESIAN_POINT('Ctrl Pts',(60.9258594705022,-7.99999999999998,64.1787086460911));
#3220=CARTESIAN_POINT('Ctrl Pts',(80.2010655156954,-8.,47.0042141282376));
#3221=CARTESIAN_POINT('Ctrl Pts',(90.9756055459633,-7.99999999999999,29.6368721001432));
#3222=CARTESIAN_POINT('Ctrl Pts',(96.7164550289182,-8.00000000000001,13.6179816510817));
#3223=CARTESIAN_POINT('Ctrl Pts',(97.9223729224658,-8.,-1.73669335619122));
#3224=CARTESIAN_POINT('Ctrl Pts',(96.0843207224114,-7.99999999999999,-13.4669878838829));
#3225=CARTESIAN_POINT('Ctrl Pts',(94.2924998533289,-7.99999999999999,-19.9968418383325));
#3226=CARTESIAN_POINT('Ctrl Pts',(90.8889008142053,-7.99999999999999,-29.5665067041272));
#3227=CARTESIAN_POINT('Ctrl Pts',(81.4873810027753,-8.00000000000002,-45.8604308244532));
#3228=CARTESIAN_POINT('Ctrl Pts',(60.9250740755576,-7.99999999999999,-64.178002841768));
#3229=CARTESIAN_POINT('Ctrl Pts',(42.0994301222641,-8.00000000000001,-72.480433534508));
#3230=CARTESIAN_POINT('Ctrl Pts',(32.3099274050894,-8.00000000000001,-75.3038187374293));
#3231=CARTESIAN_POINT('Ctrl Pts',(32.4964804212482,-8.,75.9506526362165));
#3232=CARTESIAN_POINT('Ctrl Pts',(42.3444459606682,-8.,73.1104062022381));
#3233=CARTESIAN_POINT('Ctrl Pts',(61.290098874516,-7.99999999999998,64.7576841608779));
#3234=CARTESIAN_POINT('Ctrl Pts',(80.7136477928607,-8.,47.4555898840276));
#3235=CARTESIAN_POINT('Ctrl Pts',(91.5855862442073,-7.99999999999999,29.9335251288419));
#3236=CARTESIAN_POINT('Ctrl Pts',(97.3829799601235,-8.00000000000001,13.7586641001267));
#3237=CARTESIAN_POINT('Ctrl Pts',(98.601808700684,-8.,-1.7549433249529));
#3238=CARTESIAN_POINT('Ctrl Pts',(96.7447342491988,-7.99999999999999,-13.6047522855419));
#3239=CARTESIAN_POINT('Ctrl Pts',(94.9351460613332,-7.99999999999999,-20.1993324300897));
#3240=CARTESIAN_POINT('Ctrl Pts',(91.4985004408476,-7.99999999999999,-29.8620443674001));
#3241=CARTESIAN_POINT('Ctrl Pts',(82.0099014969015,-8.00000000000002,-46.3033823470086));
#3242=CARTESIAN_POINT('Ctrl Pts',(61.2892871309613,-7.99999999999999,-64.7569267007609));
#3243=CARTESIAN_POINT('Ctrl Pts',(42.3444459606682,-8.00000000000001,-73.1104062022381));
#3244=CARTESIAN_POINT('Ctrl Pts',(32.4964804212482,-8.00000000000001,-75.9506526362165));
#3245=CARTESIAN_POINT('Ctrl Pts',(32.4964804212482,-8.00000000000001,-75.9506526362165));
#3246=CARTESIAN_POINT('Ctrl Pts',(32.4923982003624,-8.00000000000001,-75.8810329413704));
#3247=CARTESIAN_POINT('Ctrl Pts',(32.4882267921933,-7.99768553360589,-75.8110820527924));
#3248=CARTESIAN_POINT('Ctrl Pts',(32.4707382163346,-7.97837700368917,-75.5225982815179));
#3249=CARTESIAN_POINT('Ctrl Pts',(32.4567533863223,-7.9407089883521,-75.3032096318667));
#3250=CARTESIAN_POINT('Ctrl Pts',(32.4155827668201,-7.76334256707135,-74.6854011904324));
#3251=CARTESIAN_POINT('Ctrl Pts',(32.3876233939785,-7.5644061706511,-74.3000156858162));
#3252=CARTESIAN_POINT('Ctrl Pts',(32.3369188848338,-7.01079811736086,-73.6371087652879));
#3253=CARTESIAN_POINT('Ctrl Pts',(32.3146988647917,-6.66452484596967,-73.3643290772759));
#3254=CARTESIAN_POINT('Ctrl Pts',(32.2835574746084,-5.87401499630897,-72.9895143571556));
#3255=CARTESIAN_POINT('Ctrl Pts',(32.2749952573913,-5.43961606178053,-72.8903429160763));
#3256=CARTESIAN_POINT('Ctrl Pts',(32.2749952573913,-5.,-72.8903429160763));
#3257=CARTESIAN_POINT('Ctrl Pts',(32.2749952573913,10.,-72.8903429160763));
#3258=CARTESIAN_POINT('Ctrl Pts',(32.2749952573913,5.,-72.8903429160763));
#3259=CARTESIAN_POINT('Ctrl Pts',(32.2749952573913,2.77555756156289E-15,
-72.8903429160763));
#3260=CARTESIAN_POINT('Ctrl Pts',(32.2749952573913,-5.,-72.8903429160763));
#3261=CARTESIAN_POINT('Ctrl Pts',(31.6714541976968,10.,-73.738570004658));
#3262=CARTESIAN_POINT('Ctrl Pts',(31.6714541976968,5.00000000000001,-73.738570004658));
#3263=CARTESIAN_POINT('Ctrl Pts',(31.6714541976968,-2.22044604925031E-15,
-73.738570004658));
#3264=CARTESIAN_POINT('Ctrl Pts',(31.6714541976968,-5.,-73.738570004658));
#3265=CARTESIAN_POINT('Ctrl Pts',(31.0679131380022,10.,-74.5867970932397));
#3266=CARTESIAN_POINT('Ctrl Pts',(31.0679131380022,5.,-74.5867970932397));
#3267=CARTESIAN_POINT('Ctrl Pts',(31.0679131380022,8.88178419700125E-15,
-74.5867970932397));
#3268=CARTESIAN_POINT('Ctrl Pts',(31.0679131380022,-5.,-74.5867970932397));
#3269=CARTESIAN_POINT('Ctrl Pts',(30.4643720783077,10.,-75.4350241818214));
#3270=CARTESIAN_POINT('Ctrl Pts',(30.4643720783077,5.,-75.4350241818214));
#3271=CARTESIAN_POINT('Ctrl Pts',(30.4643720783077,2.77555756156289E-15,
-75.4350241818214));
#3272=CARTESIAN_POINT('Ctrl Pts',(30.4643720783077,-5.,-75.4350241818214));
#3273=CARTESIAN_POINT('',(30.4643720783077,7.18750430107414,-75.4350241818214));
#3274=CARTESIAN_POINT('Ctrl Pts',(30.4643720783077,7.18750430107414,-75.4350241818214));
#3275=CARTESIAN_POINT('Ctrl Pts',(30.771046624575,7.31213902826737,-75.0040184476728));
#3276=CARTESIAN_POINT('Ctrl Pts',(31.0745935236249,7.50309105509945,-74.577408363159));
#3277=CARTESIAN_POINT('Ctrl Pts',(31.5616977750496,7.97613923627581,-73.8928235873845));
#3278=CARTESIAN_POINT('Ctrl Pts',(31.7635083571357,8.23596345202231,-73.6091954900336));
#3279=CARTESIAN_POINT('Ctrl Pts',(32.0379897366423,8.76900883506046,-73.223434591634));
#3280=CARTESIAN_POINT('Ctrl Pts',(32.1317675907974,9.01474723534778,-73.0916375665194));
#3281=CARTESIAN_POINT('Ctrl Pts',(32.2466054221729,9.51419312561088,-72.9302424836132));
#3282=CARTESIAN_POINT('Ctrl Pts',(32.2749952573913,9.75394011737326,-72.8903429160763));
#3283=CARTESIAN_POINT('Ctrl Pts',(32.2749952573913,10.,-72.8903429160763));
#3284=CARTESIAN_POINT('',(30.4643720783077,-4.99999999999999,-75.4350241818214));
#3285=CARTESIAN_POINT('Ctrl Pts',(30.4643720783077,7.18750430107415,-75.4350241818214));
#3286=CARTESIAN_POINT('Ctrl Pts',(30.4643720783077,3.12500286738277,-75.4350241818214));
#3287=CARTESIAN_POINT('Ctrl Pts',(30.4643720783077,-0.937498566308616,-75.4350241818214));
#3288=CARTESIAN_POINT('Ctrl Pts',(30.4643720783077,-5.,-75.4350241818214));
#3289=CARTESIAN_POINT('',(30.4643720783077,-4.99999999999999,-75.4350241818214));
#3290=CARTESIAN_POINT('Ctrl Pts',(32.2749952573913,-5.,-72.8903429160763));
#3291=CARTESIAN_POINT('Ctrl Pts',(32.2749952573913,-5.43961606178053,-72.8903429160763));
#3292=CARTESIAN_POINT('Ctrl Pts',(32.2835574746084,-5.87401499630897,-72.9895143571556));
#3293=CARTESIAN_POINT('Ctrl Pts',(32.3146988647917,-6.66452484596967,-73.3643290772759));
#3294=CARTESIAN_POINT('Ctrl Pts',(32.3369188848338,-7.01079811736086,-73.6371087652879));
#3295=CARTESIAN_POINT('Ctrl Pts',(32.3876233939785,-7.5644061706511,-74.3000156858162));
#3296=CARTESIAN_POINT('Ctrl Pts',(32.4155827668201,-7.76334256707135,-74.6854011904324));
#3297=CARTESIAN_POINT('Ctrl Pts',(32.4567533863223,-7.9407089883521,-75.3032096318667));
#3298=CARTESIAN_POINT('Ctrl Pts',(32.4707382163346,-7.97837700368917,-75.5225982815179));
#3299=CARTESIAN_POINT('Ctrl Pts',(32.4882267921933,-7.99768553360589,-75.8110820527924));
#3300=CARTESIAN_POINT('Ctrl Pts',(32.4923982003624,-8.00000000000001,-75.8810329413704));
#3301=CARTESIAN_POINT('Ctrl Pts',(32.4964804212482,-8.00000000000001,-75.9506526362165));
#3302=CARTESIAN_POINT('Ctrl Pts',(31.6714541976968,-5.,-73.738570004658));
#3303=CARTESIAN_POINT('Ctrl Pts',(31.671471490339,-5.3335322442165,-73.7386743363803));
#3304=CARTESIAN_POINT('Ctrl Pts',(31.6776104870335,-5.66339759377073,-73.8125608674755));
#3305=CARTESIAN_POINT('Ctrl Pts',(31.700146452423,-6.26741513451042,-74.0938968298031));
#3306=CARTESIAN_POINT('Ctrl Pts',(31.7162993090154,-6.53437470246763,-74.2993827367761));
#3307=CARTESIAN_POINT('Ctrl Pts',(31.7536031341128,-6.96697929949979,-74.8033463947665));
#3308=CARTESIAN_POINT('Ctrl Pts',(31.7744036585797,-7.12600920187157,-75.0985267268143));
#3309=CARTESIAN_POINT('Ctrl Pts',(31.8055970723607,-7.27308434257283,-75.5765753824643));
#3310=CARTESIAN_POINT('Ctrl Pts',(31.8162878033807,-7.30587199916991,-75.7470979271153));
#3311=CARTESIAN_POINT('Ctrl Pts',(31.8298182897001,-7.32563129657444,-75.9724795338337));
#3312=CARTESIAN_POINT('Ctrl Pts',(31.8330548847376,-7.32856770563598,-76.0271951019044));
#3313=CARTESIAN_POINT('Ctrl Pts',(31.8362369926256,-7.32971063473691,-76.0817477964488));
#3314=CARTESIAN_POINT('Ctrl Pts',(31.0679131380022,-5.,-74.5867970932397));
#3315=CARTESIAN_POINT('Ctrl Pts',(31.06789584536,-5.22772924283513,-74.5866927615173));
#3316=CARTESIAN_POINT('Ctrl Pts',(31.071650176851,-5.45271860600291,-74.6355259599571));
#3317=CARTESIAN_POINT('Ctrl Pts',(31.0855957707534,-5.8704446016269,-74.823476062039));
#3318=CARTESIAN_POINT('Ctrl Pts',(31.0956648101504,-6.058048418546,-74.9615658408702));
#3319=CARTESIAN_POINT('Ctrl Pts',(31.1195922432201,-6.3695226184685,-75.3067346911929));
#3320=CARTESIAN_POINT('Ctrl Pts',(31.1332411131246,-6.48885507102207,-75.5117529054292));
#3321=CARTESIAN_POINT('Ctrl Pts',(31.1544317803072,-6.60538129551758,-75.8498867046252));
#3322=CARTESIAN_POINT('Ctrl Pts',(31.1618467940609,-6.6334312308064,-75.9716546876922));
#3323=CARTESIAN_POINT('Ctrl Pts',(31.1714068166669,-6.65355800469477,-76.1338589849076));
#3324=CARTESIAN_POINT('Ctrl Pts',(31.1737139588461,-6.65715004623547,-76.1733717706597));
#3325=CARTESIAN_POINT('Ctrl Pts',(31.175993564003,-6.65942126947381,-76.212842956681));
#3326=CARTESIAN_POINT('Ctrl Pts',(30.4643720783077,-5.,-75.4350241818214));
#3327=CARTESIAN_POINT('Ctrl Pts',(30.4643720783077,-5.12164542527109,-75.4350241818214));
#3328=CARTESIAN_POINT('Ctrl Pts',(30.465703189276,-5.24210120346467,-75.458572470277));
#3329=CARTESIAN_POINT('Ctrl Pts',(30.4710433583847,-5.47333489016765,-75.5530438145662));
#3330=CARTESIAN_POINT('Ctrl Pts',(30.4750452343321,-5.58162500365276,-75.6238398123584));
#3331=CARTESIAN_POINT('Ctrl Pts',(30.4855719833544,-5.7720957473172,-75.8100654001433));
#3332=CARTESIAN_POINT('Ctrl Pts',(30.4920620048842,-5.85152170582228,-75.9248784418111));
#3333=CARTESIAN_POINT('Ctrl Pts',(30.5032754663455,-5.93775664973831,-76.1232524552227));
#3334=CARTESIAN_POINT('Ctrl Pts',(30.507396381107,-5.96092622628714,-76.1961543332896));
#3335=CARTESIAN_POINT('Ctrl Pts',(30.5129983141737,-5.98150376766332,-76.2952564659488));
#3336=CARTESIAN_POINT('Ctrl Pts',(30.5143706432213,-5.98571775187144,-76.3195339311937));
#3337=CARTESIAN_POINT('Ctrl Pts',(30.5157501353804,-5.98913190421071,-76.3439381169133));
#3338=CARTESIAN_POINT('',(30.5157501353804,-5.98913190421071,-76.3439381169133));
#3339=CARTESIAN_POINT('',(30.5157501353804,-5.98913190421071,-76.3439381169133));
#3340=CARTESIAN_POINT('Ctrl Pts',(30.4643720783077,-5.,-75.4350241818214));
#3341=CARTESIAN_POINT('Ctrl Pts',(30.4643720783077,-5.12164542527109,-75.4350241818214));
#3342=CARTESIAN_POINT('Ctrl Pts',(30.465703189276,-5.24210120346467,-75.458572470277));
#3343=CARTESIAN_POINT('Ctrl Pts',(30.4710433583847,-5.47333489016765,-75.5530438145662));
#3344=CARTESIAN_POINT('Ctrl Pts',(30.4750452343321,-5.58162500365276,-75.6238398123584));
#3345=CARTESIAN_POINT('Ctrl Pts',(30.4855719833544,-5.7720957473172,-75.8100654001433));
#3346=CARTESIAN_POINT('Ctrl Pts',(30.4920620048842,-5.85152170582228,-75.9248784418111));
#3347=CARTESIAN_POINT('Ctrl Pts',(30.5032754663455,-5.93775664973831,-76.1232524552227));
#3348=CARTESIAN_POINT('Ctrl Pts',(30.507396381107,-5.96092622628714,-76.1961543332896));
#3349=CARTESIAN_POINT('Ctrl Pts',(30.5129983141737,-5.98150376766332,-76.2952564659488));
#3350=CARTESIAN_POINT('Ctrl Pts',(30.5143706432213,-5.98571775187144,-76.3195339311937));
#3351=CARTESIAN_POINT('Ctrl Pts',(30.5157501353804,-5.98913190421071,-76.3439381169133));
#3352=CARTESIAN_POINT('Origin',(29.2703731922513,-7.,-36.5934011821028));
#3353=CARTESIAN_POINT('',(30.9086725633294,-6.,-83.2950119900993));
#3354=CARTESIAN_POINT('',(30.9086725633294,-6.,-83.2950119900993));
#3355=CARTESIAN_POINT('',(30.5245784715153,-6.,-76.5001175871755));
#3356=CARTESIAN_POINT('',(32.5213908218887,-8.,-76.3872440411334));
#3357=CARTESIAN_POINT('',(28.2719670170646,-6.,-36.6498379551239));
#3358=CARTESIAN_POINT('Ctrl Pts',(32.4964804212482,-8.,-75.9506526362165));
#3359=CARTESIAN_POINT('Ctrl Pts',(32.5051222727108,-8.,-76.0980339461837));
#3360=CARTESIAN_POINT('Ctrl Pts',(32.5132101522153,-8.,-76.2425222457169));
#3361=CARTESIAN_POINT('Ctrl Pts',(32.5213908218887,-8.,-76.3872440411334));
#3362=CARTESIAN_POINT('Ctrl Pts',(31.8362369926256,-7.3297106347369,-76.0817477964488));
#3363=CARTESIAN_POINT('Ctrl Pts',(31.8429716648955,-7.33211982965079,-76.1972228047072));
#3364=CARTESIAN_POINT('Ctrl Pts',(31.8493477041103,-7.33333333333334,-76.3109581040649));
#3365=CARTESIAN_POINT('Ctrl Pts',(31.8557867050976,-7.33333333333334,-76.4248685564808));
#3366=CARTESIAN_POINT('Ctrl Pts',(31.175993564003,-6.65942126947381,-76.212842956681));
#3367=CARTESIAN_POINT('Ctrl Pts',(31.1808210570801,-6.66423965930159,-76.2964116632307));
#3368=CARTESIAN_POINT('Ctrl Pts',(31.1854852560054,-6.66666666666667,-76.3793939624129));
#3369=CARTESIAN_POINT('Ctrl Pts',(31.1901825883065,-6.66666666666667,-76.4624930718281));
#3370=CARTESIAN_POINT('Ctrl Pts',(30.5157501353804,-5.98913190421071,-76.3439381169133));
#3371=CARTESIAN_POINT('Ctrl Pts',(30.5186704492648,-5.99635948895238,-76.3956005217542));
#3372=CARTESIAN_POINT('Ctrl Pts',(30.5216228079004,-6.00000000000001,-76.447829820761));
#3373=CARTESIAN_POINT('Ctrl Pts',(30.5245784715153,-6.00000000000001,-76.5001175871755));
#3374=CARTESIAN_POINT('Ctrl Pts',(30.5157501353804,-5.98913190421071,-76.3439381169133));
#3375=CARTESIAN_POINT('Ctrl Pts',(30.5186704492648,-5.99635948895238,-76.3956005217542));
#3376=CARTESIAN_POINT('Ctrl Pts',(30.5216228079004,-6.00000000000001,-76.447829820761));
#3377=CARTESIAN_POINT('Ctrl Pts',(30.5245784715153,-6.00000000000001,-76.5001175871755));
#3378=CARTESIAN_POINT('Ctrl Pts',(32.9258097402516,-7.97882458450816,-83.5436852501691));
#3379=CARTESIAN_POINT('Ctrl Pts',(32.9478433451368,-7.93197840352995,-83.9422641810806));
#3380=CARTESIAN_POINT('Ctrl Pts',(32.9669539174994,-7.80951143418933,-84.3186441826319));
#3381=CARTESIAN_POINT('Ctrl Pts',(32.9986662596082,-7.44539479313792,-84.9903240038772));
#3382=CARTESIAN_POINT('Ctrl Pts',(33.0111029874538,-7.20828540948316,-85.2806231225799));
#3383=CARTESIAN_POINT('Ctrl Pts',(33.0301718833273,-6.65767223105081,-85.7526131957325));
#3384=CARTESIAN_POINT('Ctrl Pts',(33.0367660956954,-6.35060496873526,-85.9318276924479));
#3385=CARTESIAN_POINT('Ctrl Pts',(33.0454923138651,-5.69265804736199,-86.1752157011747));
#3386=CARTESIAN_POINT('Ctrl Pts',(33.0475444833264,-5.34810849781665,-86.2365278685412));
#3387=CARTESIAN_POINT('Ctrl Pts',(33.0475444833264,-5.,-86.2365278685412));
#3388=CARTESIAN_POINT('Ctrl Pts',(32.2602429314688,-7.3192163896721,-83.5813076566116));
#3389=CARTESIAN_POINT('Ctrl Pts',(32.2775934577887,-7.28804775096383,-83.8941727552601));
#3390=CARTESIAN_POINT('Ctrl Pts',(32.2929781080529,-7.19706986005321,-84.1918266509539));
#3391=CARTESIAN_POINT('Ctrl Pts',(32.3189704229526,-6.9190251655851,-84.7254021388676));
#3392=CARTESIAN_POINT('Ctrl Pts',(32.3294260720741,-6.73540460502202,-84.957252149871));
#3393=CARTESIAN_POINT('Ctrl Pts',(32.3457114441165,-6.30556286901065,-85.3350777143711));
#3394=CARTESIAN_POINT('Ctrl Pts',(32.3514882441784,-6.06449286428968,-85.4789897897552));
#3395=CARTESIAN_POINT('Ctrl Pts',(32.3591864254218,-5.54651255296375,-85.6745253620895));
#3396=CARTESIAN_POINT('Ctrl Pts',(32.3610389717642,-5.27469081914074,-85.7239039510933));
#3397=CARTESIAN_POINT('Ctrl Pts',(32.3610325801432,-5.,-85.7238603476061));
#3398=CARTESIAN_POINT('Ctrl Pts',(31.594676122686,-6.65960819483605,-83.6189300630542));
#3399=CARTESIAN_POINT('Ctrl Pts',(31.6073608641619,-6.64393065256612,-83.8461989353036));
#3400=CARTESIAN_POINT('Ctrl Pts',(31.6190071583445,-6.58464365007105,-84.0650419893013));
#3401=CARTESIAN_POINT('Ctrl Pts',(31.6392727680339,-6.39258442907221,-84.460467898491));
#3402=CARTESIAN_POINT('Ctrl Pts',(31.6477543972689,-6.26247465375117,-84.6339163129314));
#3403=CARTESIAN_POINT('Ctrl Pts',(31.6612454709106,-5.95344796208329,-84.9175049023695));
#3404=CARTESIAN_POINT('Ctrl Pts',(31.6662077849489,-5.77831293690753,-85.0261335481363));
#3405=CARTESIAN_POINT('Ctrl Pts',(31.6728796723766,-5.40039839065604,-85.1738296660622));
#3406=CARTESIAN_POINT('Ctrl Pts',(31.6745142853389,-5.20119671781563,-85.2111492231839));
#3407=CARTESIAN_POINT('Ctrl Pts',(31.67452067696,-5.,-85.211192826671));
#3408=CARTESIAN_POINT('Ctrl Pts',(30.9291093139032,-5.99999999999999,-83.6565524694967));
#3409=CARTESIAN_POINT('Ctrl Pts',(30.9371109768138,-5.99999999999999,-83.7981075094832));
#3410=CARTESIAN_POINT('Ctrl Pts',(30.945031348898,-5.97220207593493,-83.9382244576234));
#3411=CARTESIAN_POINT('Ctrl Pts',(30.9595769313784,-5.8662148015194,-84.1955460334814));
#3412=CARTESIAN_POINT('Ctrl Pts',(30.9660774818892,-5.78959384929003,-84.3105453402225));
#3413=CARTESIAN_POINT('Ctrl Pts',(30.9767850316998,-5.60133860004314,-84.4999694210081));
#3414=CARTESIAN_POINT('Ctrl Pts',(30.980929933432,-5.49220083246195,-84.5732956454435));
#3415=CARTESIAN_POINT('Ctrl Pts',(30.9865737839332,-5.2542528962578,-84.6731393269769));
#3416=CARTESIAN_POINT('Ctrl Pts',(30.9880087737768,-5.12777903913972,-84.698525305736));
#3417=CARTESIAN_POINT('Ctrl Pts',(30.9880087737768,-5.,-84.698525305736));
#3418=CARTESIAN_POINT('',(30.9880087737768,-5.,-84.698525305736));
#3419=CARTESIAN_POINT('',(30.9880087737768,-5.,-84.698525305736));
#3420=CARTESIAN_POINT('',(30.9291093139032,-5.99999999999999,-83.6565524694967));
#3421=CARTESIAN_POINT('',(32.9258097402516,-7.97882458450816,-83.5436852501691));
#3422=CARTESIAN_POINT('Ctrl Pts',(30.9291093139032,-5.99999999999999,-83.6565524694967));
#3423=CARTESIAN_POINT('Ctrl Pts',(30.9371109768138,-5.99999999999999,-83.7981075094832));
#3424=CARTESIAN_POINT('Ctrl Pts',(30.945031348898,-5.97220207593493,-83.9382244576234));
#3425=CARTESIAN_POINT('Ctrl Pts',(30.9595769313784,-5.8662148015194,-84.1955460334814));
#3426=CARTESIAN_POINT('Ctrl Pts',(30.9660774818892,-5.78959384929003,-84.3105453402225));
#3427=CARTESIAN_POINT('Ctrl Pts',(30.9767850316998,-5.60133860004314,-84.4999694210081));
#3428=CARTESIAN_POINT('Ctrl Pts',(30.980929933432,-5.49220083246195,-84.5732956454435));
#3429=CARTESIAN_POINT('Ctrl Pts',(30.9865737839332,-5.2542528962578,-84.6731393269769));
#3430=CARTESIAN_POINT('Ctrl Pts',(30.9880087737768,-5.12777903913972,-84.698525305736));
#3431=CARTESIAN_POINT('Ctrl Pts',(30.9880087737768,-5.,-84.698525305736));
#3432=CARTESIAN_POINT('Ctrl Pts',(33.0475444833264,-5.,-86.2365278685412));
#3433=CARTESIAN_POINT('Ctrl Pts',(33.0475444833264,3.33510996597397E-12,
-86.2365278685412));
#3434=CARTESIAN_POINT('Ctrl Pts',(33.0475444833264,5.00000000000667,-86.2365278685412));
#3435=CARTESIAN_POINT('Ctrl Pts',(33.0475444833264,10.00000000001,-86.2365278685412));
#3436=CARTESIAN_POINT('Ctrl Pts',(32.3610325801432,-5.,-85.7238603476061));
#3437=CARTESIAN_POINT('Ctrl Pts',(32.3610325801432,3.33177929690009E-12,
-85.7238603476061));
#3438=CARTESIAN_POINT('Ctrl Pts',(32.3610325801432,5.00000000000667,-85.7238603476061));
#3439=CARTESIAN_POINT('Ctrl Pts',(32.3610325801432,10.00000000001,-85.7238603476061));
#3440=CARTESIAN_POINT('Ctrl Pts',(31.67452067696,-5.,-85.2111928266711));
#3441=CARTESIAN_POINT('Ctrl Pts',(31.67452067696,3.33510996597397E-12,-85.2111928266711));
#3442=CARTESIAN_POINT('Ctrl Pts',(31.67452067696,5.00000000000667,-85.2111928266711));
#3443=CARTESIAN_POINT('Ctrl Pts',(31.67452067696,10.00000000001,-85.2111928266711));
#3444=CARTESIAN_POINT('Ctrl Pts',(30.9880087737768,-5.,-84.698525305736));
#3445=CARTESIAN_POINT('Ctrl Pts',(30.9880087737768,3.33177929690009E-12,
-84.698525305736));
#3446=CARTESIAN_POINT('Ctrl Pts',(30.9880087737768,5.00000000000667,-84.698525305736));
#3447=CARTESIAN_POINT('Ctrl Pts',(30.9880087737768,10.00000000001,-84.698525305736));
#3448=CARTESIAN_POINT('',(30.9880087737768,7.18179376132464,-84.698525305736));
#3449=CARTESIAN_POINT('',(33.0475444833264,10.00000000001,-86.2365278685412));
#3450=CARTESIAN_POINT('Ctrl Pts',(33.0475444833264,10.,-86.2365278685412));
#3451=CARTESIAN_POINT('Ctrl Pts',(33.0475444833264,9.793304162103,-86.2365278685412));
#3452=CARTESIAN_POINT('Ctrl Pts',(33.0253474836243,9.58858420628794,-86.2199517818678));
#3453=CARTESIAN_POINT('Ctrl Pts',(32.9379013016739,9.18426544103881,-86.1546494657567));
#3454=CARTESIAN_POINT('Ctrl Pts',(32.8723057831366,8.98833307909589,-86.1056646022635));
#3455=CARTESIAN_POINT('Ctrl Pts',(32.6295720486176,8.4519670126351,-85.9243979682166));
#3456=CARTESIAN_POINT('Ctrl Pts',(32.4091498775822,8.14888326113621,-85.7597929738109));
#3457=CARTESIAN_POINT('Ctrl Pts',(31.826523547472,7.57992014171012,-85.3247042376884));
#3458=CARTESIAN_POINT('Ctrl Pts',(31.4290941028513,7.33508833795001,-85.0279152567753));
#3459=CARTESIAN_POINT('Ctrl Pts',(30.9880087737768,7.18179376132464,-84.698525305736));
#3460=CARTESIAN_POINT('Ctrl Pts',(33.0475444833264,10.00000000001,-86.2365278685412));
#3461=CARTESIAN_POINT('Ctrl Pts',(33.0475444833264,5.00000000000667,-86.2365278685412));
#3462=CARTESIAN_POINT('Ctrl Pts',(33.0475444833264,3.33510996597397E-12,
-86.2365278685412));
#3463=CARTESIAN_POINT('Ctrl Pts',(33.0475444833264,-5.,-86.2365278685412));
#3464=CARTESIAN_POINT('Ctrl Pts',(30.9880087737768,-5.,-84.698525305736));
#3465=CARTESIAN_POINT('Ctrl Pts',(30.9880087737768,-0.939402079558455,-84.698525305736));
#3466=CARTESIAN_POINT('Ctrl Pts',(30.9880087737768,3.1211958408831,-84.698525305736));
#3467=CARTESIAN_POINT('Ctrl Pts',(30.9880087737768,7.18179376132465,-84.698525305736));
#3468=CARTESIAN_POINT('Ctrl Pts',(32.9054849137028,-7.99999999999999,-83.1821384440572));
#3469=CARTESIAN_POINT('Ctrl Pts',(32.9122971639573,-7.99999999999999,-83.3026519383077));
#3470=CARTESIAN_POINT('Ctrl Pts',(32.9191472376876,-7.99298989271086,-83.4231632945156));
#3471=CARTESIAN_POINT('Ctrl Pts',(32.9258097404371,-7.97882458411391,-83.5436852535234));
#3472=CARTESIAN_POINT('Ctrl Pts',(32.2398807969117,-7.33333333333333,-83.2197629594046));
#3473=CARTESIAN_POINT('Ctrl Pts',(32.2466930471661,-7.33333333333333,-83.3402764536551));
#3474=CARTESIAN_POINT('Ctrl Pts',(32.2535305130712,-7.32865992847391,-83.4607885225439));
#3475=CARTESIAN_POINT('Ctrl Pts',(32.2602429316557,-7.31921638940927,-83.5813076599659));
#3476=CARTESIAN_POINT('Ctrl Pts',(31.5742766801205,-6.66666666666667,-83.257387474752));
#3477=CARTESIAN_POINT('Ctrl Pts',(31.581088930375,-6.66666666666667,-83.3779009690025));
#3478=CARTESIAN_POINT('Ctrl Pts',(31.5879137884548,-6.66432996423695,-83.4984137505721));
#3479=CARTESIAN_POINT('Ctrl Pts',(31.5946761228742,-6.65960819470464,-83.6189300664084));
#3480=CARTESIAN_POINT('Ctrl Pts',(30.9086725633294,-6.,-83.2950119900993));
#3481=CARTESIAN_POINT('Ctrl Pts',(30.9154848135839,-6.,-83.4155254843498));
#3482=CARTESIAN_POINT('Ctrl Pts',(30.9222970638383,-6.,-83.5360389786004));
#3483=CARTESIAN_POINT('Ctrl Pts',(30.9291093140928,-6.,-83.6565524728509));
#3484=CARTESIAN_POINT('Ctrl Pts',(30.9086725633294,-6.,-83.2950119900993));
#3485=CARTESIAN_POINT('Ctrl Pts',(30.9154848135207,-6.,-83.4155254832318));
#3486=CARTESIAN_POINT('Ctrl Pts',(30.9222970637119,-6.,-83.5360389763643));
#3487=CARTESIAN_POINT('Ctrl Pts',(30.9291093139032,-6.,-83.6565524694967));
#3488=CARTESIAN_POINT('Ctrl Pts',(-65.6387882204829,-5.00000000000005,73.4382118288427));
#3489=CARTESIAN_POINT('Ctrl Pts',(16.8015348442141,-5.00000000000005,120.255822834677));
#3490=CARTESIAN_POINT('Ctrl Pts',(84.2999708628644,-5.00000000000005,60.1279114173672));
#3491=CARTESIAN_POINT('Ctrl Pts',(151.798406881515,-5.00000000000005,0.));
#3492=CARTESIAN_POINT('Ctrl Pts',(84.2999708629353,-5.00000000000005,-60.127911417304));
#3493=CARTESIAN_POINT('Ctrl Pts',(16.801534844356,-5.00000000000005,-120.255822834665));
#3494=CARTESIAN_POINT('Ctrl Pts',(-65.6387882203962,-5.00000000000005,-73.438211828892));
#3495=CARTESIAN_POINT('Ctrl Pts',(-65.6387882204829,64.,73.4382118288427));
#3496=CARTESIAN_POINT('Ctrl Pts',(16.8015348442141,64.,120.255822834677));
#3497=CARTESIAN_POINT('Ctrl Pts',(84.2999708628644,64.,60.1279114173672));
#3498=CARTESIAN_POINT('Ctrl Pts',(151.798406881515,64.,0.));
#3499=CARTESIAN_POINT('Ctrl Pts',(84.2999708629353,64.,-60.127911417304));
#3500=CARTESIAN_POINT('Ctrl Pts',(16.801534844356,64.,-120.255822834665));
#3501=CARTESIAN_POINT('Ctrl Pts',(-65.6387882203962,64.,-73.438211828892));
#3502=CARTESIAN_POINT('',(31.1008823197361,10.,-86.6953376561283));
#3503=CARTESIAN_POINT('Ctrl Pts',(33.0475444833264,10.,-86.2365278685412));
#3504=CARTESIAN_POINT('Ctrl Pts',(32.3997415866828,10.,-86.3942606355072));
#3505=CARTESIAN_POINT('Ctrl Pts',(31.7508442923328,10.,-86.5472488780616));
#3506=CARTESIAN_POINT('Ctrl Pts',(31.1009180527164,10.,-86.6954943139124));
#3507=CARTESIAN_POINT('',(-65.6387882207756,10.,-73.4382118295598));
#3508=CARTESIAN_POINT('Ctrl Pts',(-65.6387882203962,10.,-73.438211828892));
#3509=CARTESIAN_POINT('Ctrl Pts',(-61.4060400685616,10.,-75.8419767474543));
#3510=CARTESIAN_POINT('Ctrl Pts',(-48.2636608674999,9.99999999999999,-82.2569956821734));
#3511=CARTESIAN_POINT('Ctrl Pts',(-16.103944612984,10.,-91.4999658086857));
#3512=CARTESIAN_POINT('Ctrl Pts',(12.8420046599034,10.,-90.8602754984305));
#3513=CARTESIAN_POINT('Ctrl Pts',(31.1009180527164,10.,-86.6954943139124));
#3514=CARTESIAN_POINT('',(-65.6387882160469,49.,-73.4382118314233));
#3515=CARTESIAN_POINT('',(-65.6387882159126,0.,-73.4382118314672));
#3516=CARTESIAN_POINT('',(31.1008823197362,49.,-86.6953376561283));
#3517=CARTESIAN_POINT('Ctrl Pts',(31.1009182413281,49.,-86.6954951402025));
#3518=CARTESIAN_POINT('Ctrl Pts',(12.8420082099366,49.,-90.8602915970283));
#3519=CARTESIAN_POINT('Ctrl Pts',(-16.1038674967101,49.,-91.5003158404204));
#3520=CARTESIAN_POINT('Ctrl Pts',(-48.2636982664811,49.,-82.2568080434021));
#3521=CARTESIAN_POINT('Ctrl Pts',(-61.4060400655826,49.,-75.8419767489045));
#3522=CARTESIAN_POINT('Ctrl Pts',(-65.6387882160206,49.,-73.4382118313769));
#3523=CARTESIAN_POINT('',(33.0475444833264,48.99999999999,-86.2365278685412));
#3524=CARTESIAN_POINT('Ctrl Pts',(31.1009182413281,49.,-86.6954951402025));
#3525=CARTESIAN_POINT('Ctrl Pts',(31.7508443591196,49.,-86.5472491612299));
#3526=CARTESIAN_POINT('Ctrl Pts',(32.3997415888023,49.,-86.3942606349911));
#3527=CARTESIAN_POINT('Ctrl Pts',(33.0475444833264,49.,-86.2365278685412));
#3528=CARTESIAN_POINT('',(33.0475444833264,64.,-86.2365278685412));
#3529=CARTESIAN_POINT('Ctrl Pts',(33.0475444833264,64.,-86.2365278685412));
#3530=CARTESIAN_POINT('Ctrl Pts',(33.0475444833264,59.,-86.2365278685412));
#3531=CARTESIAN_POINT('Ctrl Pts',(33.0475444833264,54.,-86.2365278685412));
#3532=CARTESIAN_POINT('Ctrl Pts',(33.0475444833264,49.,-86.2365278685412));
#3533=CARTESIAN_POINT('',(33.0475444833264,64.,86.2365278685412));
#3534=CARTESIAN_POINT('Ctrl Pts',(33.0475444833264,64.,86.2365278685412));
#3535=CARTESIAN_POINT('Ctrl Pts',(44.6697381514528,64.,83.4066535734635));
#3536=CARTESIAN_POINT('Ctrl Pts',(67.2125170799041,64.0000000000001,74.6757131627516));
#3537=CARTESIAN_POINT('Ctrl Pts',(92.6365432586869,63.9999999999999,54.2783929888509));
#3538=CARTESIAN_POINT('Ctrl Pts',(105.807850048168,64.,33.5877756077794));
#3539=CARTESIAN_POINT('Ctrl Pts',(111.138447841868,64.,18.1943646744773));
#3540=CARTESIAN_POINT('Ctrl Pts',(113.2089247886,64.,6.12566076718475));
#3541=CARTESIAN_POINT('Ctrl Pts',(113.207753947862,64.,-6.12484100551082));
#3542=CARTESIAN_POINT('Ctrl Pts',(110.795876549751,64.,-20.2109676175577));
#3543=CARTESIAN_POINT('Ctrl Pts',(104.812587667705,64.,-35.4081064049435));
#3544=CARTESIAN_POINT('Ctrl Pts',(91.0426791514694,64.0000000000001,-55.5497387601664));
#3545=CARTESIAN_POINT('Ctrl Pts',(67.2156450436881,63.9999999999999,-74.6780344896086));
#3546=CARTESIAN_POINT('Ctrl Pts',(44.6697381514529,64.,-83.4066535734635));
#3547=CARTESIAN_POINT('Ctrl Pts',(33.0475444833264,64.,-86.2365278685412));
#3548=CARTESIAN_POINT('',(33.0475444833264,48.99999999999,86.2365278685412));
#3549=CARTESIAN_POINT('Ctrl Pts',(33.0475444833264,49.,86.2365278685412));
#3550=CARTESIAN_POINT('Ctrl Pts',(33.0475444833264,54.,86.2365278685412));
#3551=CARTESIAN_POINT('Ctrl Pts',(33.0475444833264,59.,86.2365278685412));
#3552=CARTESIAN_POINT('Ctrl Pts',(33.0475444833264,64.,86.2365278685412));
#3553=CARTESIAN_POINT('',(31.1008823197363,49.,86.6953376561282));
#3554=CARTESIAN_POINT('Ctrl Pts',(33.0475444833264,49.,86.2365278685412));
#3555=CARTESIAN_POINT('Ctrl Pts',(32.3997387626647,49.,86.3942613231241));
#3556=CARTESIAN_POINT('Ctrl Pts',(31.7508366500487,49.,86.5472278369478));
#3557=CARTESIAN_POINT('Ctrl Pts',(31.1009037937215,49.,86.6954318280083));
#3558=CARTESIAN_POINT('',(-65.6387882208639,49.,73.4382118295139));
#3559=CARTESIAN_POINT('Ctrl Pts',(-65.6387882204829,49.,73.4382118288427));
#3560=CARTESIAN_POINT('Ctrl Pts',(-57.1732919193894,49.,78.2457416645142));
#3561=CARTESIAN_POINT('Ctrl Pts',(-39.0947524282585,49.,85.7188932245758));
#3562=CARTESIAN_POINT('Ctrl Pts',(-6.17612125489995,49.,91.5157294223049));
#3563=CARTESIAN_POINT('Ctrl Pts',(17.5691243699732,49.,89.7810793640995));
#3564=CARTESIAN_POINT('Ctrl Pts',(31.1009037937215,49.,86.6954318280083));
#3565=CARTESIAN_POINT('',(-65.6387882160651,10.,73.438211831413));
#3566=CARTESIAN_POINT('',(-65.6387882158941,0.,73.4382118314487));
#3567=CARTESIAN_POINT('',(31.1008823197361,10.,86.6953376561283));
#3568=CARTESIAN_POINT('Ctrl Pts',(31.1009180527187,10.,86.6954943139226));
#3569=CARTESIAN_POINT('Ctrl Pts',(12.8420046609673,10.,90.8602754983933));
#3570=CARTESIAN_POINT('Ctrl Pts',(-16.103944604214,10.,91.4999658116274));
#3571=CARTESIAN_POINT('Ctrl Pts',(-48.2636608784166,10.,82.256995678191));
#3572=CARTESIAN_POINT('Ctrl Pts',(-61.4060400656003,10.,75.8419767488954));
#3573=CARTESIAN_POINT('Ctrl Pts',(-65.6387882160387,10.,73.4382118313666));
#3574=CARTESIAN_POINT('Ctrl Pts',(31.1009180527187,10.,86.6954943139226));
#3575=CARTESIAN_POINT('Ctrl Pts',(31.7508442923291,10.,86.5472488780662));
#3576=CARTESIAN_POINT('Ctrl Pts',(32.3997415866782,10.,86.3942606355083));
#3577=CARTESIAN_POINT('Ctrl Pts',(33.0475444833264,10.,86.2365278685412));
#3578=CARTESIAN_POINT('Ctrl Pts',(32.2749952573913,49.,72.8903429160763));
#3579=CARTESIAN_POINT('Ctrl Pts',(32.2749952573913,54.,72.8903429160763));
#3580=CARTESIAN_POINT('Ctrl Pts',(32.2749952573913,59.,72.8903429160763));
#3581=CARTESIAN_POINT('Ctrl Pts',(32.2749952573913,64.,72.8903429160763));
#3582=CARTESIAN_POINT('Ctrl Pts',(31.6714541976968,49.,73.738570004658));
#3583=CARTESIAN_POINT('Ctrl Pts',(31.6714541976968,54.,73.738570004658));
#3584=CARTESIAN_POINT('Ctrl Pts',(31.6714541976968,59.,73.738570004658));
#3585=CARTESIAN_POINT('Ctrl Pts',(31.6714541976968,64.,73.738570004658));
#3586=CARTESIAN_POINT('Ctrl Pts',(31.0679131380022,49.,74.5867970932397));
#3587=CARTESIAN_POINT('Ctrl Pts',(31.0679131380022,54.,74.5867970932397));
#3588=CARTESIAN_POINT('Ctrl Pts',(31.0679131380022,59.,74.5867970932397));
#3589=CARTESIAN_POINT('Ctrl Pts',(31.0679131380022,64.,74.5867970932397));
#3590=CARTESIAN_POINT('Ctrl Pts',(30.4643720783077,49.,75.4350241818214));
#3591=CARTESIAN_POINT('Ctrl Pts',(30.4643720783077,54.,75.4350241818214));
#3592=CARTESIAN_POINT('Ctrl Pts',(30.4643720783077,59.,75.4350241818214));
#3593=CARTESIAN_POINT('Ctrl Pts',(30.4643720783077,64.,75.4350241818214));
#3594=CARTESIAN_POINT('',(30.4643720783077,51.8124956989259,75.4350241818214));
#3595=CARTESIAN_POINT('Ctrl Pts',(30.4643720783077,51.8124956989259,75.4350241818214));
#3596=CARTESIAN_POINT('Ctrl Pts',(30.7710465136244,51.6878610168238,75.0040186036048));
#3597=CARTESIAN_POINT('Ctrl Pts',(31.0745933015136,51.4969090840733,74.5774086753181));
#3598=CARTESIAN_POINT('Ctrl Pts',(31.5616975630361,51.0238610294616,73.8928238853519));
#3599=CARTESIAN_POINT('Ctrl Pts',(31.7635082331284,50.7640367564141,73.6091956643156));
#3600=CARTESIAN_POINT('Ctrl Pts',(32.0379897010222,50.2309912565315,73.2234346416951));
#3601=CARTESIAN_POINT('Ctrl Pts',(32.1317675754544,49.9852528238432,73.0916375880827));
#3602=CARTESIAN_POINT('Ctrl Pts',(32.2466054205868,49.4858068876638,72.9302424858424));
#3603=CARTESIAN_POINT('Ctrl Pts',(32.2749952573913,49.2460598895108,72.8903429160763));
#3604=CARTESIAN_POINT('Ctrl Pts',(32.2749952573913,49.,72.8903429160763));
#3605=CARTESIAN_POINT('',(30.4643720783077,64.,75.4350241818214));
#3606=CARTESIAN_POINT('Ctrl Pts',(30.4643720783077,51.8124956989259,75.4350241818214));
#3607=CARTESIAN_POINT('Ctrl Pts',(30.4643720783077,55.8749971326172,75.4350241818214));
#3608=CARTESIAN_POINT('Ctrl Pts',(30.4643720783077,59.9374985663086,75.4350241818214));
#3609=CARTESIAN_POINT('Ctrl Pts',(30.4643720783077,64.,75.4350241818214));
#3610=CARTESIAN_POINT('',(30.4643720783077,64.,75.4350241818214));
#3611=CARTESIAN_POINT('Ctrl Pts',(32.2749952573913,64.,72.8903429160763));
#3612=CARTESIAN_POINT('Ctrl Pts',(32.2749952573913,64.4396160617843,72.8903429160763));
#3613=CARTESIAN_POINT('Ctrl Pts',(32.2835575639263,64.8740144243225,72.9895148453625));
#3614=CARTESIAN_POINT('Ctrl Pts',(32.314698935931,65.6645240317192,73.3643294840578));
#3615=CARTESIAN_POINT('Ctrl Pts',(32.3369189516807,66.0107972321983,73.6371091534695));
#3616=CARTESIAN_POINT('Ctrl Pts',(32.3876234151208,66.5644054343517,74.3000158301536));
#3617=CARTESIAN_POINT('Ctrl Pts',(32.4155827672838,66.7633420927799,74.6854012159018));
#3618=CARTESIAN_POINT('Ctrl Pts',(32.4567533890042,66.940708814328,75.3032096535668));
#3619=CARTESIAN_POINT('Ctrl Pts',(32.4707382163819,66.9783769304105,75.5225982851095));
#3620=CARTESIAN_POINT('Ctrl Pts',(32.4882267923202,66.9976855222471,75.8110820539783));
#3621=CARTESIAN_POINT('Ctrl Pts',(32.4923982003633,67.,75.8810329413866));
#3622=CARTESIAN_POINT('Ctrl Pts',(32.4964804212482,67.,75.9506526362165));
#3623=CARTESIAN_POINT('Ctrl Pts',(31.6714541976968,64.,73.738570004658));
#3624=CARTESIAN_POINT('Ctrl Pts',(31.671471490339,64.3335322442193,73.7386743363803));
#3625=CARTESIAN_POINT('Ctrl Pts',(31.6776105763513,64.6633970217824,73.8125613556819));
#3626=CARTESIAN_POINT('Ctrl Pts',(31.700146523562,65.2674143202542,74.0938972365816));
#3627=CARTESIAN_POINT('Ctrl Pts',(31.7162993758618,65.5343738172973,74.2993831249508));
#3628=CARTESIAN_POINT('Ctrl Pts',(31.7536031552538,65.9669785631913,74.8033465390887));
#3629=CARTESIAN_POINT('Ctrl Pts',(31.7744036590418,66.1260087275722,75.0985267522636));
#3630=CARTESIAN_POINT('Ctrl Pts',(31.8055970750412,66.2730841685463,75.5765754041447));
#3631=CARTESIAN_POINT('Ctrl Pts',(31.816287803427,66.3058719258906,75.7470979306918));
#3632=CARTESIAN_POINT('Ctrl Pts',(31.8298182898266,66.3256312852159,75.9724795350125));
#3633=CARTESIAN_POINT('Ctrl Pts',(31.8330548847383,66.3285677056362,76.0271951019171));
#3634=CARTESIAN_POINT('Ctrl Pts',(31.8362369926256,66.3297106347369,76.0817477964487));
#3635=CARTESIAN_POINT('Ctrl Pts',(31.0679131380022,64.,74.5867970932397));
#3636=CARTESIAN_POINT('Ctrl Pts',(31.06789584536,64.2277292428378,74.5866927615173));
#3637=CARTESIAN_POINT('Ctrl Pts',(31.0716501725041,64.4527187323997,74.6355258830582));
#3638=CARTESIAN_POINT('Ctrl Pts',(31.0855957689859,64.8704447656029,74.8234760307687));
#3639=CARTESIAN_POINT('Ctrl Pts',(31.0956648090442,65.0580485900465,74.9615658212971));
#3640=CARTESIAN_POINT('Ctrl Pts',(31.1195922449716,65.3695227332251,75.3067347221709));
#3641=CARTESIAN_POINT('Ctrl Pts',(31.1332411152965,65.4888551371551,75.5117529438437));
#3642=CARTESIAN_POINT('Ctrl Pts',(31.1544317808656,65.6053813200843,75.8498867145007));
#3643=CARTESIAN_POINT('Ctrl Pts',(31.1618467943811,65.6334312404533,75.971654693355));
#3644=CARTESIAN_POINT('Ctrl Pts',(31.1714068167079,65.6535580062667,76.1338589856339));
#3645=CARTESIAN_POINT('Ctrl Pts',(31.1737139588466,65.657150046236,76.1733717706689));
#3646=CARTESIAN_POINT('Ctrl Pts',(31.175993564003,65.6594212694738,76.212842956681));
#3647=CARTESIAN_POINT('Ctrl Pts',(30.4643720783077,64.,75.4350241818214));
#3648=CARTESIAN_POINT('Ctrl Pts',(30.4643720783077,64.1216454252728,75.4350241818214));
#3649=CARTESIAN_POINT('Ctrl Pts',(30.4657031849291,64.2421013298596,75.4585723933776));
#3650=CARTESIAN_POINT('Ctrl Pts',(30.4710433566169,64.4733350541379,75.5530437832926));
#3651=CARTESIAN_POINT('Ctrl Pts',(30.4750452332253,64.5816251751454,75.6238397927784));
#3652=CARTESIAN_POINT('Ctrl Pts',(30.4855719851046,64.7720958620647,75.810065431106));
#3653=CARTESIAN_POINT('Ctrl Pts',(30.4920620070545,64.8515217719474,75.9248784802055));
#3654=CARTESIAN_POINT('Ctrl Pts',(30.5032754669026,64.9377566743026,76.1232524650785));
#3655=CARTESIAN_POINT('Ctrl Pts',(30.5073963814262,64.9609262359333,76.1961543389373));
#3656=CARTESIAN_POINT('Ctrl Pts',(30.5129983142143,64.9815037692356,76.295256466668));
#3657=CARTESIAN_POINT('Ctrl Pts',(30.5143706432216,64.9857177518722,76.3195339311993));
#3658=CARTESIAN_POINT('Ctrl Pts',(30.5157501353804,64.9891319042107,76.3439381169133));
#3659=CARTESIAN_POINT('',(30.5157501353804,64.9891319042107,76.3439381169133));
#3660=CARTESIAN_POINT('',(32.4964804212482,67.,75.9506526362165));
#3661=CARTESIAN_POINT('',(30.5157501353804,64.9891319042107,76.3439381169133));
#3662=CARTESIAN_POINT('Ctrl Pts',(32.4964804212482,67.,75.9506526362165));
#3663=CARTESIAN_POINT('Ctrl Pts',(32.4923982003633,67.,75.8810329413866));
#3664=CARTESIAN_POINT('Ctrl Pts',(32.4882267923202,66.9976855222471,75.8110820539783));
#3665=CARTESIAN_POINT('Ctrl Pts',(32.4707382163819,66.9783769304105,75.5225982851095));
#3666=CARTESIAN_POINT('Ctrl Pts',(32.4567533890042,66.940708814328,75.3032096535668));
#3667=CARTESIAN_POINT('Ctrl Pts',(32.4155827672838,66.7633420927799,74.6854012159018));
#3668=CARTESIAN_POINT('Ctrl Pts',(32.3876234151208,66.5644054343517,74.3000158301536));
#3669=CARTESIAN_POINT('Ctrl Pts',(32.3369189516807,66.0107972321983,73.6371091534695));
#3670=CARTESIAN_POINT('Ctrl Pts',(32.314698935931,65.6645240317192,73.3643294840578));
#3671=CARTESIAN_POINT('Ctrl Pts',(32.2835575639263,64.8740144243225,72.9895148453625));
#3672=CARTESIAN_POINT('Ctrl Pts',(32.2749952573913,64.4396160617843,72.8903429160763));
#3673=CARTESIAN_POINT('Ctrl Pts',(32.2749952573913,64.,72.8903429160763));
#3674=CARTESIAN_POINT('Ctrl Pts',(30.4643720783077,64.,75.4350241818214));
#3675=CARTESIAN_POINT('Ctrl Pts',(30.4643720783077,64.1216454252728,75.4350241818214));
#3676=CARTESIAN_POINT('Ctrl Pts',(30.4657031849291,64.2421013298596,75.4585723933776));
#3677=CARTESIAN_POINT('Ctrl Pts',(30.4710433566169,64.4733350541379,75.5530437832926));
#3678=CARTESIAN_POINT('Ctrl Pts',(30.4750452332253,64.5816251751454,75.6238397927784));
#3679=CARTESIAN_POINT('Ctrl Pts',(30.4855719851046,64.7720958620647,75.810065431106));
#3680=CARTESIAN_POINT('Ctrl Pts',(30.4920620070545,64.8515217719474,75.9248784802055));
#3681=CARTESIAN_POINT('Ctrl Pts',(30.5032754669026,64.9377566743026,76.1232524650785));
#3682=CARTESIAN_POINT('Ctrl Pts',(30.5073963814262,64.9609262359333,76.1961543389373));
#3683=CARTESIAN_POINT('Ctrl Pts',(30.5129983142143,64.9815037692356,76.295256466668));
#3684=CARTESIAN_POINT('Ctrl Pts',(30.5143706432216,64.9857177518722,76.3195339311993));
#3685=CARTESIAN_POINT('Ctrl Pts',(30.5157501353804,64.9891319042107,76.3439381169133));
#3686=CARTESIAN_POINT('Origin',(29.2703731922513,66.,36.5934011821028));
#3687=CARTESIAN_POINT('',(30.9086725633294,65.,83.2950119900993));
#3688=CARTESIAN_POINT('',(32.9054849137028,67.,83.1821384440572));
#3689=CARTESIAN_POINT('',(30.9086725633294,65.,83.2950119900993));
#3690=CARTESIAN_POINT('',(32.5213908218887,67.,76.3872440411334));
#3691=CARTESIAN_POINT('',(30.268779367438,67.,36.5369644090817));
#3692=CARTESIAN_POINT('',(30.5245784715153,65.,76.5001175871755));
#3693=CARTESIAN_POINT('',(32.5213908218887,67.,76.3872440411334));
#3694=CARTESIAN_POINT('',(28.2719670170646,65.,36.6498379551239));
#3695=CARTESIAN_POINT('Ctrl Pts',(32.4964804212482,67.,75.9506526362165));
#3696=CARTESIAN_POINT('Ctrl Pts',(32.5051222727108,67.,76.0980339461837));
#3697=CARTESIAN_POINT('Ctrl Pts',(32.5132101522153,67.,76.2425222457168));
#3698=CARTESIAN_POINT('Ctrl Pts',(32.5213908218887,67.,76.3872440411334));
#3699=CARTESIAN_POINT('Ctrl Pts',(31.8362369926256,66.3297106347369,76.0817477964487));
#3700=CARTESIAN_POINT('Ctrl Pts',(31.8429716648955,66.3321198296508,76.1972228047072));
#3701=CARTESIAN_POINT('Ctrl Pts',(31.8493477041103,66.3333333333333,76.3109581040648));
#3702=CARTESIAN_POINT('Ctrl Pts',(31.8557867050976,66.3333333333333,76.4248685564807));
#3703=CARTESIAN_POINT('Ctrl Pts',(31.175993564003,65.6594212694738,76.212842956681));
#3704=CARTESIAN_POINT('Ctrl Pts',(31.1808210570802,65.6642396593016,76.2964116632307));
#3705=CARTESIAN_POINT('Ctrl Pts',(31.1854852560054,65.6666666666667,76.3793939624128));
#3706=CARTESIAN_POINT('Ctrl Pts',(31.1901825883065,65.6666666666667,76.4624930718281));
#3707=CARTESIAN_POINT('Ctrl Pts',(30.5157501353804,64.9891319042107,76.3439381169133));
#3708=CARTESIAN_POINT('Ctrl Pts',(30.5186704492648,64.9963594889524,76.3956005217542));
#3709=CARTESIAN_POINT('Ctrl Pts',(30.5216228079004,65.,76.4478298207608));
#3710=CARTESIAN_POINT('Ctrl Pts',(30.5245784715153,65.,76.5001175871755));
#3711=CARTESIAN_POINT('Ctrl Pts',(32.5213908218887,67.,76.3872440411334));
#3712=CARTESIAN_POINT('Ctrl Pts',(32.5132101522153,67.,76.2425222457168));
#3713=CARTESIAN_POINT('Ctrl Pts',(32.5051222727108,67.,76.0980339461837));
#3714=CARTESIAN_POINT('Ctrl Pts',(32.4964804212482,67.,75.9506526362165));
#3715=CARTESIAN_POINT('Ctrl Pts',(30.5157501353804,64.9891319042107,76.3439381169133));
#3716=CARTESIAN_POINT('Ctrl Pts',(30.5186704492648,64.9963594889524,76.3956005217542));
#3717=CARTESIAN_POINT('Ctrl Pts',(30.5216228079004,65.,76.4478298207608));
#3718=CARTESIAN_POINT('Ctrl Pts',(30.5245784715153,65.,76.5001175871755));
#3719=CARTESIAN_POINT('Ctrl Pts',(32.9258097402516,66.9788245845082,83.5436852501691));
#3720=CARTESIAN_POINT('Ctrl Pts',(32.9478433451367,66.9319784035302,83.9422641810786));
#3721=CARTESIAN_POINT('Ctrl Pts',(32.9669539016714,66.8095117544993,84.3186440546561));
#3722=CARTESIAN_POINT('Ctrl Pts',(32.9986662528685,66.4453952521286,84.9903239365328));
#3723=CARTESIAN_POINT('Ctrl Pts',(33.0111029854199,66.2082859363975,85.2806230906567));
#3724=CARTESIAN_POINT('Ctrl Pts',(33.0301718950245,65.6576727384827,85.7526132738346));
#3725=CARTESIAN_POINT('Ctrl Pts',(33.036766110567,65.3506053979426,85.9318277974607));
#3726=CARTESIAN_POINT('Ctrl Pts',(33.0454923328726,64.692658325448,86.1752158475588));
#3727=CARTESIAN_POINT('Ctrl Pts',(33.0475444833264,64.3481084978279,86.2365278685412));
#3728=CARTESIAN_POINT('Ctrl Pts',(33.0475444833264,64.,86.2365278685412));
#3729=CARTESIAN_POINT('Ctrl Pts',(32.2602429314688,66.3192163896721,83.5813076566116));
#3730=CARTESIAN_POINT('Ctrl Pts',(32.2775934577886,66.288047750964,83.8941727552585));
#3731=CARTESIAN_POINT('Ctrl Pts',(32.2929780922249,66.1970701803629,84.1918265229789));
#3732=CARTESIAN_POINT('Ctrl Pts',(32.318970416213,65.9190256245745,84.725402071525));
#3733=CARTESIAN_POINT('Ctrl Pts',(32.3294260700403,65.7354051319341,84.9572521179502));
#3734=CARTESIAN_POINT('Ctrl Pts',(32.3457114558137,65.3055633764382,85.3350777924761));
#3735=CARTESIAN_POINT('Ctrl Pts',(32.3514882590501,65.0644932934915,85.4789898947707));
#3736=CARTESIAN_POINT('Ctrl Pts',(32.3591864444293,64.5465128310451,85.6745255084743));
#3737=CARTESIAN_POINT('Ctrl Pts',(32.3610389717642,64.2746908191496,85.7239039510933));
#3738=CARTESIAN_POINT('Ctrl Pts',(32.3610325801432,64.,85.7238603476061));
#3739=CARTESIAN_POINT('Ctrl Pts',(31.594676122686,65.6596081948361,83.6189300630542));
#3740=CARTESIAN_POINT('Ctrl Pts',(31.6073608641618,65.6439306525662,83.8461989353027));
#3741=CARTESIAN_POINT('Ctrl Pts',(31.6190071563841,65.5846436227335,84.0650419546193));
#3742=CARTESIAN_POINT('Ctrl Pts',(31.6392727659192,65.3925844246251,84.4604678610803));
#3743=CARTESIAN_POINT('Ctrl Pts',(31.6477543954443,65.2624746582886,84.6339162806507));
#3744=CARTESIAN_POINT('Ctrl Pts',(31.6612454706378,64.953447992466,84.9175048975412));
#3745=CARTESIAN_POINT('Ctrl Pts',(31.6662077851863,64.7783129717414,85.0261335523337));
#3746=CARTESIAN_POINT('Ctrl Pts',(31.6728796738927,64.4003984223485,85.1738296928822));
#3747=CARTESIAN_POINT('Ctrl Pts',(31.674514285339,64.2011967178221,85.2111492231839));
#3748=CARTESIAN_POINT('Ctrl Pts',(31.67452067696,64.,85.2111928266711));
#3749=CARTESIAN_POINT('Ctrl Pts',(30.9291093139032,65.,83.6565524694967));
#3750=CARTESIAN_POINT('Ctrl Pts',(30.9371109768138,65.,83.7981075094826));
#3751=CARTESIAN_POINT('Ctrl Pts',(30.9450313469375,64.972202048597,83.9382244229421));
#3752=CARTESIAN_POINT('Ctrl Pts',(30.9595769292638,64.8662147970709,84.1955459960725));
#3753=CARTESIAN_POINT('Ctrl Pts',(30.9660774800646,64.7895938538252,84.3105453079442));
#3754=CARTESIAN_POINT('Ctrl Pts',(30.976785031427,64.6013386304214,84.4999694161826));
#3755=CARTESIAN_POINT('Ctrl Pts',(30.9809299336694,64.4922008672902,84.5732956496436));
#3756=CARTESIAN_POINT('Ctrl Pts',(30.9865737854493,64.2542529279456,84.6731393537977));
#3757=CARTESIAN_POINT('Ctrl Pts',(30.9880087737768,64.1277790391438,84.698525305736));
#3758=CARTESIAN_POINT('Ctrl Pts',(30.9880087737768,64.,84.698525305736));
#3759=CARTESIAN_POINT('',(30.9880087737768,64.,84.698525305736));
#3760=CARTESIAN_POINT('',(30.9880087737768,64.,84.698525305736));
#3761=CARTESIAN_POINT('',(32.9258097402516,66.9788245845082,83.5436852501691));
#3762=CARTESIAN_POINT('Ctrl Pts',(33.0475444833264,64.,86.2365278685412));
#3763=CARTESIAN_POINT('Ctrl Pts',(33.0475444833264,64.3481084978279,86.2365278685412));
#3764=CARTESIAN_POINT('Ctrl Pts',(33.0454923328726,64.692658325448,86.1752158475588));
#3765=CARTESIAN_POINT('Ctrl Pts',(33.036766110567,65.3506053979426,85.9318277974607));
#3766=CARTESIAN_POINT('Ctrl Pts',(33.0301718950245,65.6576727384827,85.7526132738346));
#3767=CARTESIAN_POINT('Ctrl Pts',(33.0111029854199,66.2082859363975,85.2806230906567));
#3768=CARTESIAN_POINT('Ctrl Pts',(32.9986662528685,66.4453952521286,84.9903239365328));
#3769=CARTESIAN_POINT('Ctrl Pts',(32.9669539016714,66.8095117544993,84.3186440546561));
#3770=CARTESIAN_POINT('Ctrl Pts',(32.9478433451367,66.9319784035302,83.9422641810786));
#3771=CARTESIAN_POINT('Ctrl Pts',(32.9258097402516,66.9788245845082,83.5436852501691));
#3772=CARTESIAN_POINT('',(30.9291093139032,65.,83.6565524694967));
#3773=CARTESIAN_POINT('',(32.9258097402516,66.9788245845082,83.5436852501691));
#3774=CARTESIAN_POINT('Ctrl Pts',(30.9291093139032,65.,83.6565524694967));
#3775=CARTESIAN_POINT('Ctrl Pts',(30.9371109768138,65.,83.7981075094826));
#3776=CARTESIAN_POINT('Ctrl Pts',(30.9450313469375,64.972202048597,83.9382244229421));
#3777=CARTESIAN_POINT('Ctrl Pts',(30.9595769292638,64.8662147970709,84.1955459960725));
#3778=CARTESIAN_POINT('Ctrl Pts',(30.9660774800646,64.7895938538252,84.3105453079442));
#3779=CARTESIAN_POINT('Ctrl Pts',(30.976785031427,64.6013386304214,84.4999694161826));
#3780=CARTESIAN_POINT('Ctrl Pts',(30.9809299336694,64.4922008672902,84.5732956496436));
#3781=CARTESIAN_POINT('Ctrl Pts',(30.9865737854493,64.2542529279456,84.6731393537977));
#3782=CARTESIAN_POINT('Ctrl Pts',(30.9880087737768,64.1277790391438,84.698525305736));
#3783=CARTESIAN_POINT('Ctrl Pts',(30.9880087737768,64.,84.698525305736));
#3784=CARTESIAN_POINT('Ctrl Pts',(33.0475444833264,64.,86.2365278685412));
#3785=CARTESIAN_POINT('Ctrl Pts',(33.0475444833264,59.,86.2365278685412));
#3786=CARTESIAN_POINT('Ctrl Pts',(33.0475444833264,54.,86.2365278685412));
#3787=CARTESIAN_POINT('Ctrl Pts',(33.0475444833264,49.,86.2365278685412));
#3788=CARTESIAN_POINT('Ctrl Pts',(32.3610325801432,64.,85.7238603476061));
#3789=CARTESIAN_POINT('Ctrl Pts',(32.3610325801432,59.,85.7238603476061));
#3790=CARTESIAN_POINT('Ctrl Pts',(32.3610325801432,54.,85.7238603476061));
#3791=CARTESIAN_POINT('Ctrl Pts',(32.3610325801432,49.,85.7238603476061));
#3792=CARTESIAN_POINT('Ctrl Pts',(31.67452067696,64.,85.2111928266711));
#3793=CARTESIAN_POINT('Ctrl Pts',(31.67452067696,59.,85.2111928266711));
#3794=CARTESIAN_POINT('Ctrl Pts',(31.67452067696,54.,85.2111928266711));
#3795=CARTESIAN_POINT('Ctrl Pts',(31.67452067696,49.,85.2111928266711));
#3796=CARTESIAN_POINT('Ctrl Pts',(30.9880087737768,64.,84.698525305736));
#3797=CARTESIAN_POINT('Ctrl Pts',(30.9880087737768,59.,84.698525305736));
#3798=CARTESIAN_POINT('Ctrl Pts',(30.9880087737768,54.,84.698525305736));
#3799=CARTESIAN_POINT('Ctrl Pts',(30.9880087737768,49.,84.698525305736));
#3800=CARTESIAN_POINT('',(30.9880087737768,51.8182062386754,84.698525305736));
#3801=CARTESIAN_POINT('Ctrl Pts',(33.0475444833264,49.,86.2365278685412));
#3802=CARTESIAN_POINT('Ctrl Pts',(33.0475444833264,49.2066958378538,86.2365278685412));
#3803=CARTESIAN_POINT('Ctrl Pts',(33.0253474836336,49.4114157936269,86.2199517818748));
#3804=CARTESIAN_POINT('Ctrl Pts',(32.9379013017111,49.8157345588325,86.1546494657844));
#3805=CARTESIAN_POINT('Ctrl Pts',(32.8723057831852,50.0116669207722,86.1056646022998));
#3806=CARTESIAN_POINT('Ctrl Pts',(32.6295720486893,50.5480329872533,85.9243979682701));
#3807=CARTESIAN_POINT('Ctrl Pts',(32.4091498776578,50.8511167387728,85.7597929738674));
#3808=CARTESIAN_POINT('Ctrl Pts',(31.8265235475328,51.4200798582525,85.3247042377337));
#3809=CARTESIAN_POINT('Ctrl Pts',(31.429094102885,51.6649116620383,85.0279152568005));
#3810=CARTESIAN_POINT('Ctrl Pts',(30.9880087737768,51.8182062386753,84.698525305736));
#3811=CARTESIAN_POINT('Ctrl Pts',(30.9880087737768,64.,84.698525305736));
#3812=CARTESIAN_POINT('Ctrl Pts',(30.9880087737768,59.9394020795584,84.698525305736));
#3813=CARTESIAN_POINT('Ctrl Pts',(30.9880087737768,55.8788041591169,84.698525305736));
#3814=CARTESIAN_POINT('Ctrl Pts',(30.9880087737768,51.8182062386753,84.698525305736));
#3815=CARTESIAN_POINT('Ctrl Pts',(32.9054849137028,67.,83.1821384440572));
#3816=CARTESIAN_POINT('Ctrl Pts',(32.9122971639573,67.,83.3026519383077));
#3817=CARTESIAN_POINT('Ctrl Pts',(32.9191472376876,66.9929898927109,83.4231632945156));
#3818=CARTESIAN_POINT('Ctrl Pts',(32.9258097404371,66.9788245841139,83.5436852535234));
#3819=CARTESIAN_POINT('Ctrl Pts',(32.2398807969117,66.3333333333333,83.2197629594046));
#3820=CARTESIAN_POINT('Ctrl Pts',(32.2466930471661,66.3333333333333,83.3402764536551));
#3821=CARTESIAN_POINT('Ctrl Pts',(32.2535305130712,66.3286599284739,83.4607885225439));
#3822=CARTESIAN_POINT('Ctrl Pts',(32.2602429316556,66.3192163894093,83.5813076599659));
#3823=CARTESIAN_POINT('Ctrl Pts',(31.5742766801205,65.6666666666667,83.257387474752));
#3824=CARTESIAN_POINT('Ctrl Pts',(31.581088930375,65.6666666666667,83.3779009690025));
#3825=CARTESIAN_POINT('Ctrl Pts',(31.5879137884548,65.664329964237,83.4984137505721));
#3826=CARTESIAN_POINT('Ctrl Pts',(31.5946761228742,65.6596081947046,83.6189300664084));
#3827=CARTESIAN_POINT('Ctrl Pts',(30.9086725633294,65.,83.2950119900993));
#3828=CARTESIAN_POINT('Ctrl Pts',(30.9154848135839,65.,83.4155254843498));
#3829=CARTESIAN_POINT('Ctrl Pts',(30.9222970638383,65.,83.5360389786004));
#3830=CARTESIAN_POINT('Ctrl Pts',(30.9291093140928,65.,83.6565524728509));
#3831=CARTESIAN_POINT('Ctrl Pts',(32.9258097402516,66.9788245845081,83.543685250169));
#3832=CARTESIAN_POINT('Ctrl Pts',(32.9191472375605,66.9929898928409,83.4231632922796));
#3833=CARTESIAN_POINT('Ctrl Pts',(32.9122971638941,67.,83.3026519371897));
#3834=CARTESIAN_POINT('Ctrl Pts',(32.9054849137028,67.,83.1821384440572));
#3835=CARTESIAN_POINT('Ctrl Pts',(30.9086725633294,65.,83.2950119900993));
#3836=CARTESIAN_POINT('Ctrl Pts',(30.9154848135207,65.,83.4155254832318));
#3837=CARTESIAN_POINT('Ctrl Pts',(30.9222970637119,65.,83.5360389763643));
#3838=CARTESIAN_POINT('Ctrl Pts',(30.9291093139032,65.,83.6565524694967));
#3839=CARTESIAN_POINT('Origin',(23.7416377009364,67.,0.));
#3840=CARTESIAN_POINT('',(32.9054849137028,67.,-83.1821384440572));
#3841=CARTESIAN_POINT('Ctrl Pts',(32.9054870187816,67.,-83.1821469272997));
#3842=CARTESIAN_POINT('Ctrl Pts',(44.0689900082612,67.,-80.4119734931246));
#3843=CARTESIAN_POINT('Ctrl Pts',(65.8770761125031,67.,-71.899059216607));
#3844=CARTESIAN_POINT('Ctrl Pts',(88.8601009867585,67.,-53.4253434914699));
#3845=CARTESIAN_POINT('Ctrl Pts',(102.145019389946,67.,-33.9800132960997));
#3846=CARTESIAN_POINT('Ctrl Pts',(107.892720256172,67.,-19.3733365016862));
#3847=CARTESIAN_POINT('Ctrl Pts',(110.204165022303,67.,-5.86817513564388));
#3848=CARTESIAN_POINT('Ctrl Pts',(110.205346395555,67.,5.86887765551256));
#3849=CARTESIAN_POINT('Ctrl Pts',(108.220903798828,67.0000000000001,17.4402698750809));
#3850=CARTESIAN_POINT('Ctrl Pts',(103.101842682309,67.,32.2264211157304));
#3851=CARTESIAN_POINT('Ctrl Pts',(90.4076918639213,67.,52.1885527454728));
#3852=CARTESIAN_POINT('Ctrl Pts',(65.8741586592683,67.,71.8972524369592));
#3853=CARTESIAN_POINT('Ctrl Pts',(44.0689418144491,67.,80.4119430255041));
#3854=CARTESIAN_POINT('Ctrl Pts',(32.9054867718525,67.,83.18214593209));
#3855=CARTESIAN_POINT('',(32.5213908218887,67.,-76.3872440411334));
#3856=CARTESIAN_POINT('',(30.6434712612147,67.,-43.1655273214125));
#3857=CARTESIAN_POINT('',(32.4964804212482,67.,-75.9506526362165));
#3858=CARTESIAN_POINT('Ctrl Pts',(32.4964804212482,67.,-75.9506526362165));
#3859=CARTESIAN_POINT('Ctrl Pts',(32.5051100367435,67.,-76.097825269502));
#3860=CARTESIAN_POINT('Ctrl Pts',(32.5131984984944,67.,-76.2423160832051));
#3861=CARTESIAN_POINT('Ctrl Pts',(32.5213908218887,67.,-76.3872440411334));
#3862=CARTESIAN_POINT('Ctrl Pts',(32.4964804212481,67.,75.9506526362165));
#3863=CARTESIAN_POINT('Ctrl Pts',(42.3444459622129,67.,73.1104062017926));
#3864=CARTESIAN_POINT('Ctrl Pts',(61.290403397647,67.,64.7574110494072));
#3865=CARTESIAN_POINT('Ctrl Pts',(80.71339603034,67.,47.4557383464749));
#3866=CARTESIAN_POINT('Ctrl Pts',(91.5856431175743,67.,29.933600832478));
#3867=CARTESIAN_POINT('Ctrl Pts',(97.3828896820192,66.9999999999999,13.7585572319002));
#3868=CARTESIAN_POINT('Ctrl Pts',(98.6018921122941,67.,-1.75472230615326));
#3869=CARTESIAN_POINT('Ctrl Pts',(96.4789746239574,67.,-15.2978398302555));
#3870=CARTESIAN_POINT('Ctrl Pts',(92.3617510632841,67.,-28.3678562284901));
#3871=CARTESIAN_POINT('Ctrl Pts',(82.0093017417014,67.,-46.3031940837579));
#3872=CARTESIAN_POINT('Ctrl Pts',(61.289789578389,67.,-64.756821660095));
#3873=CARTESIAN_POINT('Ctrl Pts',(42.344445962213,67.,-73.1104062017926));
#3874=CARTESIAN_POINT('Ctrl Pts',(32.4964804212482,67.,-75.9506526362165));
#3875=CARTESIAN_POINT('Ctrl Pts',(33.0475444833264,64.,86.2365278685412));
#3876=CARTESIAN_POINT('Ctrl Pts',(44.6697381514528,64.,83.4066535734635));
#3877=CARTESIAN_POINT('Ctrl Pts',(67.2125170799041,64.0000000000001,74.6757131627516));
#3878=CARTESIAN_POINT('Ctrl Pts',(92.6365432586869,63.9999999999999,54.2783929888509));
#3879=CARTESIAN_POINT('Ctrl Pts',(105.807850048168,64.,33.5877756077794));
#3880=CARTESIAN_POINT('Ctrl Pts',(111.138447841868,64.,18.1943646744773));
#3881=CARTESIAN_POINT('Ctrl Pts',(113.2089247886,64.,6.12566076718475));
#3882=CARTESIAN_POINT('Ctrl Pts',(113.207753947862,64.,-6.12484100551082));
#3883=CARTESIAN_POINT('Ctrl Pts',(110.795876549751,64.,-20.2109676175577));
#3884=CARTESIAN_POINT('Ctrl Pts',(104.812587667705,64.,-35.4081064049435));
#3885=CARTESIAN_POINT('Ctrl Pts',(91.0426791514694,64.0000000000001,-55.5497387601664));
#3886=CARTESIAN_POINT('Ctrl Pts',(67.2156450436881,63.9999999999999,-74.6780344896086));
#3887=CARTESIAN_POINT('Ctrl Pts',(44.6697381514529,64.,-83.4066535734635));
#3888=CARTESIAN_POINT('Ctrl Pts',(33.0475444833264,64.,-86.2365278685412));
#3889=CARTESIAN_POINT('Ctrl Pts',(33.0475444833264,64.8975979010256,86.2365278685412));
#3890=CARTESIAN_POINT('Ctrl Pts',(44.6704928023508,64.8975979010256,83.4064698244021));
#3891=CARTESIAN_POINT('Ctrl Pts',(67.2120785054022,64.8975979010257,74.6758033391552));
#3892=CARTESIAN_POINT('Ctrl Pts',(92.6366349182752,64.8975979010256,54.2785647869797));
#3893=CARTESIAN_POINT('Ctrl Pts',(105.8078247551,64.8975979010256,33.5878864002979));
#3894=CARTESIAN_POINT('Ctrl Pts',(111.138537310614,64.8975979010257,18.1943278426623));
#3895=CARTESIAN_POINT('Ctrl Pts',(113.209028495369,64.8975979010256,6.12598620825875));
#3896=CARTESIAN_POINT('Ctrl Pts',(113.20777302234,64.8975979010257,-6.12493170803798));
#3897=CARTESIAN_POINT('Ctrl Pts',(110.796005622592,64.8975979010256,-20.2111843570503));
#3898=CARTESIAN_POINT('Ctrl Pts',(104.812451901315,64.8975979010257,-35.4082172173574));
#3899=CARTESIAN_POINT('Ctrl Pts',(91.0429215139037,64.8975979010256,-55.5498761349337));
#3900=CARTESIAN_POINT('Ctrl Pts',(67.2150983402617,64.8975979010257,-74.6781299510863));
#3901=CARTESIAN_POINT('Ctrl Pts',(44.6704928023509,64.8975979010256,-83.4064698244021));
#3902=CARTESIAN_POINT('Ctrl Pts',(33.0475444833264,64.8975979010256,-86.2365278685412));
#3903=CARTESIAN_POINT('Ctrl Pts',(32.8692930810967,66.4514807467171,85.5044556623897));
#3904=CARTESIAN_POINT('Ctrl Pts',(44.4266895543344,66.4514807467171,82.6903587602419));
#3905=CARTESIAN_POINT('Ctrl Pts',(66.837704299147,66.4514807467171,74.0089985283288));
#3906=CARTESIAN_POINT('Ctrl Pts',(92.0767474833217,66.451480746717,53.753500160799));
#3907=CARTESIAN_POINT('Ctrl Pts',(105.128229718044,66.4514807467171,33.2458523848887));
#3908=CARTESIAN_POINT('Ctrl Pts',(110.405684692356,66.4514807467171,18.0049757252409));
#3909=CARTESIAN_POINT('Ctrl Pts',(112.45455198702,66.4514807467171,6.06112730862479));
#3910=CARTESIAN_POINT('Ctrl Pts',(112.453389280233,66.4514807467171,-6.06036689023519));
#3911=CARTESIAN_POINT('Ctrl Pts',(110.066721891438,66.451480746717,-20.0005659236315));
#3912=CARTESIAN_POINT('Ctrl Pts',(104.142635524275,66.4514807467172,-35.0494215341714));
#3913=CARTESIAN_POINT('Ctrl Pts',(90.4944858711069,66.451480746717,-55.0161716966882));
#3914=CARTESIAN_POINT('Ctrl Pts',(66.8408059063861,66.4514807467171,-74.0111975696331));
#3915=CARTESIAN_POINT('Ctrl Pts',(44.4266895543344,66.4514807467171,-82.6903587602419));
#3916=CARTESIAN_POINT('Ctrl Pts',(32.8692930810967,66.4514807467171,-85.5044556623897));
#3917=CARTESIAN_POINT('Ctrl Pts',(32.4970770845108,67.,83.9757777256276));
#3918=CARTESIAN_POINT('Ctrl Pts',(43.9192712135446,67.,81.1946010835806));
#3919=CARTESIAN_POINT('Ctrl Pts',(66.0549778316563,67.,72.6168095583566));
#3920=CARTESIAN_POINT('Ctrl Pts',(90.9078215319192,67.,52.6574679118062));
#3921=CARTESIAN_POINT('Ctrl Pts',(103.70907577663,67.,32.5318800462625));
#3922=CARTESIAN_POINT('Ctrl Pts',(108.875576295385,67.0000000000001,17.6094977614361));
#3923=CARTESIAN_POINT('Ctrl Pts',(110.879321317854,67.,5.92641651365939));
#3924=CARTESIAN_POINT('Ctrl Pts',(110.878163928307,67.,-5.9257476512376));
#3925=CARTESIAN_POINT('Ctrl Pts',(108.544154032015,67.,-19.5612451161487));
#3926=CARTESIAN_POINT('Ctrl Pts',(102.743654994647,67.,-34.3004483321374));
#3927=CARTESIAN_POINT('Ctrl Pts',(89.3498084675766,67.,-53.9020215811643));
#3928=CARTESIAN_POINT('Ctrl Pts',(66.0580094954207,67.,-72.6187539774745));
#3929=CARTESIAN_POINT('Ctrl Pts',(43.9192712135446,67.,-81.1946010835806));
#3930=CARTESIAN_POINT('Ctrl Pts',(32.4970770845108,67.,-83.9757777256276));
#3931=CARTESIAN_POINT('Ctrl Pts',(32.3378139181007,67.,83.3216895325808));
#3932=CARTESIAN_POINT('Ctrl Pts',(43.7023920365227,67.,80.5545417453327));
#3933=CARTESIAN_POINT('Ctrl Pts',(65.7199300459676,67.,72.0211500182013));
#3934=CARTESIAN_POINT('Ctrl Pts',(90.4076918639213,67.,52.1885527454728));
#3935=CARTESIAN_POINT('Ctrl Pts',(103.101842682309,67.,32.2264211157304));
#3936=CARTESIAN_POINT('Ctrl Pts',(108.220903798828,67.0000000000001,17.4402698750809));
#3937=CARTESIAN_POINT('Ctrl Pts',(110.205346395555,67.,5.86887765551256));
#3938=CARTESIAN_POINT('Ctrl Pts',(110.204165022303,67.,-5.86817513564388));
#3939=CARTESIAN_POINT('Ctrl Pts',(107.892720256172,67.,-19.3733365016862));
#3940=CARTESIAN_POINT('Ctrl Pts',(102.145019389946,67.,-33.9800132960997));
#3941=CARTESIAN_POINT('Ctrl Pts',(88.8601009867585,67.,-53.4253434914699));
#3942=CARTESIAN_POINT('Ctrl Pts',(65.7228982333025,67.,-72.0229871297968));
#3943=CARTESIAN_POINT('Ctrl Pts',(43.7023920365227,67.,-80.5545417453327));
#3944=CARTESIAN_POINT('Ctrl Pts',(32.3378139181008,67.,-83.3216895325808));
#3945=CARTESIAN_POINT('',(32.9258097402516,66.9788245845081,-83.5436852501691));
#3946=CARTESIAN_POINT('Ctrl Pts',(32.9258097402516,66.9788245845081,-83.5436852501691));
#3947=CARTESIAN_POINT('Ctrl Pts',(32.9372813945732,66.954434422423,-83.7512028007074));
#3948=CARTESIAN_POINT('Ctrl Pts',(32.9479991402324,66.9094178079017,-83.9532646309614));
#3949=CARTESIAN_POINT('Ctrl Pts',(32.9677619474441,66.7823144574837,-84.3408097972818));
#3950=CARTESIAN_POINT('Ctrl Pts',(32.9767644870711,66.700612080592,-84.5253985487881));
#3951=CARTESIAN_POINT('Ctrl Pts',(33.0002513870201,66.4186490267756,-85.0262439564426));
#3952=CARTESIAN_POINT('Ctrl Pts',(33.0123180580771,66.1806349092555,-85.3096454588319));
#3953=CARTESIAN_POINT('Ctrl Pts',(33.0308189400071,65.6309768455902,-85.7697228823377));
#3954=CARTESIAN_POINT('Ctrl Pts',(33.0372098912563,65.3255892382642,-85.943964132617));
#3955=CARTESIAN_POINT('Ctrl Pts',(33.0455832578079,64.6769243080662,-86.1779777187189));
#3956=CARTESIAN_POINT('Ctrl Pts',(33.0475444833264,64.3401263040248,-86.2365278685412));
#3957=CARTESIAN_POINT('Ctrl Pts',(33.0475444833264,64.,-86.2365278685412));
#3958=CARTESIAN_POINT('Ctrl Pts',(32.9054849137028,67.,-83.1821384440572));
#3959=CARTESIAN_POINT('Ctrl Pts',(32.9122971638941,67.,-83.3026519371897));
#3960=CARTESIAN_POINT('Ctrl Pts',(32.9191472375598,66.9929898928405,-83.4231632922796));
#3961=CARTESIAN_POINT('Ctrl Pts',(32.9258097402516,66.9788245845081,-83.5436852501691));
#3962=CARTESIAN_POINT('Ctrl Pts',(33.0475444833264,49.,-86.2365278685412));
#3963=CARTESIAN_POINT('Ctrl Pts',(33.0475444833264,54.,-86.2365278685412));
#3964=CARTESIAN_POINT('Ctrl Pts',(33.0475444833264,59.,-86.2365278685412));
#3965=CARTESIAN_POINT('Ctrl Pts',(33.0475444833264,64.,-86.2365278685412));
#3966=CARTESIAN_POINT('Ctrl Pts',(32.3610325801432,49.,-85.7238603476061));
#3967=CARTESIAN_POINT('Ctrl Pts',(32.3610325801432,54.,-85.7238603476061));
#3968=CARTESIAN_POINT('Ctrl Pts',(32.3610325801432,59.,-85.7238603476061));
#3969=CARTESIAN_POINT('Ctrl Pts',(32.3610325801432,64.,-85.7238603476061));
#3970=CARTESIAN_POINT('Ctrl Pts',(31.67452067696,49.,-85.2111928266711));
#3971=CARTESIAN_POINT('Ctrl Pts',(31.67452067696,54.,-85.2111928266711));
#3972=CARTESIAN_POINT('Ctrl Pts',(31.67452067696,59.,-85.2111928266711));
#3973=CARTESIAN_POINT('Ctrl Pts',(31.67452067696,64.,-85.2111928266711));
#3974=CARTESIAN_POINT('Ctrl Pts',(30.9880087737768,49.,-84.698525305736));
#3975=CARTESIAN_POINT('Ctrl Pts',(30.9880087737768,54.,-84.698525305736));
#3976=CARTESIAN_POINT('Ctrl Pts',(30.9880087737768,59.,-84.698525305736));
#3977=CARTESIAN_POINT('Ctrl Pts',(30.9880087737768,64.,-84.698525305736));
#3978=CARTESIAN_POINT('',(30.9880087737768,51.8182062386754,-84.698525305736));
#3979=CARTESIAN_POINT('Ctrl Pts',(30.9880087737768,51.8182062386754,-84.698525305736));
#3980=CARTESIAN_POINT('Ctrl Pts',(31.2771200188289,51.7177286598792,-84.9144253427026));
#3981=CARTESIAN_POINT('Ctrl Pts',(31.5576855814663,51.5742762154571,-85.1239437076299));
#3982=CARTESIAN_POINT('Ctrl Pts',(32.0579066367999,51.2095032620814,-85.4974945334325));
#3983=CARTESIAN_POINT('Ctrl Pts',(32.280954603086,50.9935071621893,-85.664060396886));
#3984=CARTESIAN_POINT('Ctrl Pts',(32.6555117257403,50.4877562658956,-85.9437689796934));
#3985=CARTESIAN_POINT('Ctrl Pts',(32.8065827830243,50.2022925844631,-86.0565845391373));
#3986=CARTESIAN_POINT('Ctrl Pts',(32.9992384559599,49.6039083114098,-86.2004543042208));
#3987=CARTESIAN_POINT('Ctrl Pts',(33.0475444833264,49.305032400279,-86.2365278685412));
#3988=CARTESIAN_POINT('Ctrl Pts',(33.0475444833264,49.,-86.2365278685412));
#3989=CARTESIAN_POINT('',(30.9880087737768,64.,-84.698525305736));
#3990=CARTESIAN_POINT('Ctrl Pts',(30.9880087737768,51.8182062386754,-84.698525305736));
#3991=CARTESIAN_POINT('Ctrl Pts',(30.9880087737768,55.8788041591169,-84.698525305736));
#3992=CARTESIAN_POINT('Ctrl Pts',(30.9880087737768,59.9394020795584,-84.698525305736));
#3993=CARTESIAN_POINT('Ctrl Pts',(30.9880087737768,64.,-84.698525305736));
#3994=CARTESIAN_POINT('',(30.9880087737768,64.,-84.698525305736));
#3995=CARTESIAN_POINT('Ctrl Pts',(33.0475444833264,64.,-86.2365278685412));
#3996=CARTESIAN_POINT('Ctrl Pts',(33.0475444833264,64.3401263040248,-86.2365278685412));
#3997=CARTESIAN_POINT('Ctrl Pts',(33.0455832578079,64.6769243080662,-86.1779777187189));
#3998=CARTESIAN_POINT('Ctrl Pts',(33.0372098912563,65.3255892382642,-85.943964132617));
#3999=CARTESIAN_POINT('Ctrl Pts',(33.0308189400071,65.6309768455902,-85.7697228823377));
#4000=CARTESIAN_POINT('Ctrl Pts',(33.0123180580771,66.1806349092555,-85.3096454588319));
#4001=CARTESIAN_POINT('Ctrl Pts',(33.0002513870201,66.4186490267756,-85.0262439564426));
#4002=CARTESIAN_POINT('Ctrl Pts',(32.9767644870711,66.700612080592,-84.5253985487881));
#4003=CARTESIAN_POINT('Ctrl Pts',(32.9677619474441,66.7823144574837,-84.3408097972818));
#4004=CARTESIAN_POINT('Ctrl Pts',(32.9479991402324,66.9094178079017,-83.9532646309614));
#4005=CARTESIAN_POINT('Ctrl Pts',(32.9372813945732,66.954434422423,-83.7512028007074));
#4006=CARTESIAN_POINT('Ctrl Pts',(32.9258097402516,66.9788245845081,-83.5436852501691));
#4007=CARTESIAN_POINT('Ctrl Pts',(32.3610325801432,64.,-85.7238603476061));
#4008=CARTESIAN_POINT('Ctrl Pts',(32.3610385756783,64.2683894131447,-85.7239012494681));
#4009=CARTESIAN_POINT('Ctrl Pts',(32.3592685776457,64.5341001434947,-85.6767482356978));
#4010=CARTESIAN_POINT('Ctrl Pts',(32.3518780750211,65.0448227564738,-85.4887382597168));
#4011=CARTESIAN_POINT('Ctrl Pts',(32.34627405876,65.2846343420027,-85.3488059314707));
#4012=CARTESIAN_POINT('Ctrl Pts',(32.3304546894764,65.7138960359126,-84.9804568567608));
#4013=CARTESIAN_POINT('Ctrl Pts',(32.3202932134769,65.8983861456943,-84.7540508907586));
#4014=CARTESIAN_POINT('Ctrl Pts',(32.3010093211139,66.1139936476148,-84.356023233051));
#4015=CARTESIAN_POINT('Ctrl Pts',(32.2936920675908,66.1758325348522,-84.2096855032834));
#4016=CARTESIAN_POINT('Ctrl Pts',(32.2778092021471,66.270435517641,-83.9034241625464));
#4017=CARTESIAN_POINT('Ctrl Pts',(32.2692788199288,66.3029646538231,-83.744215506858));
#4018=CARTESIAN_POINT('Ctrl Pts',(32.2602429314688,66.3192163896721,-83.5813076566116));
#4019=CARTESIAN_POINT('Ctrl Pts',(31.67452067696,64.,-85.211192826671));
#4020=CARTESIAN_POINT('Ctrl Pts',(31.6745146814249,64.1965859324496,-85.2111519248091));
#4021=CARTESIAN_POINT('Ctrl Pts',(31.6729532429363,64.391303231953,-85.175514793215));
#4022=CARTESIAN_POINT('Ctrl Pts',(31.6665423228587,64.7640035921961,-85.033485055273));
#4023=CARTESIAN_POINT('Ctrl Pts',(31.6617236342487,64.9382782892742,-84.9278515783898));
#4024=CARTESIAN_POINT('Ctrl Pts',(31.648593760856,65.2471412893537,-84.6512843854977));
#4025=CARTESIAN_POINT('Ctrl Pts',(31.6403320365851,65.3780285769772,-84.4818373803301));
#4026=CARTESIAN_POINT('Ctrl Pts',(31.6252552897981,65.5274129721606,-84.1866555424926));
#4027=CARTESIAN_POINT('Ctrl Pts',(31.6196218462409,65.5693205423081,-84.0785588408715));
#4028=CARTESIAN_POINT('Ctrl Pts',(31.6076196191057,65.6314719598907,-83.8535860792797));
#4029=CARTESIAN_POINT('Ctrl Pts',(31.6012779027512,65.6514697685998,-83.7372394822371));
#4030=CARTESIAN_POINT('Ctrl Pts',(31.594676122686,65.659608194836,-83.6189300630542));
#4031=CARTESIAN_POINT('Ctrl Pts',(30.9880087737768,64.,-84.698525305736));
#4032=CARTESIAN_POINT('Ctrl Pts',(30.9880087737768,64.1248490415695,-84.698525305736));
#4033=CARTESIAN_POINT('Ctrl Pts',(30.9866385627741,64.2484790673815,-84.6742853101939));
#4034=CARTESIAN_POINT('Ctrl Pts',(30.9812105066236,64.4832371104057,-84.5782591823728));
#4035=CARTESIAN_POINT('Ctrl Pts',(30.9771787530017,64.5919357856868,-84.5069346275228));
#4036=CARTESIAN_POINT('Ctrl Pts',(30.9667303922553,64.7804024160108,-84.3220957834265));
#4037=CARTESIAN_POINT('Ctrl Pts',(30.9603738630419,64.8577656958959,-84.209644314646));
#4038=CARTESIAN_POINT('Ctrl Pts',(30.9495001238409,64.9407945391835,-84.0172802267555));
#4039=CARTESIAN_POINT('Ctrl Pts',(30.9455519663875,64.9628386196766,-83.9474345468731));
#4040=CARTESIAN_POINT('Ctrl Pts',(30.9374296810204,64.99248966963,-83.8037456108647));
#4041=CARTESIAN_POINT('Ctrl Pts',(30.9332753281068,65.,-83.7302521883878));
#4042=CARTESIAN_POINT('Ctrl Pts',(30.9291093139032,65.,-83.6565524694967));
#4043=CARTESIAN_POINT('',(30.9291093139032,65.,-83.6565524694967));
#4044=CARTESIAN_POINT('',(30.9291093139032,65.,-83.6565524694967));
#4045=CARTESIAN_POINT('Ctrl Pts',(30.9880087737768,64.,-84.698525305736));
#4046=CARTESIAN_POINT('Ctrl Pts',(30.9880087737768,64.1248490415695,-84.698525305736));
#4047=CARTESIAN_POINT('Ctrl Pts',(30.9866385627741,64.2484790673815,-84.6742853101939));
#4048=CARTESIAN_POINT('Ctrl Pts',(30.9812105066236,64.4832371104057,-84.5782591823728));
#4049=CARTESIAN_POINT('Ctrl Pts',(30.9771787530017,64.5919357856868,-84.5069346275228));
#4050=CARTESIAN_POINT('Ctrl Pts',(30.9667303922553,64.7804024160108,-84.3220957834265));
#4051=CARTESIAN_POINT('Ctrl Pts',(30.9603738630419,64.8577656958959,-84.209644314646));
#4052=CARTESIAN_POINT('Ctrl Pts',(30.9495001238409,64.9407945391835,-84.0172802267555));
#4053=CARTESIAN_POINT('Ctrl Pts',(30.9455519663875,64.9628386196766,-83.9474345468731));
#4054=CARTESIAN_POINT('Ctrl Pts',(30.9374296810204,64.99248966963,-83.8037456108647));
#4055=CARTESIAN_POINT('Ctrl Pts',(30.9332753281068,65.,-83.7302521883878));
#4056=CARTESIAN_POINT('Ctrl Pts',(30.9291093139032,65.,-83.6565524694967));
#4057=CARTESIAN_POINT('Origin',(29.645065086028,66.,-43.2219640944335));
#4058=CARTESIAN_POINT('',(30.9086725633294,65.,-83.2950119900993));
#4059=CARTESIAN_POINT('',(32.9054849137028,67.,-83.1821384440572));
#4060=CARTESIAN_POINT('',(30.5245784715153,65.,-76.5001175871755));
#4061=CARTESIAN_POINT('',(28.6466589108413,65.,-43.2784008674546));
#4062=CARTESIAN_POINT('',(30.5245784715153,65.,-76.5001175871755));
#4063=CARTESIAN_POINT('Ctrl Pts',(32.9258097402516,66.9788245845081,-83.5436852501691));
#4064=CARTESIAN_POINT('Ctrl Pts',(32.9191472375598,66.9929898928405,-83.4231632922796));
#4065=CARTESIAN_POINT('Ctrl Pts',(32.9122971638941,67.,-83.3026519371897));
#4066=CARTESIAN_POINT('Ctrl Pts',(32.9054849137028,67.,-83.1821384440572));
#4067=CARTESIAN_POINT('Ctrl Pts',(32.2602429314688,66.3192163896721,-83.5813076566116));
#4068=CARTESIAN_POINT('Ctrl Pts',(32.2535305129438,66.3286599285603,-83.4607885203078));
#4069=CARTESIAN_POINT('Ctrl Pts',(32.2466930471029,66.3333333333333,-83.340276452537));
#4070=CARTESIAN_POINT('Ctrl Pts',(32.2398807969117,66.3333333333333,-83.2197629594046));
#4071=CARTESIAN_POINT('Ctrl Pts',(31.594676122686,65.6596081948361,-83.6189300630542));
#4072=CARTESIAN_POINT('Ctrl Pts',(31.5879137883279,65.6643299642802,-83.498413748336));
#4073=CARTESIAN_POINT('Ctrl Pts',(31.5810889303118,65.6666666666667,-83.3779009678844));
#4074=CARTESIAN_POINT('Ctrl Pts',(31.5742766801205,65.6666666666667,-83.257387474752));
#4075=CARTESIAN_POINT('Ctrl Pts',(30.9291093139032,65.,-83.6565524694967));
#4076=CARTESIAN_POINT('Ctrl Pts',(30.9222970637119,65.,-83.5360389763643));
#4077=CARTESIAN_POINT('Ctrl Pts',(30.9154848135206,65.,-83.4155254832318));
#4078=CARTESIAN_POINT('Ctrl Pts',(30.9086725633294,65.,-83.2950119900993));
#4079=CARTESIAN_POINT('Ctrl Pts',(30.9291093139032,65.,-83.6565524694967));
#4080=CARTESIAN_POINT('Ctrl Pts',(30.9222970637119,65.,-83.5360389763643));
#4081=CARTESIAN_POINT('Ctrl Pts',(30.9154848135206,65.,-83.4155254832318));
#4082=CARTESIAN_POINT('Ctrl Pts',(30.9086725633294,65.,-83.2950119900993));
#4083=CARTESIAN_POINT('Ctrl Pts',(32.4964804212482,67.,-75.9506526362165));
#4084=CARTESIAN_POINT('Ctrl Pts',(32.4808978511609,67.,-75.6849017607168));
#4085=CARTESIAN_POINT('Ctrl Pts',(32.4640317962442,66.9662478575866,-75.4148769285267));
#4086=CARTESIAN_POINT('Ctrl Pts',(32.4193362472803,66.7869373072242,-74.7385723629034));
#4087=CARTESIAN_POINT('Ctrl Pts',(32.3908679555986,66.5920578001104,-74.3438266131381));
#4088=CARTESIAN_POINT('Ctrl Pts',(32.3389563785746,66.039923774889,-73.6625284452843));
#4089=CARTESIAN_POINT('Ctrl Pts',(32.3160787698067,65.691267380671,-73.3811422855065));
#4090=CARTESIAN_POINT('Ctrl Pts',(32.283886805635,64.8901701442912,-72.9932933917977));
#4091=CARTESIAN_POINT('Ctrl Pts',(32.2749952573913,64.4478507164217,-72.8903429160763));
#4092=CARTESIAN_POINT('Ctrl Pts',(32.2749952573913,64.,-72.8903429160763));
#4093=CARTESIAN_POINT('Ctrl Pts',(31.8362369926256,66.3297106347369,-76.0817477964487));
#4094=CARTESIAN_POINT('Ctrl Pts',(31.8240872599868,66.32534194401,-75.8734918280473));
#4095=CARTESIAN_POINT('Ctrl Pts',(31.8111370040447,66.2946668840131,-75.6631828402136));
#4096=CARTESIAN_POINT('Ctrl Pts',(31.7772120536286,66.1450326142817,-75.1393924099691));
#4097=CARTESIAN_POINT('Ctrl Pts',(31.7560059400923,65.9888438215943,-74.8368031646364));
#4098=CARTESIAN_POINT('Ctrl Pts',(31.7177850689585,65.5568992729746,-74.3185792850307));
#4099=CARTESIAN_POINT('Ctrl Pts',(31.7011472455862,65.2879303525768,-74.1065409418523));
#4100=CARTESIAN_POINT('Ctrl Pts',(31.6778472373418,64.6756662164431,-73.8153781716558));
#4101=CARTESIAN_POINT('Ctrl Pts',(31.6714724841567,64.3397738359894,-73.738680321037));
#4102=CARTESIAN_POINT('Ctrl Pts',(31.6714541976968,64.,-73.738570004658));
#4103=CARTESIAN_POINT('Ctrl Pts',(31.175993564003,65.6594212694738,-76.212842956681));
#4104=CARTESIAN_POINT('Ctrl Pts',(31.1672949572944,65.6507575277079,-76.0621928908998));
#4105=CARTESIAN_POINT('Ctrl Pts',(31.1582325744099,65.6229988915355,-75.9114303604603));
#4106=CARTESIAN_POINT('Ctrl Pts',(31.135105339567,65.5033009520942,-75.5403186455038));
#4107=CARTESIAN_POINT('Ctrl Pts',(31.1211553327169,65.3856013070015,-75.3298497514731));
#4108=CARTESIAN_POINT('Ctrl Pts',(31.0965977389862,65.0739779200929,-74.9745325807182));
#4109=CARTESIAN_POINT('Ctrl Pts',(31.0862187243184,64.8847422789575,-74.831958889486));
#4110=CARTESIAN_POINT('Ctrl Pts',(31.071792724977,64.4610984265062,-74.6373716489769));
#4111=CARTESIAN_POINT('Ctrl Pts',(31.0678948515423,64.2320009032179,-74.5866867768607));
#4112=CARTESIAN_POINT('Ctrl Pts',(31.0679131380022,64.,-74.5867970932397));
#4113=CARTESIAN_POINT('Ctrl Pts',(30.5157501353804,64.9891319042107,-76.3439381169133));
#4114=CARTESIAN_POINT('Ctrl Pts',(30.5104843661203,64.9760994717179,-76.2507829582303));
#4115=CARTESIAN_POINT('Ctrl Pts',(30.5053377822104,64.9514179179621,-76.1597362721473));
#4116=CARTESIAN_POINT('Ctrl Pts',(30.4929811459153,64.8613962591517,-75.9411386925695));
#4117=CARTESIAN_POINT('Ctrl Pts',(30.4862933172106,64.7823873284854,-75.8228263029714));
#4118=CARTESIAN_POINT('Ctrl Pts',(30.4754264293702,64.5909534181785,-75.6305834204646));
#4119=CARTESIAN_POINT('Ctrl Pts',(30.471287200098,64.4814052508634,-75.5573575458318));
#4120=CARTESIAN_POINT('Ctrl Pts',(30.4657531566838,64.2465944986581,-75.4594564288351));
#4121=CARTESIAN_POINT('Ctrl Pts',(30.4643720783077,64.1239240227855,-75.4350241818214));
#4122=CARTESIAN_POINT('Ctrl Pts',(30.4643720783077,64.,-75.4350241818214));
#4123=CARTESIAN_POINT('',(30.5157501353804,64.9891319042107,-76.3439381169133));
#4124=CARTESIAN_POINT('',(32.4964804212482,67.,-75.9506526362165));
#4125=CARTESIAN_POINT('',(30.4643720783077,64.,-75.4350241818214));
#4126=CARTESIAN_POINT('Ctrl Pts',(30.5157501353804,64.9891319042107,-76.3439381169133));
#4127=CARTESIAN_POINT('Ctrl Pts',(30.5104843661203,64.9760994717179,-76.2507829582303));
#4128=CARTESIAN_POINT('Ctrl Pts',(30.5053377822104,64.9514179179621,-76.1597362721473));
#4129=CARTESIAN_POINT('Ctrl Pts',(30.4929811459153,64.8613962591517,-75.9411386925695));
#4130=CARTESIAN_POINT('Ctrl Pts',(30.4862933172106,64.7823873284854,-75.8228263029714));
#4131=CARTESIAN_POINT('Ctrl Pts',(30.4754264293702,64.5909534181785,-75.6305834204646));
#4132=CARTESIAN_POINT('Ctrl Pts',(30.471287200098,64.4814052508634,-75.5573575458318));
#4133=CARTESIAN_POINT('Ctrl Pts',(30.4657531566838,64.2465944986581,-75.4594564288351));
#4134=CARTESIAN_POINT('Ctrl Pts',(30.4643720783077,64.1239240227855,-75.4350241818214));
#4135=CARTESIAN_POINT('Ctrl Pts',(30.4643720783077,64.,-75.4350241818214));
#4136=CARTESIAN_POINT('',(30.4643720783077,64.,-75.4350241818214));
#4137=CARTESIAN_POINT('Ctrl Pts',(32.2749952573913,64.,-72.8903429160763));
#4138=CARTESIAN_POINT('Ctrl Pts',(32.2749952573913,64.4478507164217,-72.8903429160763));
#4139=CARTESIAN_POINT('Ctrl Pts',(32.283886805635,64.8901701442912,-72.9932933917977));
#4140=CARTESIAN_POINT('Ctrl Pts',(32.3160787698067,65.691267380671,-73.3811422855065));
#4141=CARTESIAN_POINT('Ctrl Pts',(32.3389563785746,66.039923774889,-73.6625284452843));
#4142=CARTESIAN_POINT('Ctrl Pts',(32.3908679555986,66.5920578001104,-74.3438266131381));
#4143=CARTESIAN_POINT('Ctrl Pts',(32.4193362472803,66.7869373072242,-74.7385723629034));
#4144=CARTESIAN_POINT('Ctrl Pts',(32.4640317962442,66.9662478575866,-75.4148769285267));
#4145=CARTESIAN_POINT('Ctrl Pts',(32.4808978511609,67.,-75.6849017607168));
#4146=CARTESIAN_POINT('Ctrl Pts',(32.4964804212482,67.,-75.9506526362165));
#4147=CARTESIAN_POINT('Ctrl Pts',(32.2749952573913,64.,-72.8903429160763));
#4148=CARTESIAN_POINT('Ctrl Pts',(32.2749952573913,59.,-72.8903429160763));
#4149=CARTESIAN_POINT('Ctrl Pts',(32.2749952573913,54.,-72.8903429160763));
#4150=CARTESIAN_POINT('Ctrl Pts',(32.2749952573913,49.,-72.8903429160763));
#4151=CARTESIAN_POINT('Ctrl Pts',(31.6714541976968,64.,-73.738570004658));
#4152=CARTESIAN_POINT('Ctrl Pts',(31.6714541976968,59.,-73.738570004658));
#4153=CARTESIAN_POINT('Ctrl Pts',(31.6714541976968,54.,-73.738570004658));
#4154=CARTESIAN_POINT('Ctrl Pts',(31.6714541976968,49.,-73.738570004658));
#4155=CARTESIAN_POINT('Ctrl Pts',(31.0679131380022,64.,-74.5867970932397));
#4156=CARTESIAN_POINT('Ctrl Pts',(31.0679131380022,59.,-74.5867970932397));
#4157=CARTESIAN_POINT('Ctrl Pts',(31.0679131380022,54.,-74.5867970932397));
#4158=CARTESIAN_POINT('Ctrl Pts',(31.0679131380022,49.,-74.5867970932397));
#4159=CARTESIAN_POINT('Ctrl Pts',(30.4643720783077,64.,-75.4350241818214));
#4160=CARTESIAN_POINT('Ctrl Pts',(30.4643720783077,59.,-75.4350241818214));
#4161=CARTESIAN_POINT('Ctrl Pts',(30.4643720783077,54.,-75.4350241818214));
#4162=CARTESIAN_POINT('Ctrl Pts',(30.4643720783077,49.,-75.4350241818214));
#4163=CARTESIAN_POINT('',(30.4643720783077,51.8124956989259,-75.4350241818214));
#4164=CARTESIAN_POINT('Ctrl Pts',(32.2749952573913,49.,-72.8903429160763));
#4165=CARTESIAN_POINT('Ctrl Pts',(32.2749952573913,49.1893578126295,-72.8903429160763));
#4166=CARTESIAN_POINT('Ctrl Pts',(32.2581735308774,49.3757091035264,-72.9139844627062));
#4167=CARTESIAN_POINT('Ctrl Pts',(32.1924428784754,49.746735475027,-73.0063634633094));
#4168=CARTESIAN_POINT('Ctrl Pts',(32.142830121626,49.9264102971376,-73.0760900935361));
#4169=CARTESIAN_POINT('Ctrl Pts',(31.9603383646091,50.4242107421662,-73.3325671786626));
#4170=CARTESIAN_POINT('Ctrl Pts',(31.7865179371868,50.7275224368556,-73.5768574243562));
#4171=CARTESIAN_POINT('Ctrl Pts',(31.2664647218592,51.3586024439641,-74.3077492463115));
#4172=CARTESIAN_POINT('Ctrl Pts',(30.8862706570274,51.6410331015178,-74.842080591065));
#4173=CARTESIAN_POINT('Ctrl Pts',(30.4643720783077,51.8124956989259,-75.4350241818213));
#4174=CARTESIAN_POINT('Ctrl Pts',(30.4643720783077,64.,-75.4350241818214));
#4175=CARTESIAN_POINT('Ctrl Pts',(30.4643720783077,59.9374985663086,-75.4350241818214));
#4176=CARTESIAN_POINT('Ctrl Pts',(30.4643720783077,55.8749971326172,-75.4350241818214));
#4177=CARTESIAN_POINT('Ctrl Pts',(30.4643720783077,51.8124956989259,-75.4350241818214));
#4178=CARTESIAN_POINT('Ctrl Pts',(32.5213908218887,67.,-76.3872440411334));
#4179=CARTESIAN_POINT('Ctrl Pts',(32.5131984984944,67.,-76.2423160832051));
#4180=CARTESIAN_POINT('Ctrl Pts',(32.5051100367435,67.,-76.097825269502));
#4181=CARTESIAN_POINT('Ctrl Pts',(32.4964804212482,67.,-75.9506526362165));
#4182=CARTESIAN_POINT('Ctrl Pts',(31.8557867050976,66.3333333333333,-76.4248685564807));
#4183=CARTESIAN_POINT('Ctrl Pts',(31.8493385314725,66.3333333333333,-76.3107958336556));
#4184=CARTESIAN_POINT('Ctrl Pts',(31.8429621292965,66.3321164184801,-76.1970593040465));
#4185=CARTESIAN_POINT('Ctrl Pts',(31.8362369926256,66.3297106347369,-76.0817477964487));
#4186=CARTESIAN_POINT('Ctrl Pts',(31.1901825883065,65.6666666666667,-76.4624930718281));
#4187=CARTESIAN_POINT('Ctrl Pts',(31.1854785644506,65.6666666666667,-76.3792755841062));
#4188=CARTESIAN_POINT('Ctrl Pts',(31.1808142218496,65.6642328369603,-76.2962933385911));
#4189=CARTESIAN_POINT('Ctrl Pts',(31.175993564003,65.6594212694738,-76.212842956681));
#4190=CARTESIAN_POINT('Ctrl Pts',(30.5245784715153,65.,-76.5001175871755));
#4191=CARTESIAN_POINT('Ctrl Pts',(30.5216185974286,65.,-76.4477553345567));
#4192=CARTESIAN_POINT('Ctrl Pts',(30.5186663144026,64.9963492554404,-76.3955273731357));
#4193=CARTESIAN_POINT('Ctrl Pts',(30.5157501353804,64.9891319042107,-76.3439381169133));
#4194=CARTESIAN_POINT('Ctrl Pts',(30.5245784715153,65.,-76.5001175871755));
#4195=CARTESIAN_POINT('Ctrl Pts',(30.5216185974286,65.,-76.4477553345567));
#4196=CARTESIAN_POINT('Ctrl Pts',(30.5186663144026,64.9963492554404,-76.3955273731357));
#4197=CARTESIAN_POINT('Ctrl Pts',(30.5157501353804,64.9891319042107,-76.3439381169133));
#4198=CARTESIAN_POINT('Ctrl Pts',(31.6651370504777,64.,-73.0681418903777));
#4199=CARTESIAN_POINT('Ctrl Pts',(41.2517007357356,64.,-70.3032862242841));
#4200=CARTESIAN_POINT('Ctrl Pts',(59.6672138232935,64.,-62.1767853839808));
#4201=CARTESIAN_POINT('Ctrl Pts',(79.6806372760581,64.,-44.3291630070373));
#4202=CARTESIAN_POINT('Ctrl Pts',(89.6099554171805,64.,-27.1103344856293));
#4203=CARTESIAN_POINT('Ctrl Pts',(93.5479057521013,64.,-14.6082844217457));
#4204=CARTESIAN_POINT('Ctrl Pts',(95.574130950376,64.0000000000001,-1.67323997755351));
#4205=CARTESIAN_POINT('Ctrl Pts',(94.4124248834738,63.9999999999999,13.1315544378868));
#4206=CARTESIAN_POINT('Ctrl Pts',(88.867509110642,64.0000000000001,28.6114820646641));
#4207=CARTESIAN_POINT('Ctrl Pts',(78.4288898980333,64.,45.4441759320851));
#4208=CARTESIAN_POINT('Ctrl Pts',(59.6678145918227,64.,62.1771439268419));
#4209=CARTESIAN_POINT('Ctrl Pts',(41.2517007357356,64.,70.3032862242841));
#4210=CARTESIAN_POINT('Ctrl Pts',(31.6651370504776,64.,73.0681418903777));
#4211=CARTESIAN_POINT('Ctrl Pts',(31.6651370504777,64.8975979010256,-73.0681418903777));
#4212=CARTESIAN_POINT('Ctrl Pts',(41.2509349933518,64.8975979010256,-70.3035070716323));
#4213=CARTESIAN_POINT('Ctrl Pts',(59.6676670636359,64.8975979010257,-62.1766907695966));
#4214=CARTESIAN_POINT('Ctrl Pts',(79.680533583096,64.8975979010256,-44.3289082733478));
#4215=CARTESIAN_POINT('Ctrl Pts',(89.6099809127746,64.8975979010257,-27.1102702432947));
#4216=CARTESIAN_POINT('Ctrl Pts',(93.5477822789163,64.8975979010256,-14.6082272446714));
#4217=CARTESIAN_POINT('Ctrl Pts',(95.5740978925953,64.8975979010257,-1.67328998600831));
#4218=CARTESIAN_POINT('Ctrl Pts',(94.4122259954461,64.8975979010256,13.1315803569451));
#4219=CARTESIAN_POINT('Ctrl Pts',(88.8676292929866,64.8975979010257,28.6112722980718));
#4220=CARTESIAN_POINT('Ctrl Pts',(78.4286402878899,64.8975979010257,45.4440780280013));
#4221=CARTESIAN_POINT('Ctrl Pts',(59.6683701993747,64.8975979010256,62.1769729387115));
#4222=CARTESIAN_POINT('Ctrl Pts',(41.2509349933518,64.8975979010256,70.3035070716323));
#4223=CARTESIAN_POINT('Ctrl Pts',(31.6651370504776,64.8975979010256,73.0681418903777));
#4224=CARTESIAN_POINT('Ctrl Pts',(31.8739258404341,66.4514973466074,-73.7920737238659));
#4225=CARTESIAN_POINT('Ctrl Pts',(41.52623907772,66.4514973466074,-71.0082552649055));
#4226=CARTESIAN_POINT('Ctrl Pts',(60.074658814319,66.4514973466074,-62.8247641693676));
#4227=CARTESIAN_POINT('Ctrl Pts',(80.2654861469352,66.4514973466075,-44.8249666399122));
#4228=CARTESIAN_POINT('Ctrl Pts',(90.3010553292064,66.4514973466074,-27.426164729185));
#4229=CARTESIAN_POINT('Ctrl Pts',(94.2840488139552,66.4514973466075,-14.7814711190973));
#4230=CARTESIAN_POINT('Ctrl Pts',(96.334546177998,66.4514973466075,-1.69369746598186));
#4231=CARTESIAN_POINT('Ctrl Pts',(95.1584718799459,66.4514973466073,13.2890204871609));
#4232=CARTESIAN_POINT('Ctrl Pts',(89.5501427300755,66.4514973466075,28.9435545101508));
#4233=CARTESIAN_POINT('Ctrl Pts',(79.0026675188636,66.4514973466074,45.9493850524982));
#4234=CARTESIAN_POINT('Ctrl Pts',(60.0752495656601,66.4514973466075,62.8251906074121));
#4235=CARTESIAN_POINT('Ctrl Pts',(41.52623907772,66.4514973466074,71.0082552649055));
#4236=CARTESIAN_POINT('Ctrl Pts',(31.8739258404341,66.4514973466074,73.7920737238659));
#4237=CARTESIAN_POINT('Ctrl Pts',(32.3099274050894,67.,-75.3038187374293));
#4238=CARTESIAN_POINT('Ctrl Pts',(42.0994301237998,67.,-72.4804335340651));
#4239=CARTESIAN_POINT('Ctrl Pts',(60.9255686453388,67.,-64.1778870438384));
#4240=CARTESIAN_POINT('Ctrl Pts',(81.4867771470276,67.,-45.8602876204192));
#4241=CARTESIAN_POINT('Ctrl Pts',(91.7442430511662,67.,-28.085685420653));
#4242=CARTESIAN_POINT('Ctrl Pts',(95.8212758497046,67.,-15.1431185649145));
#4243=CARTESIAN_POINT('Ctrl Pts',(97.9224725413179,67.,-1.73642493918369));
#4244=CARTESIAN_POINT('Ctrl Pts',(96.7163697480098,66.9999999999999,13.6178515126415));
#4245=CARTESIAN_POINT('Ctrl Pts',(90.97566457089,67.,29.6369716618502));
#4246=CARTESIAN_POINT('Ctrl Pts',(80.2008178185835,67.,47.0043698068749));
#4247=CARTESIAN_POINT('Ctrl Pts',(60.9261533852329,67.,64.1784441418099));
#4248=CARTESIAN_POINT('Ctrl Pts',(42.0994301237997,67.,72.4804335340651));
#4249=CARTESIAN_POINT('Ctrl Pts',(32.3099274050893,67.,75.3038187374293));
#4250=CARTESIAN_POINT('Ctrl Pts',(32.4964804212482,67.,-75.9506526362165));
#4251=CARTESIAN_POINT('Ctrl Pts',(42.344445962213,67.,-73.1104062017926));
#4252=CARTESIAN_POINT('Ctrl Pts',(61.289789578389,67.,-64.756821660095));
#4253=CARTESIAN_POINT('Ctrl Pts',(82.0093017417014,67.,-46.3031940837579));
#4254=CARTESIAN_POINT('Ctrl Pts',(92.3617510632841,67.,-28.3678562284901));
#4255=CARTESIAN_POINT('Ctrl Pts',(96.4789746239574,67.,-15.2978398302555));
#4256=CARTESIAN_POINT('Ctrl Pts',(98.6018921122941,67.,-1.75472230615326));
#4257=CARTESIAN_POINT('Ctrl Pts',(97.3828896820192,66.9999999999999,13.7585572319002));
#4258=CARTESIAN_POINT('Ctrl Pts',(91.5856431175743,67.,29.933600832478));
#4259=CARTESIAN_POINT('Ctrl Pts',(80.71339603034,67.,47.4557383464749));
#4260=CARTESIAN_POINT('Ctrl Pts',(61.290403397647,67.,64.7574110494072));
#4261=CARTESIAN_POINT('Ctrl Pts',(42.3444459622129,67.,73.1104062017926));
#4262=CARTESIAN_POINT('Ctrl Pts',(32.4964804212481,67.,75.9506526362165));
#4263=CARTESIAN_POINT('Origin',(31.1008823198189,67.,-86.6953376561094));
#4264=CARTESIAN_POINT('',(30.9291093138709,52.,-83.65655246951));
#4265=CARTESIAN_POINT('Ctrl Pts',(30.9875921495418,51.8133597830931,-84.6966872053583));
#4266=CARTESIAN_POINT('Ctrl Pts',(30.9821707128979,51.8485205820391,-84.6002626168581));
#4267=CARTESIAN_POINT('Ctrl Pts',(30.9766660888008,51.8789575995972,-84.5021930711742));
#4268=CARTESIAN_POINT('Ctrl Pts',(30.9710912389133,51.9044841884876,-84.4028221870526));
#4269=CARTESIAN_POINT('Ctrl Pts',(30.9687629619685,51.9151450976763,-84.3613209909403));
#4270=CARTESIAN_POINT('Ctrl Pts',(30.9664224001793,51.9249489328316,-84.3195926082263));
#4271=CARTESIAN_POINT('Ctrl Pts',(30.9640703920088,51.9338794761116,-84.2776613999025));
#4272=CARTESIAN_POINT('Ctrl Pts',(30.9583450761056,51.9556184233257,-84.1755914254574));
#4273=CARTESIAN_POINT('Ctrl Pts',(30.9525658022112,51.9721343785568,-84.0725648276664));
#4274=CARTESIAN_POINT('Ctrl Pts',(30.9467425772049,51.9832296645426,-83.9689403740135));
#4275=CARTESIAN_POINT('Ctrl Pts',(30.9409193521985,51.9943249505285,-83.8653159203606));
#4276=CARTESIAN_POINT('Ctrl Pts',(30.9350519815132,52.,-83.7610927788326));
#4277=CARTESIAN_POINT('Ctrl Pts',(30.9291499198463,52.,-83.6566222182831));
#4278=CARTESIAN_POINT('',(30.5245784714874,52.,-76.5001175871891));
#4279=CARTESIAN_POINT('',(30.3514985322656,52.,-73.4382118314479));
#4280=CARTESIAN_POINT('Ctrl Pts',(30.5247576421892,52.,-76.500203595443));
#4281=CARTESIAN_POINT('Ctrl Pts',(30.5190478584624,52.,-76.3990996265466));
#4282=CARTESIAN_POINT('Ctrl Pts',(30.5133805632085,51.9947553199847,-76.2983195498917));
#4283=CARTESIAN_POINT('Ctrl Pts',(30.5077603049978,51.9845245036088,-76.1981759565917));
#4284=CARTESIAN_POINT('Ctrl Pts',(30.5020408992021,51.9741132042908,-76.096265719293));
#4285=CARTESIAN_POINT('Ctrl Pts',(30.4963700091531,51.9585380585773,-75.9950139038209));
#4286=CARTESIAN_POINT('Ctrl Pts',(30.4907541388193,51.9380167750021,-75.8947504664829));
#4287=CARTESIAN_POINT('Ctrl Pts',(30.4850726404526,51.9172556761544,-75.7933153332586));
#4288=CARTESIAN_POINT('Ctrl Pts',(30.4794472414287,51.891431862278,-75.6928910263508));
#4289=CARTESIAN_POINT('Ctrl Pts',(30.4738895264378,51.860719360075,-75.5938311911094));
#4290=CARTESIAN_POINT('Ctrl Pts',(30.4709341826417,51.8443878276023,-75.5411556095076));
#4291=CARTESIAN_POINT('Ctrl Pts',(30.4679980784794,51.8266731150177,-75.4888661241381));
#4292=CARTESIAN_POINT('Ctrl Pts',(30.4650838273984,51.8075960225923,-75.4370184547002));
#4293=CARTESIAN_POINT('Ctrl Pts',(-64.1573217308476,7.,70.8295230700814));
#4294=CARTESIAN_POINT('Ctrl Pts',(-60.0334759384251,7.,73.1714426667145));
#4295=CARTESIAN_POINT('Ctrl Pts',(-47.2159356638096,7.,79.4282634436901));
#4296=CARTESIAN_POINT('Ctrl Pts',(-15.1462148575748,6.99999999999999,88.6528293320094));
#4297=CARTESIAN_POINT('Ctrl Pts',(13.908511226532,7.,87.809018814152));
#4298=CARTESIAN_POINT('Ctrl Pts',(32.3378139181007,7.,83.3216895325808));
#4299=CARTESIAN_POINT('Ctrl Pts',(-64.6005754666968,7.,71.6100409222676));
#4300=CARTESIAN_POINT('Ctrl Pts',(-60.4440152386888,7.,73.9705389482715));
#4301=CARTESIAN_POINT('Ctrl Pts',(-47.529590778108,7.,80.2746378591996));
#4302=CARTESIAN_POINT('Ctrl Pts',(-15.2395703397785,6.99999999999999,89.5600723618786));
#4303=CARTESIAN_POINT('Ctrl Pts',(13.9953661372237,7.,88.7116932732322));
#4304=CARTESIAN_POINT('Ctrl Pts',(32.5501648066475,7.,84.1938071233098));
#4305=CARTESIAN_POINT('Ctrl Pts',(-65.3679578830299,7.75335160222477,72.9613113729373));
#4306=CARTESIAN_POINT('Ctrl Pts',(-61.1551535431976,7.75335160222477,75.3537502605317));
#4307=CARTESIAN_POINT('Ctrl Pts',(-48.0720764643612,7.75335160222477,81.7398632740757));
#4308=CARTESIAN_POINT('Ctrl Pts',(-15.402459059016,7.75335160222477,91.1308048898623));
#4309=CARTESIAN_POINT('Ctrl Pts',(14.1472400554789,7.75335160222477,90.2740803707294));
#4310=CARTESIAN_POINT('Ctrl Pts',(32.9177969883624,7.75335160222477,85.7036594944765));
#4311=CARTESIAN_POINT('Ctrl Pts',(-65.6387882160387,9.32680157423076,73.4382118313666));
#4312=CARTESIAN_POINT('Ctrl Pts',(-61.4059641867247,9.32680157423076,75.8420198402802));
#4313=CARTESIAN_POINT('Ctrl Pts',(-48.2637631483836,9.32680157423076,82.2570071012594));
#4314=CARTESIAN_POINT('Ctrl Pts',(-15.4593997157414,9.32680157423076,91.6851296200302));
#4315=CARTESIAN_POINT('Ctrl Pts',(14.2001899391469,9.32680157423076,90.8256481050298));
#4316=CARTESIAN_POINT('Ctrl Pts',(33.0475444833264,9.32680157423076,86.2365278685412));
#4317=CARTESIAN_POINT('Ctrl Pts',(-65.6387882160387,10.,73.4382118313666));
#4318=CARTESIAN_POINT('Ctrl Pts',(-61.4060400656003,10.,75.8419767488954));
#4319=CARTESIAN_POINT('Ctrl Pts',(-48.2636608784166,10.,82.256995678191));
#4320=CARTESIAN_POINT('Ctrl Pts',(-15.4596445568702,10.,91.6851430079619));
#4321=CARTESIAN_POINT('Ctrl Pts',(14.2004810184067,10.,90.8255772304825));
#4322=CARTESIAN_POINT('Ctrl Pts',(33.0475444833264,10.,86.2365278685412));
#4323=CARTESIAN_POINT('',(-63.436175122118,7.,71.2355987376707));
#4324=CARTESIAN_POINT('Ctrl Pts',(-65.6387882158941,10.,73.4382118314487));
#4325=CARTESIAN_POINT('Ctrl Pts',(-65.6387882158941,9.90082391357536,73.4382118314487));
#4326=CARTESIAN_POINT('Ctrl Pts',(-65.6350949034307,9.80191672162852,73.4344479748208));
#4327=CARTESIAN_POINT('Ctrl Pts',(-65.6278369577895,9.70363691930529,73.4271047573082));
#4328=CARTESIAN_POINT('Ctrl Pts',(-65.6204527532165,9.60364744547363,73.4196337974776));
#4329=CARTESIAN_POINT('Ctrl Pts',(-65.6093787477606,9.50430656606826,73.4084577262613));
#4330=CARTESIAN_POINT('Ctrl Pts',(-65.5947252557838,9.40598594922487,73.393722252685));
#4331=CARTESIAN_POINT('Ctrl Pts',(-65.5799382619523,9.30676957424227,73.3788525303539));
#4332=CARTESIAN_POINT('Ctrl Pts',(-65.5615061589207,9.20859125613609,73.3603580587916));
#4333=CARTESIAN_POINT('Ctrl Pts',(-65.539518221618,9.11183988213791,73.3383421219435));
#4334=CARTESIAN_POINT('Ctrl Pts',(-65.5232031546044,9.04005028547398,73.322006279245));
#4335=CARTESIAN_POINT('Ctrl Pts',(-65.5049298605298,8.96904638749089,73.3037306611446));
#4336=CARTESIAN_POINT('Ctrl Pts',(-65.4847268789629,8.89899388689058,73.2835421332558));
#4337=CARTESIAN_POINT('Ctrl Pts',(-65.4576584835252,8.80513601836901,73.2564931031714));
#4338=CARTESIAN_POINT('Ctrl Pts',(-65.4272821301766,8.71352130641654,73.2261656631639));
#4339=CARTESIAN_POINT('Ctrl Pts',(-65.3937547990984,8.62449475684698,73.1927063078471));
#4340=CARTESIAN_POINT('Ctrl Pts',(-65.3598979867982,8.534593321762,73.1589181393228));
#4341=CARTESIAN_POINT('Ctrl Pts',(-65.3228278446119,8.44733029036972,73.121935970942));
#4342=CARTESIAN_POINT('Ctrl Pts',(-65.2826811514139,8.36306880821054,73.0818645027659));
#4343=CARTESIAN_POINT('Ctrl Pts',(-65.2440938533702,8.28208024684512,73.0433495078213));
#4344=CARTESIAN_POINT('Ctrl Pts',(-65.2026641009474,8.20386395505218,73.0019800531143));
#4345=CARTESIAN_POINT('Ctrl Pts',(-65.1584935669007,8.12876048247115,72.9578124863041));
#4346=CARTESIAN_POINT('Ctrl Pts',(-65.1212775903684,8.06548189339813,72.920599009823));
#4347=CARTESIAN_POINT('Ctrl Pts',(-65.0821155699234,8.00441321627191,72.8813984327682));
#4348=CARTESIAN_POINT('Ctrl Pts',(-65.0411316795905,7.94562674578834,72.8403557973806));
#4349=CARTESIAN_POINT('Ctrl Pts',(-64.9917051233164,7.87473028457124,72.7908583945926));
#4350=CARTESIAN_POINT('Ctrl Pts',(-64.9398687541474,7.80749502251361,72.7389222789858));
#4351=CARTESIAN_POINT('Ctrl Pts',(-64.8858912745985,7.74397921903115,72.6848495014834));
#4352=CARTESIAN_POINT('Ctrl Pts',(-64.8307531149455,7.6790976324477,72.6296139946807));
#4353=CARTESIAN_POINT('Ctrl Pts',(-64.7733804971427,7.61809674649326,72.5721484303906));
#4354=CARTESIAN_POINT('Ctrl Pts',(-64.7140358367666,7.56106818592859,72.5127335451487));
#4355=CARTESIAN_POINT('Ctrl Pts',(-64.6534421883179,7.50283938272214,72.4520681938574));
#4356=CARTESIAN_POINT('Ctrl Pts',(-64.5907922996585,7.44875136404364,72.3893700185172));
#4357=CARTESIAN_POINT('Ctrl Pts',(-64.526345307771,7.39893935650465,72.3249038327385));
#4358=CARTESIAN_POINT('Ctrl Pts',(-64.4686887420209,7.35437576705385,72.2672300954522));
#4359=CARTESIAN_POINT('Ctrl Pts',(-64.4095933643635,7.31323488936556,72.2081404897083));
#4360=CARTESIAN_POINT('Ctrl Pts',(-64.3492347178198,7.27564325204745,72.1478083251695));
#4361=CARTESIAN_POINT('Ctrl Pts',(-64.2812281086802,7.233288429128,72.0798315535337));
#4362=CARTESIAN_POINT('Ctrl Pts',(-64.2118458147153,7.19558112618704,72.0105070506753));
#4363=CARTESIAN_POINT('Ctrl Pts',(-64.1413583967703,7.16265557627488,71.9400958404675));
#4364=CARTESIAN_POINT('Ctrl Pts',(-64.0708128456139,7.12970287161638,71.8696265598993));
#4365=CARTESIAN_POINT('Ctrl Pts',(-63.9991599558358,7.10153941469159,71.7980680705925));
#4366=CARTESIAN_POINT('Ctrl Pts',(-63.9266579631586,7.07834581772673,71.7256624331098));
#4367=CARTESIAN_POINT('Ctrl Pts',(-63.9189434364631,7.07587791834435,71.7179581590252));
#4368=CARTESIAN_POINT('Ctrl Pts',(-63.9112192874527,7.07346633338354,71.7102442812226));
#4369=CARTESIAN_POINT('Ctrl Pts',(-63.9034858214166,7.07111131401838,71.7025210834113));
#4370=CARTESIAN_POINT('Ctrl Pts',(-63.830589376873,7.04891265978626,71.6297214282078));
#4371=CARTESIAN_POINT('Ctrl Pts',(-63.757014135322,7.03178108911598,71.5562431180881));
#4372=CARTESIAN_POINT('Ctrl Pts',(-63.6830230321741,7.01989310729634,71.4823269056782));
#4373=CARTESIAN_POINT('Ctrl Pts',(-63.6103755880214,7.00822100810347,71.4097529922674));
#4374=CARTESIAN_POINT('Ctrl Pts',(-63.5373268674478,7.00160356374586,71.3367562625147));
#4375=CARTESIAN_POINT('Ctrl Pts',(-63.4641197438171,7.00025720147379,71.2635578297163));
#4376=CARTESIAN_POINT('Ctrl Pts',(-63.4548055533604,7.00008590291699,71.254244745));
#4377=CARTESIAN_POINT('Ctrl Pts',(-63.4454887950431,7.,71.2449283938509));
#4378=CARTESIAN_POINT('Ctrl Pts',(-63.4361699667423,7.,71.2356092321027));
#4379=CARTESIAN_POINT('',(30.9291093138709,7.,83.65655246951));
#4380=CARTESIAN_POINT('Ctrl Pts',(-63.4361783638435,7.,71.2356045436186));
#4381=CARTESIAN_POINT('Ctrl Pts',(-59.5360696278469,7.,73.4132131063448));
#4382=CARTESIAN_POINT('Ctrl Pts',(-46.949439649793,7.,79.5049186180561));
#4383=CARTESIAN_POINT('Ctrl Pts',(-15.6125372294862,6.99999999999999,88.5186959084326));
#4384=CARTESIAN_POINT('Ctrl Pts',(12.9231714862926,7.,87.83512992019));
#4385=CARTESIAN_POINT('Ctrl Pts',(30.9291266575077,7.,83.6566272065076));
#4386=CARTESIAN_POINT('Ctrl Pts',(30.9875946895631,7.18662519257485,84.6966976737465));
#4387=CARTESIAN_POINT('Ctrl Pts',(30.9821727802301,7.15146635470491,84.6002703301646));
#4388=CARTESIAN_POINT('Ctrl Pts',(30.9766676991316,7.12103130290824,84.5021980655728));
#4389=CARTESIAN_POINT('Ctrl Pts',(30.9710924328941,7.09550655267825,84.4028246109251));
#4390=CARTESIAN_POINT('Ctrl Pts',(30.9687640683374,7.0848468063587,84.3613238789729));
#4391=CARTESIAN_POINT('Ctrl Pts',(30.9664234269375,7.07504404841728,84.3195960031331));
#4392=CARTESIAN_POINT('Ctrl Pts',(30.9640713489023,7.06611448525896,84.2776653499329));
#4393=CARTESIAN_POINT('Ctrl Pts',(30.9583457132865,7.04437735575521,84.1755940590278));
#4394=CARTESIAN_POINT('Ctrl Pts',(30.9525661746299,7.02786290912288,84.0725663709341));
#4395=CARTESIAN_POINT('Ctrl Pts',(30.9467427654793,7.01676867830129,83.9689411586741));
#4396=CARTESIAN_POINT('Ctrl Pts',(30.9409193563288,7.0056744474797,83.8653159464141));
#4397=CARTESIAN_POINT('Ctrl Pts',(30.9350518820706,7.,83.7610923777828));
#4398=CARTESIAN_POINT('Ctrl Pts',(30.9291498238835,7.,83.6566218304638));
#4399=CARTESIAN_POINT('Origin',(-17.2689529480376,7.,76.6085471154733));
#4400=CARTESIAN_POINT('',(-57.4388393646027,7.,65.2382629801574));
#4401=CARTESIAN_POINT('',(-49.1432712940057,7.,56.9426949095602));
#4402=CARTESIAN_POINT('',(30.5245784714874,7.,76.5001175871891));
#4403=CARTESIAN_POINT('Ctrl Pts',(30.5246120041777,7.,76.5002423059143));
#4404=CARTESIAN_POINT('Ctrl Pts',(18.4669599957663,7.,79.7443417200927));
#4405=CARTESIAN_POINT('Ctrl Pts',(-3.11022042125918,6.99999999999999,81.9093259576133));
#4406=CARTESIAN_POINT('Ctrl Pts',(-33.2082062012114,7.00000000000001,76.845135383901));
#4407=CARTESIAN_POINT('Ctrl Pts',(-49.7655568710463,7.,69.7946725542571));
#4408=CARTESIAN_POINT('Ctrl Pts',(-57.4388393646028,7.,65.2382629801574));
#4409=CARTESIAN_POINT('',(30.3514985322656,7.,73.4382118314479));
#4410=CARTESIAN_POINT('Origin',(-55.2475043640332,0.,63.0469279795877));
#4411=CARTESIAN_POINT('',(-63.4361751221181,52.,71.2355987376706));
#4412=CARTESIAN_POINT('Ctrl Pts',(-63.4362128717724,52.,71.2355875177849));
#4413=CARTESIAN_POINT('Ctrl Pts',(-63.5106020634611,52.,71.3099838139656));
#4414=CARTESIAN_POINT('Ctrl Pts',(-63.5847881078393,51.9945298438667,71.3841311421232));
#4415=CARTESIAN_POINT('Ctrl Pts',(-63.6585214973548,51.9838522735164,71.4578000695503));
#4416=CARTESIAN_POINT('Ctrl Pts',(-63.7321708989675,51.9731868657255,71.5313850825019));
#4417=CARTESIAN_POINT('Ctrl Pts',(-63.8053690536722,51.9573254812079,71.6044934672045));
#4418=CARTESIAN_POINT('Ctrl Pts',(-63.8778641965503,51.9364746617935,71.6768950343329));
#4419=CARTESIAN_POINT('Ctrl Pts',(-63.9507167611554,51.9155210418937,71.7496535618333));
#4420=CARTESIAN_POINT('Ctrl Pts',(-64.0228597593218,51.8895283157011,71.8216989931972));
#4421=CARTESIAN_POINT('Ctrl Pts',(-64.0940287356088,51.8586559225874,71.8927857006241));
#4422=CARTESIAN_POINT('Ctrl Pts',(-64.1647416714764,51.8279813552656,71.9634168947985));
#4423=CARTESIAN_POINT('Ctrl Pts',(-64.234493404025,51.792489038525,72.0331022932432));
#4424=CARTESIAN_POINT('Ctrl Pts',(-64.3030099879306,51.7522918503551,72.1015787843498));
#4425=CARTESIAN_POINT('Ctrl Pts',(-64.3711951981906,51.7122890718889,72.1697240957157));
#4426=CARTESIAN_POINT('Ctrl Pts',(-64.4378696799208,51.6677963743506,72.2363830659003));
#4427=CARTESIAN_POINT('Ctrl Pts',(-64.5027879386229,51.6189937128711,72.301314769843));
#4428=CARTESIAN_POINT('Ctrl Pts',(-64.5671148180925,51.5706356240136,72.3656549720725));
#4429=CARTESIAN_POINT('Ctrl Pts',(-64.6297176800334,51.5180452809793,72.4282998859221));
#4430=CARTESIAN_POINT('Ctrl Pts',(-64.6903436796484,51.4613548743308,72.4889924479946));
#4431=CARTESIAN_POINT('Ctrl Pts',(-64.7499611736263,51.4056075052411,72.548675397172));
#4432=CARTESIAN_POINT('Ctrl Pts',(-64.8076673350254,51.3458948965977,72.6064709778312));
#4433=CARTESIAN_POINT('Ctrl Pts',(-64.8632032919152,51.2823078303312,72.6621037901192));
#4434=CARTESIAN_POINT('Ctrl Pts',(-64.918739248805,51.2187207640646,72.7177366024073));
#4435=CARTESIAN_POINT('Ctrl Pts',(-64.9721053660323,51.15125890372,72.7712073153204));
#4436=CARTESIAN_POINT('Ctrl Pts',(-65.0230191058854,51.07998351289,72.8221999787902));
#4437=CARTESIAN_POINT('Ctrl Pts',(-65.0706017314258,51.0133714305345,72.8698563642412));
#4438=CARTESIAN_POINT('Ctrl Pts',(-65.1158184654213,50.9437406844078,72.9151241658268));
#4439=CARTESIAN_POINT('Ctrl Pts',(-65.1584819538289,50.8712003701532,72.9577853150799));
#4440=CARTESIAN_POINT('Ctrl Pts',(-65.2043768556657,50.7931657150844,73.0036777005902));
#4441=CARTESIAN_POINT('Ctrl Pts',(-65.2473174736851,50.7117637506276,73.0465543977186));
#4442=CARTESIAN_POINT('Ctrl Pts',(-65.287187588324,50.6273740657487,73.0863494928404));
#4443=CARTESIAN_POINT('Ctrl Pts',(-65.326848627256,50.5434269136588,73.1259359056515));
#4444=CARTESIAN_POINT('Ctrl Pts',(-65.3634714082547,50.4565224306358,73.1624731907322));
#4445=CARTESIAN_POINT('Ctrl Pts',(-65.3969191615578,50.3670148152061,73.1958550773958));
#4446=CARTESIAN_POINT('Ctrl Pts',(-65.4284747437768,50.2825707303577,73.2273485191134));
#4447=CARTESIAN_POINT('Ctrl Pts',(-65.4572042931493,50.1958089543778,73.2560333444639));
#4448=CARTESIAN_POINT('Ctrl Pts',(-65.4829729460429,50.1070212534121,73.2817831929484));
#4449=CARTESIAN_POINT('Ctrl Pts',(-65.5103525324761,50.0126829679438,73.3091427994105));
#4450=CARTESIAN_POINT('Ctrl Pts',(-65.5342294254887,49.9166069627403,73.333030726257));
#4451=CARTESIAN_POINT('Ctrl Pts',(-65.554530986184,49.819196037159,73.3533761951076));
#4452=CARTESIAN_POINT('Ctrl Pts',(-65.5747621952505,49.7221226726836,73.3736511601731));
#4453=CARTESIAN_POINT('Ctrl Pts',(-65.5914429296318,49.6237227386638,73.3904084016427));
#4454=CARTESIAN_POINT('Ctrl Pts',(-65.6044789392577,49.5243780685676,73.4035346701793));
#4455=CARTESIAN_POINT('Ctrl Pts',(-65.6171936776374,49.4274817386374,73.4163374430472));
#4456=CARTESIAN_POINT('Ctrl Pts',(-65.626441160692,49.3296858545063,73.4256860734856));
#4457=CARTESIAN_POINT('Ctrl Pts',(-65.6321116037639,49.2313412063563,73.4314324163866));
#4458=CARTESIAN_POINT('Ctrl Pts',(-65.6365418470623,49.1545058139752,73.4359219592328));
#4459=CARTESIAN_POINT('Ctrl Pts',(-65.6387882158941,49.0773352635154,73.4382118314487));
#4460=CARTESIAN_POINT('Ctrl Pts',(-65.6387882158941,49.,73.4382118314487));
#4461=CARTESIAN_POINT('',(-57.4388393646028,52.,65.2382629801574));
#4462=CARTESIAN_POINT('',(-49.1432712940057,52.,56.9426949095602));
#4463=CARTESIAN_POINT('Ctrl Pts',(-55.2474965805515,49.,63.0469258177536));
#4464=CARTESIAN_POINT('Ctrl Pts',(-55.2474985095895,49.0992720233195,63.0469246722567));
#4465=CARTESIAN_POINT('Ctrl Pts',(-55.2511952412061,49.1982769283016,63.050680819987));
#4466=CARTESIAN_POINT('Ctrl Pts',(-55.2584521788017,49.2966564221809,63.0580135238708));
#4467=CARTESIAN_POINT('Ctrl Pts',(-55.2658337924658,49.3967261012594,63.0654722055075));
#4468=CARTESIAN_POINT('Ctrl Pts',(-55.2768990788599,49.4961495205479,63.0766315197253));
#4469=CARTESIAN_POINT('Ctrl Pts',(-55.2915359660118,49.5945551731614,63.091347301229));
#4470=CARTESIAN_POINT('Ctrl Pts',(-55.3062916155495,49.6937592803888,63.1061824852601));
#4471=CARTESIAN_POINT('Ctrl Pts',(-55.3246771833783,49.7919299269605,63.1246322779088));
#4472=CARTESIAN_POINT('Ctrl Pts',(-55.3466060058957,49.8886790698054,63.1465928290691));
#4473=CARTESIAN_POINT('Ctrl Pts',(-55.3630873103059,49.9613939669864,63.1630979801506));
#4474=CARTESIAN_POINT('Ctrl Pts',(-55.3815707031328,50.0333058263619,63.1815871945339));
#4475=CARTESIAN_POINT('Ctrl Pts',(-55.4020290990086,50.1042425419998,63.2020314780914));
#4476=CARTESIAN_POINT('Ctrl Pts',(-55.4291506976218,50.1982830102827,63.2291343680711));
#4477=CARTESIAN_POINT('Ctrl Pts',(-55.4595869584431,50.2900808292079,63.2595208901438));
#4478=CARTESIAN_POINT('Ctrl Pts',(-55.4931802074207,50.3792863166507,63.2930474439252));
#4479=CARTESIAN_POINT('Ctrl Pts',(-55.5270134045135,50.4691289764191,63.3268134694349));
#4480=CARTESIAN_POINT('Ctrl Pts',(-55.5640489986287,50.5563430194181,63.3637647703624));
#4481=CARTESIAN_POINT('Ctrl Pts',(-55.6041530260155,50.6405620947949,63.4037988116535));
#4482=CARTESIAN_POINT('Ctrl Pts',(-55.6420921359698,50.7202348102095,63.4416717135396));
#4483=CARTESIAN_POINT('Ctrl Pts',(-55.6827776677274,50.7972277267475,63.4823040422521));
#4484=CARTESIAN_POINT('Ctrl Pts',(-55.7261165011837,50.8712125476215,63.5256422080378));
#4485=CARTESIAN_POINT('Ctrl Pts',(-55.7642234809203,50.9362659384264,63.5637486007049));
#4486=CARTESIAN_POINT('Ctrl Pts',(-55.8043822193988,50.9989936072106,63.6039475825251));
#4487=CARTESIAN_POINT('Ctrl Pts',(-55.8464590853665,51.0593144882233,63.646082312063));
#4488=CARTESIAN_POINT('Ctrl Pts',(-55.8960364272439,51.1303879598697,63.6957278320696));
#4489=CARTESIAN_POINT('Ctrl Pts',(-55.9480378213126,51.1977837151253,63.7478257307859));
#4490=CARTESIAN_POINT('Ctrl Pts',(-56.0021942305833,51.2614354614585,63.8020732473215));
#4491=CARTESIAN_POINT('Ctrl Pts',(-56.0574454250003,51.3263739435143,63.8574173907591));
#4492=CARTESIAN_POINT('Ctrl Pts',(-56.1149399630691,51.3874159578509,63.9149994511738));
#4493=CARTESIAN_POINT('Ctrl Pts',(-56.1744149567755,51.4444604086707,63.9745386058653));
#4494=CARTESIAN_POINT('Ctrl Pts',(-56.2349510475639,51.5025225931049,64.0351400023391));
#4495=CARTESIAN_POINT('Ctrl Pts',(-56.2975392531328,51.5564437957579,64.0977695323652));
#4496=CARTESIAN_POINT('Ctrl Pts',(-56.3619205136708,51.6060787514399,64.1621643912137));
#4497=CARTESIAN_POINT('Ctrl Pts',(-56.4190739481405,51.6501413895938,64.2193298973662));
#4498=CARTESIAN_POINT('Ctrl Pts',(-56.4776408845986,51.6908258051906,64.2778873912377));
#4499=CARTESIAN_POINT('Ctrl Pts',(-56.5374481734855,51.7280008086385,64.3376686397857));
#4500=CARTESIAN_POINT('Ctrl Pts',(-56.6082584876038,51.7720150704531,64.4084481228029));
#4501=CARTESIAN_POINT('Ctrl Pts',(-56.6805633620919,51.8109582463051,64.4806956363782));
#4502=CARTESIAN_POINT('Ctrl Pts',(-56.7540589716572,51.844663509619,64.5541152318162));
#4503=CARTESIAN_POINT('Ctrl Pts',(-56.8275545812225,51.8783687729328,64.6275348272543));
#4504=CARTESIAN_POINT('Ctrl Pts',(-56.9022414413156,51.9068366163559,64.7021273637751));
#4505=CARTESIAN_POINT('Ctrl Pts',(-56.9778265488941,51.9298438767393,64.7776199883204));
#4506=CARTESIAN_POINT('Ctrl Pts',(-57.0535800511531,51.9529023945779,64.8532808015049));
#4507=CARTESIAN_POINT('Ctrl Pts',(-57.130070232119,51.9704254939809,64.9296803380319));
#4508=CARTESIAN_POINT('Ctrl Pts',(-57.207003047163,51.9821997698094,65.0065437829981));
#4509=CARTESIAN_POINT('Ctrl Pts',(-57.2789607462472,51.9932126229919,65.078436598051));
#4510=CARTESIAN_POINT('Ctrl Pts',(-57.3513061081982,51.9991959574213,65.1507360255635));
#4511=CARTESIAN_POINT('Ctrl Pts',(-57.4238006149084,51.9999244107679,65.2232248260028));
#4512=CARTESIAN_POINT('Ctrl Pts',(-57.4288128454539,51.9999747756339,65.2282366620198));
#4513=CARTESIAN_POINT('Ctrl Pts',(-57.4338257884148,52.,65.2332494039694));
#4514=CARTESIAN_POINT('Ctrl Pts',(-57.4388393646028,52.,65.2382629801574));
#4515=CARTESIAN_POINT('Ctrl Pts',(-57.4388393646028,7.,65.2382629801574));
#4516=CARTESIAN_POINT('Ctrl Pts',(-57.1451641827595,7.,64.9445877983141));
#4517=CARTESIAN_POINT('Ctrl Pts',(-56.8537835131077,7.08098480998749,64.6532071286726));
#4518=CARTESIAN_POINT('Ctrl Pts',(-56.3148960039351,7.39459787654433,64.1143196195));
#4519=CARTESIAN_POINT('Ctrl Pts',(-56.0712271834398,7.622319543753,63.8706507990033));
#4520=CARTESIAN_POINT('Ctrl Pts',(-55.6688437224485,8.18980470740589,63.4682673380121));
#4521=CARTESIAN_POINT('Ctrl Pts',(-55.5113944895128,8.52022084583549,63.3108181050708));
#4522=CARTESIAN_POINT('Ctrl Pts',(-55.3010753125369,9.23880402399317,63.1004989280949));
#4523=CARTESIAN_POINT('Ctrl Pts',(-55.2475043640332,9.61716466077874,63.0469279795877));
#4524=CARTESIAN_POINT('Ctrl Pts',(-55.2475043640332,10.,63.0469279795877));
#4525=CARTESIAN_POINT('Ctrl Pts',(33.1229866358012,7.,75.768000057249));
#4526=CARTESIAN_POINT('Ctrl Pts',(20.2812225389693,7.,79.5522261493295));
#4527=CARTESIAN_POINT('Ctrl Pts',(-2.21740881208653,6.99999999999999,82.0595475760408));
#4528=CARTESIAN_POINT('Ctrl Pts',(-33.2082062012114,7.00000000000001,76.845135383901));
#4529=CARTESIAN_POINT('Ctrl Pts',(-49.7655568710463,7.,69.7946725542571));
#4530=CARTESIAN_POINT('Ctrl Pts',(-57.4388393646028,7.,65.2382629801574));
#4531=CARTESIAN_POINT('Ctrl Pts',(32.869268208685,7.,74.9070070539863));
#4532=CARTESIAN_POINT('Ctrl Pts',(20.1301263613688,7.,78.6609923013264));
#4533=CARTESIAN_POINT('Ctrl Pts',(-2.20203724185537,6.99999999999999,81.1505780229203));
#4534=CARTESIAN_POINT('Ctrl Pts',(-32.956697676582,7.00000000000001,75.9747949381758));
#4535=CARTESIAN_POINT('Ctrl Pts',(-49.3765492858316,7.,68.9817474084208));
#4536=CARTESIAN_POINT('Ctrl Pts',(-56.9805512467652,7.,64.4664767448729));
#4537=CARTESIAN_POINT('Ctrl Pts',(32.430006885965,7.75329688208338,73.4163745848963));
#4538=CARTESIAN_POINT('Ctrl Pts',(19.8672977716041,7.75329688208338,77.1183684277446));
#4539=CARTESIAN_POINT('Ctrl Pts',(-2.17428682755221,7.75329688208337,79.5769147561347));
#4540=CARTESIAN_POINT('Ctrl Pts',(-32.5221240582746,7.75329688208338,74.4678870721127));
#4541=CARTESIAN_POINT('Ctrl Pts',(-48.7022277496459,7.75329688208338,67.5748302843027));
#4542=CARTESIAN_POINT('Ctrl Pts',(-56.187119539355,7.75329688208338,63.1302874644118));
#4543=CARTESIAN_POINT('Ctrl Pts',(32.2749952573913,9.32680157423076,72.8903429160763));
#4544=CARTESIAN_POINT('Ctrl Pts',(19.7750861129044,9.32680157423076,76.5738307902129));
#4545=CARTESIAN_POINT('Ctrl Pts',(-2.16498922331061,9.32680157423075,79.0215688343413));
#4546=CARTESIAN_POINT('Ctrl Pts',(-32.3683915449738,9.32680157423076,73.9361520998416));
#4547=CARTESIAN_POINT('Ctrl Pts',(-48.4646287831555,9.32680157423076,67.0781252483017));
#4548=CARTESIAN_POINT('Ctrl Pts',(-55.9071241590059,9.32680157423076,62.6587574986855));
#4549=CARTESIAN_POINT('Ctrl Pts',(32.2749952573913,10.,72.8903429160763));
#4550=CARTESIAN_POINT('Ctrl Pts',(19.774848087679,10.,76.5739009317652));
#4551=CARTESIAN_POINT('Ctrl Pts',(-2.16477023585743,10.,79.0215747513014));
#4552=CARTESIAN_POINT('Ctrl Pts',(-32.3685574097539,9.99999999999999,73.9361343488777));
#4553=CARTESIAN_POINT('Ctrl Pts',(-48.4644680917413,10.,67.0782206671656));
#4554=CARTESIAN_POINT('Ctrl Pts',(-55.9071241590059,10.,62.6587574986855));
#4555=CARTESIAN_POINT('Ctrl Pts',(30.5247575753991,7.,76.5002031400172));
#4556=CARTESIAN_POINT('Ctrl Pts',(30.5190475795745,7.,76.3990952651973));
#4557=CARTESIAN_POINT('Ctrl Pts',(30.5133799127633,7.0052443230314,76.2983107532886));
#4558=CARTESIAN_POINT('Ctrl Pts',(30.5077591633322,7.01547458174948,76.1981623662054));
#4559=CARTESIAN_POINT('Ctrl Pts',(30.5020393201698,7.02588519978118,76.0962483645027));
#4560=CARTESIAN_POINT('Ctrl Pts',(30.4963678676806,7.04145934336842,75.9949923986128));
#4561=CARTESIAN_POINT('Ctrl Pts',(30.490751350235,7.06197947570246,75.8947245885265));
#4562=CARTESIAN_POINT('Ctrl Pts',(30.4850693658539,7.08273879365166,75.7932880424181));
#4563=CARTESIAN_POINT('Ctrl Pts',(30.4794433907625,7.10856037343179,75.6928620348228));
#4564=CARTESIAN_POINT('Ctrl Pts',(30.4738850503854,7.13927038273011,75.5938003482612));
#4565=CARTESIAN_POINT('Ctrl Pts',(30.4709297220582,7.15559866675888,75.5411299847053));
#4566=CARTESIAN_POINT('Ctrl Pts',(30.4679936149033,7.17330973205114,75.4888455839118));
#4567=CARTESIAN_POINT('Ctrl Pts',(30.4650793475659,7.19238281470508,75.4370028665164));
#4568=CARTESIAN_POINT('Ctrl Pts',(32.3378139181008,52.,83.3216895325808));
#4569=CARTESIAN_POINT('Ctrl Pts',(18.5158368987331,52.,86.6871864939275));
#4570=CARTESIAN_POINT('Ctrl Pts',(-5.40398698047184,52.,88.6016949433311));
#4571=CARTESIAN_POINT('Ctrl Pts',(-38.2600744575468,52.,82.8127817247844));
#4572=CARTESIAN_POINT('Ctrl Pts',(-55.9096301501275,52.,75.5133622614832));
#4573=CARTESIAN_POINT('Ctrl Pts',(-64.1573217351774,52.,70.8295230676225));
#4574=CARTESIAN_POINT('Ctrl Pts',(32.5501648066475,52.,84.1938071233098));
#4575=CARTESIAN_POINT('Ctrl Pts',(18.6340658038839,52.,87.582221735921));
#4576=CARTESIAN_POINT('Ctrl Pts',(-5.43732976470432,52.,89.5083443832076));
#4577=CARTESIAN_POINT('Ctrl Pts',(-38.5100744438439,52.,83.6822614003285));
#4578=CARTESIAN_POINT('Ctrl Pts',(-56.2874550148364,52.,76.3310369723973));
#4579=CARTESIAN_POINT('Ctrl Pts',(-64.6005754710608,52.,71.6100409197893));
#4580=CARTESIAN_POINT('Ctrl Pts',(32.91778274994,51.2465684718832,85.7036010177789));
#4581=CARTESIAN_POINT('Ctrl Pts',(18.8398650495734,51.2465684718832,89.1314166751399));
#4582=CARTESIAN_POINT('Ctrl Pts',(-5.496111359935,51.2465684718832,91.0778464340587));
#4583=CARTESIAN_POINT('Ctrl Pts',(-38.9420796254576,51.2465684718832,85.1875686762964));
#4584=CARTESIAN_POINT('Ctrl Pts',(-56.9423194867944,51.2465684718832,77.7461368114167));
#4585=CARTESIAN_POINT('Ctrl Pts',(-65.3679281666736,51.2465684718832,72.9612590356176));
#4586=CARTESIAN_POINT('Ctrl Pts',(33.0475444833264,49.6731984257692,86.2365278685412));
#4587=CARTESIAN_POINT('Ctrl Pts',(18.9120285744851,49.6731984257692,89.6783680460797));
#4588=CARTESIAN_POINT('Ctrl Pts',(-5.51640808035408,49.6731984257693,91.6318801051758));
#4589=CARTESIAN_POINT('Ctrl Pts',(-39.0949059646191,49.6731984257692,85.718877662437));
#4590=CARTESIAN_POINT('Ctrl Pts',(-57.1731401616382,49.6731984257692,78.2458278472838));
#4591=CARTESIAN_POINT('Ctrl Pts',(-65.6387882204829,49.6731984257692,73.4382118288427));
#4592=CARTESIAN_POINT('Ctrl Pts',(33.0475444833264,49.,86.2365278685412));
#4593=CARTESIAN_POINT('Ctrl Pts',(18.9122468839299,49.,89.6783148901692));
#4594=CARTESIAN_POINT('Ctrl Pts',(-5.51661388381691,49.,91.6318659706695));
#4595=CARTESIAN_POINT('Ctrl Pts',(-39.0947524282585,49.,85.7188932245758));
#4596=CARTESIAN_POINT('Ctrl Pts',(-57.1732919193894,49.,78.2457416645142));
#4597=CARTESIAN_POINT('Ctrl Pts',(-65.6387882204829,49.,73.4382118288427));
#4598=CARTESIAN_POINT('',(30.9291093138709,52.,83.65655246951));
#4599=CARTESIAN_POINT('Ctrl Pts',(30.9291468654747,52.,83.6565913469042));
#4600=CARTESIAN_POINT('Ctrl Pts',(30.9348184722593,52.,83.7569819943317));
#4601=CARTESIAN_POINT('Ctrl Pts',(30.9404531309823,51.9947593301265,83.8570374828459));
#4602=CARTESIAN_POINT('Ctrl Pts',(30.9460412527107,51.9845369992379,83.9564495102387));
#4603=CARTESIAN_POINT('Ctrl Pts',(30.9517304105825,51.9741298432973,84.0576589587221));
#4604=CARTESIAN_POINT('Ctrl Pts',(30.9573715001326,51.9585590234233,84.1582021890182));
#4605=CARTESIAN_POINT('Ctrl Pts',(30.9629552652734,51.9380430819133,84.2577531159272));
#4606=CARTESIAN_POINT('Ctrl Pts',(30.9686090179391,51.9172699913415,84.3585518250759));
#4607=CARTESIAN_POINT('Ctrl Pts',(30.9742041851595,51.891426744202,84.4583339977013));
#4608=CARTESIAN_POINT('Ctrl Pts',(30.9797293533521,51.8606886282547,84.5567487853414));
#4609=CARTESIAN_POINT('Ctrl Pts',(30.9823656148384,51.8460223396621,84.6037061095896));
#4610=CARTESIAN_POINT('Ctrl Pts',(30.9849858966664,51.8302409645205,84.6503518806186));
#4611=CARTESIAN_POINT('Ctrl Pts',(30.9875886258536,51.8133597830931,84.6966461911293));
#4612=CARTESIAN_POINT('Ctrl Pts',(30.9291197916129,52.,83.6565976285496));
#4613=CARTESIAN_POINT('Ctrl Pts',(17.5421375184123,52.,86.7626279526262));
#4614=CARTESIAN_POINT('Ctrl Pts',(-5.88174514933185,52.,88.5175187436873));
#4615=CARTESIAN_POINT('Ctrl Pts',(-37.9870279657854,52.,82.8608897792366));
#4616=CARTESIAN_POINT('Ctrl Pts',(-55.3960314844299,52.,75.7248313124485));
#4617=CARTESIAN_POINT('Ctrl Pts',(-63.4361793180563,52.,71.2356062525452));
#4618=CARTESIAN_POINT('Ctrl Pts',(-57.4388393646028,52.,65.2382629801574));
#4619=CARTESIAN_POINT('Ctrl Pts',(-53.6021981178245,52.,67.5164677672073));
#4620=CARTESIAN_POINT('Ctrl Pts',(-41.6276158003013,52.,73.5807992437411));
#4621=CARTESIAN_POINT('Ctrl Pts',(-20.0506198602406,52.,79.8324168703543));
#4622=CARTESIAN_POINT('Ctrl Pts',(6.85056127470127,52.,81.305511703766));
#4623=CARTESIAN_POINT('Ctrl Pts',(24.5618105712467,52.,78.2908174519693));
#4624=CARTESIAN_POINT('Ctrl Pts',(33.1229866358013,52.,75.768000057249));
#4625=CARTESIAN_POINT('Ctrl Pts',(-56.9805512467652,52.,64.4664767448729));
#4626=CARTESIAN_POINT('Ctrl Pts',(-53.1785502662983,52.,66.7241120766469));
#4627=CARTESIAN_POINT('Ctrl Pts',(-41.3075446368616,52.,72.7363851228126));
#4628=CARTESIAN_POINT('Ctrl Pts',(-19.9007382907008,52.,78.9396062614422));
#4629=CARTESIAN_POINT('Ctrl Pts',(6.7995338215475,52.,80.4019819717438));
#4630=CARTESIAN_POINT('Ctrl Pts',(24.3765069771409,52.,77.4096638855464));
#4631=CARTESIAN_POINT('Ctrl Pts',(32.8692682086851,52.,74.9070070539863));
#4632=CARTESIAN_POINT('Ctrl Pts',(-56.187161747549,51.2465933342144,63.1303585456854));
#4633=CARTESIAN_POINT('Ctrl Pts',(-52.4447158526945,51.2465933342144,65.3526299556309));
#4634=CARTESIAN_POINT('Ctrl Pts',(-40.7534863589485,51.2465933342145,71.274503015785));
#4635=CARTESIAN_POINT('Ctrl Pts',(-19.6414282483207,51.2465933342144,77.3941547077573));
#4636=CARTESIAN_POINT('Ctrl Pts',(6.71166876262604,51.2465933342145,78.8377164626559));
#4637=CARTESIAN_POINT('Ctrl Pts',(24.0548908437798,51.2465933342144,75.8844497773179));
#4638=CARTESIAN_POINT('Ctrl Pts',(32.4300302533538,51.2465933342144,73.4164538820857));
#4639=CARTESIAN_POINT('Ctrl Pts',(-55.9071241590059,49.6731984257692,62.6587574986855));
#4640=CARTESIAN_POINT('Ctrl Pts',(-52.1858764710807,49.6731984257692,64.8684413734936));
#4641=CARTESIAN_POINT('Ctrl Pts',(-40.5579026856411,49.6731984257693,70.7585248855079));
#4642=CARTESIAN_POINT('Ctrl Pts',(-19.5498304480955,49.6731984257692,76.8485876547639));
#4643=CARTESIAN_POINT('Ctrl Pts',(6.68045265257672,49.6731984257693,78.2856188459562));
#4644=CARTESIAN_POINT('Ctrl Pts',(23.9417224944001,49.6731984257692,75.346001498834));
#4645=CARTESIAN_POINT('Ctrl Pts',(32.2749952573913,49.6731984257692,72.8903429160763));
#4646=CARTESIAN_POINT('Ctrl Pts',(-55.9071241590059,49.,62.6587574986855));
#4647=CARTESIAN_POINT('Ctrl Pts',(-52.1857961253736,49.,64.8684890829256));
#4648=CARTESIAN_POINT('Ctrl Pts',(-40.5579123247829,49.,70.7585190013068));
#4649=CARTESIAN_POINT('Ctrl Pts',(-19.5498625093322,49.,76.8486234091865));
#4650=CARTESIAN_POINT('Ctrl Pts',(6.68054455167522,49.,78.2856047545023));
#4651=CARTESIAN_POINT('Ctrl Pts',(23.9415638109165,49.,75.3460482598689));
#4652=CARTESIAN_POINT('Ctrl Pts',(32.2749952573913,49.,72.8903429160763));
#4653=CARTESIAN_POINT('',(30.5245784714874,52.,76.5001175871891));
#4654=CARTESIAN_POINT('Ctrl Pts',(-57.4388393646028,52.,65.2382629801574));
#4655=CARTESIAN_POINT('Ctrl Pts',(-53.6021981178245,52.,67.5164677672073));
#4656=CARTESIAN_POINT('Ctrl Pts',(-41.6276158003013,52.,73.5807992437411));
#4657=CARTESIAN_POINT('Ctrl Pts',(-20.0506198602406,52.,79.8324168703543));
#4658=CARTESIAN_POINT('Ctrl Pts',(5.9464166376026,52.,81.256001208785));
#4659=CARTESIAN_POINT('Ctrl Pts',(22.7754268643278,52.,78.5846293519237));
#4660=CARTESIAN_POINT('Ctrl Pts',(30.5245922196636,52.,76.5001687202323));
#4661=CARTESIAN_POINT('Ctrl Pts',(30.4650296296299,51.8075960225923,75.4369721515123));
#4662=CARTESIAN_POINT('Ctrl Pts',(30.4704791795849,51.8432862415412,75.5339700978844));
#4663=CARTESIAN_POINT('Ctrl Pts',(30.4760100675211,51.8742540808805,75.6326308667187));
#4664=CARTESIAN_POINT('Ctrl Pts',(30.4816102578098,51.9003176050042,75.7326048947098));
#4665=CARTESIAN_POINT('Ctrl Pts',(30.4841018705663,51.9119136768943,75.7770849124629));
#4666=CARTESIAN_POINT('Ctrl Pts',(30.4866072854771,51.9225383035041,75.8218251254611));
#4667=CARTESIAN_POINT('Ctrl Pts',(30.4891257722087,51.9321722574104,75.8667956048297));
#4668=CARTESIAN_POINT('Ctrl Pts',(30.494954201017,51.9544677151472,75.9708689097177));
#4669=CARTESIAN_POINT('Ctrl Pts',(30.5008390572292,51.9714097189114,76.0759345119792));
#4670=CARTESIAN_POINT('Ctrl Pts',(30.506769833079,51.9827926746414,76.1816159579144));
#4671=CARTESIAN_POINT('Ctrl Pts',(30.5127006089289,51.9941756303714,76.2872974038496));
#4672=CARTESIAN_POINT('Ctrl Pts',(30.5186775408913,52.,76.3935955730888));
#4673=CARTESIAN_POINT('Ctrl Pts',(30.524693944033,52.,76.5001413571778));
#4674=CARTESIAN_POINT('Ctrl Pts',(33.1229866358013,52.,-75.768000057249));
#4675=CARTESIAN_POINT('Ctrl Pts',(20.2812175014475,52.,-79.5522276337924));
#4676=CARTESIAN_POINT('Ctrl Pts',(-2.2173522645919,52.,-82.0595902571718));
#4677=CARTESIAN_POINT('Ctrl Pts',(-33.2081390457002,52.,-76.8451255346007));
#4678=CARTESIAN_POINT('Ctrl Pts',(-49.7656175676789,52.,-69.7946365124825));
#4679=CARTESIAN_POINT('Ctrl Pts',(-57.4388393646028,52.,-65.2382629801574));
#4680=CARTESIAN_POINT('Ctrl Pts',(32.8692682086851,52.,-74.9070070539863));
#4681=CARTESIAN_POINT('Ctrl Pts',(20.1301213641033,52.,-78.6609937739265));
#4682=CARTESIAN_POINT('Ctrl Pts',(-2.20199247991566,52.,-81.1506041353404));
#4683=CARTESIAN_POINT('Ctrl Pts',(-32.9566269247948,52.,-75.9747750895308));
#4684=CARTESIAN_POINT('Ctrl Pts',(-49.3766094344465,52.,-68.9817116920602));
#4685=CARTESIAN_POINT('Ctrl Pts',(-56.9805512467652,52.,-64.4664767448729));
#4686=CARTESIAN_POINT('Ctrl Pts',(32.4300302533538,51.2465933342144,-73.4164538820857));
#4687=CARTESIAN_POINT('Ctrl Pts',(19.8673162109376,51.2465933342144,-77.1184491771391));
#4688=CARTESIAN_POINT('Ctrl Pts',(-2.17424438356543,51.2465933342144,-79.5770250917632));
#4689=CARTESIAN_POINT('Ctrl Pts',(-32.5220676638918,51.2465933342144,-74.4679590252212));
#4690=CARTESIAN_POINT('Ctrl Pts',(-48.7023291642783,51.2465933342144,-67.5748662086819));
#4691=CARTESIAN_POINT('Ctrl Pts',(-56.187161747549,51.2465933342144,-63.1303585456854));
#4692=CARTESIAN_POINT('Ctrl Pts',(32.2749952573913,49.6731984257692,-72.8903429160763));
#4693=CARTESIAN_POINT('Ctrl Pts',(19.7750812094842,49.6731984257692,-76.5738322351585));
#4694=CARTESIAN_POINT('Ctrl Pts',(-2.16494599509625,49.6731984257692,-79.0215833466423));
#4695=CARTESIAN_POINT('Ctrl Pts',(-32.3683160734253,49.6731984257693,-73.9361349504476));
#4696=CARTESIAN_POINT('Ctrl Pts',(-48.4646876542329,49.6731984257692,-67.0780902905452));
#4697=CARTESIAN_POINT('Ctrl Pts',(-55.9071241590059,49.6731984257692,-62.6587574986855));
#4698=CARTESIAN_POINT('Ctrl Pts',(32.2749952573913,49.,-72.8903429160763));
#4699=CARTESIAN_POINT('Ctrl Pts',(19.7748431841654,49.,-76.5739023767384));
#4700=CARTESIAN_POINT('Ctrl Pts',(-2.16472153850674,49.,-79.0215949712506));
#4701=CARTESIAN_POINT('Ctrl Pts',(-32.3684827151465,49.,-73.936122678945));
#4702=CARTESIAN_POINT('Ctrl Pts',(-48.4645269640899,49.,-67.0781857086543));
#4703=CARTESIAN_POINT('Ctrl Pts',(-55.9071241590059,49.,-62.6587574986855));
#4704=CARTESIAN_POINT('',(-57.4388393646028,52.,-65.2382629801574));
#4705=CARTESIAN_POINT('Ctrl Pts',(-57.4388393646028,52.,-65.2382629801574));
#4706=CARTESIAN_POINT('Ctrl Pts',(-57.1451641821997,52.,-64.9445877977543));
#4707=CARTESIAN_POINT('Ctrl Pts',(-56.8537835120023,51.9190151897038,-64.6532071275662));
#4708=CARTESIAN_POINT('Ctrl Pts',(-56.3148959993321,51.6054021204467,-64.114319614896));
#4709=CARTESIAN_POINT('Ctrl Pts',(-56.0712271764002,51.3776804494671,-63.8706507919631));
#4710=CARTESIAN_POINT('Ctrl Pts',(-55.6688437124391,50.8101952754339,-63.468267328002));
#4711=CARTESIAN_POINT('Ctrl Pts',(-55.5113944792032,50.4797791304914,-63.3108180947609));
#4712=CARTESIAN_POINT('Ctrl Pts',(-55.301075309432,49.7611959541945,-63.1004989249897));
#4713=CARTESIAN_POINT('Ctrl Pts',(-55.2475043640332,49.3828353281214,-63.0469279795877));
#4714=CARTESIAN_POINT('Ctrl Pts',(-55.2475043640332,49.,-63.0469279795877));
#4715=CARTESIAN_POINT('Ctrl Pts',(30.5246121228918,52.,-76.500242747421));
#4716=CARTESIAN_POINT('Ctrl Pts',(18.4669602444997,52.,-79.7443463588594));
#4717=CARTESIAN_POINT('Ctrl Pts',(-3.11016336812314,52.,-81.9093671590567));
#4718=CARTESIAN_POINT('Ctrl Pts',(-33.2081390457002,52.,-76.8451255346007));
#4719=CARTESIAN_POINT('Ctrl Pts',(-49.7656175676789,52.,-69.7946365124825));
#4720=CARTESIAN_POINT('Ctrl Pts',(-57.4388393646028,52.,-65.2382629801574));
#4721=CARTESIAN_POINT('Origin',(-65.6387882159126,0.,-73.4382118314672));
#4722=CARTESIAN_POINT('',(-63.436175122118,52.,-71.2355987376707));
#4723=CARTESIAN_POINT('',(-54.3389132199477,52.,-62.1383368355023));
#4724=CARTESIAN_POINT('Ctrl Pts',(-65.6387882158941,49.,-73.4382118314487));
#4725=CARTESIAN_POINT('Ctrl Pts',(-65.6387882158941,49.0991731654699,-73.4382118314487));
#4726=CARTESIAN_POINT('Ctrl Pts',(-65.6350948448141,49.1980767100053,-73.4344477102159));
#4727=CARTESIAN_POINT('Ctrl Pts',(-65.6278368490478,49.2963523800406,-73.4271040854043));
#4728=CARTESIAN_POINT('Ctrl Pts',(-65.6204525631978,49.3963380596975,-73.4196326805524));
#4729=CARTESIAN_POINT('Ctrl Pts',(-65.6093784549019,49.4956746372684,-73.4084559860686));
#4730=CARTESIAN_POINT('Ctrl Pts',(-65.594724909699,49.5939906841225,-73.3937198400551));
#4731=CARTESIAN_POINT('Ctrl Pts',(-65.5799374955905,49.6932049069077,-73.3788490705281));
#4732=CARTESIAN_POINT('Ctrl Pts',(-65.5615048420569,49.7913807478633,-73.3603533219563));
#4733=CARTESIAN_POINT('Ctrl Pts',(-65.5395163040512,49.8881295332999,-73.3383360192965));
#4734=CARTESIAN_POINT('Ctrl Pts',(-65.5231995865555,49.9599225101504,-73.3219979568285));
#4735=CARTESIAN_POINT('Ctrl Pts',(-65.5049243251783,50.0309296109151,-73.3037197836423));
#4736=CARTESIAN_POINT('Ctrl Pts',(-65.4847190982815,50.1009851874864,-73.28352842845));
#4737=CARTESIAN_POINT('Ctrl Pts',(-65.4576503114399,50.1948381038117,-73.2564782254241));
#4738=CARTESIAN_POINT('Ctrl Pts',(-65.427273735958,50.2864480074918,-73.2261497908251));
#4739=CARTESIAN_POINT('Ctrl Pts',(-65.3937464175183,50.3754701218088,-73.1926897434583));
#4740=CARTESIAN_POINT('Ctrl Pts',(-65.3598886815822,50.4653695643916,-73.1588999415631));
#4741=CARTESIAN_POINT('Ctrl Pts',(-65.3228176774228,50.552630837352,-73.121916271657));
#4742=CARTESIAN_POINT('Ctrl Pts',(-65.2826702629575,50.6368909971747,-73.081843570971));
#4743=CARTESIAN_POINT('Ctrl Pts',(-65.2440816769568,50.7178795357156,-73.0433267977917));
#4744=CARTESIAN_POINT('Ctrl Pts',(-65.2026506788791,50.7960961218835,-73.0019557252649));
#4745=CARTESIAN_POINT('Ctrl Pts',(-65.1584790161149,50.8712003701532,-72.9577868249993));
#4746=CARTESIAN_POINT('Ctrl Pts',(-65.1212628207071,50.9344783679609,-72.9205729570948));
#4747=CARTESIAN_POINT('Ctrl Pts',(-65.0821007408975,50.995546882369,-72.8813722685415));
#4748=CARTESIAN_POINT('Ctrl Pts',(-65.0411169237762,51.0543335462116,-72.8403297540162));
#4749=CARTESIAN_POINT('Ctrl Pts',(-64.9916882265886,51.1252334381652,-72.7908302645887));
#4750=CARTESIAN_POINT('Ctrl Pts',(-64.9398496915244,51.1924723171609,-72.7388921795974));
#4751=CARTESIAN_POINT('Ctrl Pts',(-64.8858700066955,51.2559917802709,-72.6848175013106));
#4752=CARTESIAN_POINT('Ctrl Pts',(-64.830730018997,51.3208766054715,-72.629580478253));
#4753=CARTESIAN_POINT('Ctrl Pts',(-64.7733555664476,51.3818808346082,-72.5721135035964));
#4754=CARTESIAN_POINT('Ctrl Pts',(-64.7140090424148,51.4389126952895,-72.5126972543682));
#4755=CARTESIAN_POINT('Ctrl Pts',(-64.6534149086201,51.4971435058215,-72.4520319295831));
#4756=CARTESIAN_POINT('Ctrl Pts',(-64.5907646006334,51.5512336808144,-72.38933392413));
#4757=CARTESIAN_POINT('Ctrl Pts',(-64.5263172133927,51.6010478461027,-72.3248679695584));
#4758=CARTESIAN_POINT('Ctrl Pts',(-64.4686671514575,51.645608065486,-72.2672012986057));
#4759=CARTESIAN_POINT('Ctrl Pts',(-64.4095786389375,51.6867463879538,-72.2081191449026));
#4760=CARTESIAN_POINT('Ctrl Pts',(-64.3492271269505,51.7243362256648,-72.1477946989726));
#4761=CARTESIAN_POINT('Ctrl Pts',(-64.281220381251,51.7666941128151,-72.0798184525));
#4762=CARTESIAN_POINT('Ctrl Pts',(-64.2118379112607,51.8044043440703,-72.0104944359325));
#4763=CARTESIAN_POINT('Ctrl Pts',(-64.1413502387786,51.8373325415962,-71.9400835943064));
#4764=CARTESIAN_POINT('Ctrl Pts',(-64.0708060143857,51.870287157252,-71.8696162624107));
#4765=CARTESIAN_POINT('Ctrl Pts',(-63.999154422406,51.8984524588445,-71.7980596527734));
#4766=CARTESIAN_POINT('Ctrl Pts',(-63.9266536418413,51.9216476996021,-71.7256557302623));
#4767=CARTESIAN_POINT('Ctrl Pts',(-63.9189397783648,51.9241156029697,-71.7179521721892));
#4768=CARTESIAN_POINT('Ctrl Pts',(-63.9112162929359,51.9265271974412,-71.7102390098635));
#4769=CARTESIAN_POINT('Ctrl Pts',(-63.903483490712,51.9288822317327,-71.7025165268194));
#4770=CARTESIAN_POINT('Ctrl Pts',(-63.8305884432713,51.9510825067983,-71.6297187555123));
#4771=CARTESIAN_POINT('Ctrl Pts',(-63.7570145046444,51.9682155063876,-71.5562421505653));
#4772=CARTESIAN_POINT('Ctrl Pts',(-63.6830245518831,51.9801045933026,-71.4823273676312));
#4773=CARTESIAN_POINT('Ctrl Pts',(-63.6103793584781,51.991777597354,-71.4097559778499));
#4774=CARTESIAN_POINT('Ctrl Pts',(-63.5373327540865,51.998395790512,-71.3367615191863));
#4775=CARTESIAN_POINT('Ctrl Pts',(-63.4641275447426,51.9997426298462,-71.2635650009144));
#4776=CARTESIAN_POINT('Ctrl Pts',(-63.4548107973652,51.9999140406235,-71.2542493596402));
#4777=CARTESIAN_POINT('Ctrl Pts',(-63.4454914773104,52.,-71.2449304441885));
#4778=CARTESIAN_POINT('Ctrl Pts',(-63.4361700827636,52.,-71.2356087105852));
#4779=CARTESIAN_POINT('',(-63.436175122118,7.,-71.2355987376707));
#4780=CARTESIAN_POINT('Ctrl Pts',(-63.4361699667573,7.,-71.235609232087));
#4781=CARTESIAN_POINT('Ctrl Pts',(-63.5105621180136,7.,-71.3100040452544));
#4782=CARTESIAN_POINT('Ctrl Pts',(-63.584751150931,7.00546957595421,-71.3841503579739));
#4783=CARTESIAN_POINT('Ctrl Pts',(-63.6584875145041,7.01614612860402,-71.4578186423171));
#4784=CARTESIAN_POINT('Ctrl Pts',(-63.7321409087703,7.0268106678302,-71.5314040339574));
#4785=CARTESIAN_POINT('Ctrl Pts',(-63.8053430291963,7.04267089108191,-71.6045131558362));
#4786=CARTESIAN_POINT('Ctrl Pts',(-63.877842057783,7.06352038508053,-71.6769157173208));
#4787=CARTESIAN_POINT('Ctrl Pts',(-63.9506966205387,7.08447212469081,-71.7496733399011));
#4788=CARTESIAN_POINT('Ctrl Pts',(-64.0228415731983,7.11046254106516,-71.821718163525));
#4789=CARTESIAN_POINT('Ctrl Pts',(-64.0940124271596,7.14133233807911,-71.8928044768667));
#4790=CARTESIAN_POINT('Ctrl Pts',(-64.16472799052,7.17200465638308,-71.9634360404267));
#4791=CARTESIAN_POINT('Ctrl Pts',(-64.2344822540588,7.2074945449467,-72.0331219989884));
#4792=CARTESIAN_POINT('Ctrl Pts',(-64.303001231518,7.24768926253837,-72.1015991493704));
#4793=CARTESIAN_POINT('Ctrl Pts',(-64.3711881176976,7.28768916818603,-72.1697444111962));
#4794=CARTESIAN_POINT('Ctrl Pts',(-64.4378641608504,7.33217886900214,-72.2364034581766));
#4795=CARTESIAN_POINT('Ctrl Pts',(-64.5027838375664,7.38097855243578,-72.301335278289));
#4796=CARTESIAN_POINT('Ctrl Pts',(-64.5671111413957,7.42933295316304,-72.3656746147099));
#4797=CARTESIAN_POINT('Ctrl Pts',(-64.6297143394541,7.48191949719457,-72.4283187531478));
#4798=CARTESIAN_POINT('Ctrl Pts',(-64.690340571439,7.53860613836199,-72.4890105567976));
#4799=CARTESIAN_POINT('Ctrl Pts',(-64.749961096455,7.59435242502937,-72.5486955657335));
#4800=CARTESIAN_POINT('Ctrl Pts',(-64.8076700090522,7.65406435596114,-72.6064930454741));
#4801=CARTESIAN_POINT('Ctrl Pts',(-64.8632083869843,7.71765127604205,-72.6621274863204));
#4802=CARTESIAN_POINT('Ctrl Pts',(-64.9187467649163,7.78123819612295,-72.7177619271666));
#4803=CARTESIAN_POINT('Ctrl Pts',(-64.9721149731558,7.84870044161394,-72.7712339983213));
#4804=CARTESIAN_POINT('Ctrl Pts',(-65.0230304199308,7.91997688664862,-72.8222276306664));
#4805=CARTESIAN_POINT('Ctrl Pts',(-65.0706136945169,7.98658862965454,-72.8698839739514));
#4806=CARTESIAN_POINT('Ctrl Pts',(-65.115830824079,8.05621949042062,-72.915151479121));
#4807=CARTESIAN_POINT('Ctrl Pts',(-65.1584944290019,8.12876048247116,-72.9578119984856));
#4808=CARTESIAN_POINT('Ctrl Pts',(-65.2043890013336,8.20679509329903,-73.0037032515859));
#4809=CARTESIAN_POINT('Ctrl Pts',(-65.247329025395,8.28819759861501,-73.0465784900363));
#4810=CARTESIAN_POINT('Ctrl Pts',(-65.287198380101,8.37258821455026,-73.0863719279298));
#4811=CARTESIAN_POINT('Ctrl Pts',(-65.3268598587075,8.45653882356283,-73.1259578855489));
#4812=CARTESIAN_POINT('Ctrl Pts',(-65.3634827319977,8.54344732821436,-73.162494335048));
#4813=CARTESIAN_POINT('Ctrl Pts',(-65.3969303144421,8.63295930607563,-73.1958751230469));
#4814=CARTESIAN_POINT('Ctrl Pts',(-65.428484753369,8.71740487828824,-73.2273665481145));
#4815=CARTESIAN_POINT('Ctrl Pts',(-65.4572131009828,8.80416830101283,-73.2560492971046));
#4816=CARTESIAN_POINT('Ctrl Pts',(-65.4829805756948,8.89295764375783,-73.281797120699));
#4817=CARTESIAN_POINT('Ctrl Pts',(-65.5103592516895,8.98729885002544,-73.3091549168215));
#4818=CARTESIAN_POINT('Ctrl Pts',(-65.5342351830263,9.08337780881949,-73.3330410196131));
#4819=CARTESIAN_POINT('Ctrl Pts',(-65.5545358230807,9.18079150671571,-73.3533847823311));
#4820=CARTESIAN_POINT('Ctrl Pts',(-65.5747664646362,9.27786931310299,-73.3736583978593));
#4821=CARTESIAN_POINT('Ctrl Pts',(-65.5914465493795,9.37627355524756,-73.390414285087));
#4822=CARTESIAN_POINT('Ctrl Pts',(-65.6044819097021,9.47562216744656,-73.4035393208385));
#4823=CARTESIAN_POINT('Ctrl Pts',(-65.6171961405545,9.57252330090975,-73.4163410179423));
#4824=CARTESIAN_POINT('Ctrl Pts',(-65.6264430477275,9.67032365855431,-73.4256886197016));
#4825=CARTESIAN_POINT('Ctrl Pts',(-65.6321129162567,9.76867221865934,-73.4314340957483));
#4826=CARTESIAN_POINT('Ctrl Pts',(-65.6365423011239,9.84550356344234,-73.4359225463225));
#4827=CARTESIAN_POINT('Ctrl Pts',(-65.6387882158941,9.92266966149945,-73.4382118314487));
#4828=CARTESIAN_POINT('Ctrl Pts',(-65.6387882158941,10.,-73.4382118314487));
#4829=CARTESIAN_POINT('',(-57.4388393646028,7.,-65.2382629801574));
#4830=CARTESIAN_POINT('',(-54.3389132199454,7.,-62.1383368355));
#4831=CARTESIAN_POINT('Ctrl Pts',(-55.2474948582303,10.,-63.0469265280283));
#4832=CARTESIAN_POINT('Ctrl Pts',(-55.2474967862328,9.90072396149879,-63.0469253856388));
#4833=CARTESIAN_POINT('Ctrl Pts',(-55.2511934281161,9.80171404123148,-63.0506811757474));
#4834=CARTESIAN_POINT('Ctrl Pts',(-55.2584502825513,9.70332886449088,-63.0580133277028));
#4835=CARTESIAN_POINT('Ctrl Pts',(-55.2658317674368,9.60325400401919,-63.0654714032808));
#4836=CARTESIAN_POINT('Ctrl Pts',(-55.2768968876207,9.50382470427855,-63.0766298658798));
#4837=CARTESIAN_POINT('Ctrl Pts',(-55.2915336725296,9.4054128013235,-63.0913447263536));
#4838=CARTESIAN_POINT('Ctrl Pts',(-55.3062887003175,9.3062058804181,-63.1061784604379));
#4839=CARTESIAN_POINT('Ctrl Pts',(-55.3246734561971,9.20803197106181,-63.1246264784498));
#4840=CARTESIAN_POINT('Ctrl Pts',(-55.3466013901214,9.11127940778024,-63.1465851225522));
#4841=CARTESIAN_POINT('Ctrl Pts',(-55.3630804386222,9.03856894684982,-63.1630872500405));
#4842=CARTESIAN_POINT('Ctrl Pts',(-55.3815611464815,8.96666127990905,-63.1815729837697));
#4843=CARTESIAN_POINT('Ctrl Pts',(-55.4020164839121,8.89572858696544,-63.2020134190021));
#4844=CARTESIAN_POINT('Ctrl Pts',(-55.4291374939095,8.80168143272015,-63.2291146707009));
#4845=CARTESIAN_POINT('Ctrl Pts',(-55.4595733954143,8.7098771221706,-63.2594997910612));
#4846=CARTESIAN_POINT('Ctrl Pts',(-55.4931666085675,8.62066565351389,-63.2930253512967));
#4847=CARTESIAN_POINT('Ctrl Pts',(-55.526998415041,8.53082056697684,-63.3267890243526));
#4848=CARTESIAN_POINT('Ctrl Pts',(-55.5640326902228,8.44360440389757,-63.3637381317572));
#4849=CARTESIAN_POINT('Ctrl Pts',(-55.6041355832486,8.35938378954802,-63.4037703268181));
#4850=CARTESIAN_POINT('Ctrl Pts',(-55.642073121102,8.27971066614358,-63.4416409840422));
#4851=CARTESIAN_POINT('Ctrl Pts',(-55.6827571735644,8.20271779085156,-63.4822713060921));
#4852=CARTESIAN_POINT('Ctrl Pts',(-55.7260947194723,8.12873368076925,-63.5256078642212));
#4853=CARTESIAN_POINT('Ctrl Pts',(-55.7642014197784,8.06367945927946,-63.5637136959735));
#4854=CARTESIAN_POINT('Ctrl Pts',(-55.8043601188397,8.00095158151264,-63.603912518912));
#4855=CARTESIAN_POINT('Ctrl Pts',(-55.8464371436994,7.94063100554413,-63.6460474219542));
#4856=CARTESIAN_POINT('Ctrl Pts',(-55.8960117116308,7.86956213836575,-63.6956901811586));
#4857=CARTESIAN_POINT('Ctrl Pts',(-55.9480103166416,7.8021712596302,-63.7477854864809));
#4858=CARTESIAN_POINT('Ctrl Pts',(-56.0021638964682,7.73852446222668,-63.802030509362));
#4859=CARTESIAN_POINT('Ctrl Pts',(-56.057412867001,7.67359025020377,-63.8573727726125));
#4860=CARTESIAN_POINT('Ctrl Pts',(-56.1149051929371,7.61255267508843,-63.9149531102958));
#4861=CARTESIAN_POINT('Ctrl Pts',(-56.1743779492941,7.5555126281318,-63.9744906161644));
#4862=CARTESIAN_POINT('Ctrl Pts',(-56.2349137976534,7.4974529745276,-64.0350923714508));
#4863=CARTESIAN_POINT('Ctrl Pts',(-56.2975018725797,7.44353454466353,-64.0977224731226));
#4864=CARTESIAN_POINT('Ctrl Pts',(-56.3618830493037,7.39390240241807,-64.1621180016205));
#4865=CARTESIAN_POINT('Ctrl Pts',(-56.4190448605063,7.3498357467746,-64.2192925552648));
#4866=CARTESIAN_POINT('Ctrl Pts',(-56.4776206286109,7.3091483443559,-64.2778595854353));
#4867=CARTESIAN_POINT('Ctrl Pts',(-56.5374370827909,7.27197130357607,-64.3376507057694));
#4868=CARTESIAN_POINT('Ctrl Pts',(-56.6082487841655,7.22796051180014,-64.4084324165208));
#4869=CARTESIAN_POINT('Ctrl Pts',(-56.6805550438977,7.18902081041638,-64.4806821620436));
#4870=CARTESIAN_POINT('Ctrl Pts',(-56.7540519516202,7.15531880851891,-64.5541038535465));
#4871=CARTESIAN_POINT('Ctrl Pts',(-56.8275488593426,7.12161680662144,-64.6275255450494));
#4872=CARTESIAN_POINT('Ctrl Pts',(-56.9022369306639,7.09315201198338,-64.7021200420286));
#4873=CARTESIAN_POINT('Ctrl Pts',(-56.9778230776207,7.07014737024125,-64.77761435123));
#4874=CARTESIAN_POINT('Ctrl Pts',(-57.0535776212305,7.04709147698239,-64.8532768524813));
#4875=CARTESIAN_POINT('Ctrl Pts',(-57.1300686685794,7.02957056424783,-64.9296777963162));
#4876=CARTESIAN_POINT('Ctrl Pts',(-57.2070020906188,7.01779782042473,-65.0065422280241));
#4877=CARTESIAN_POINT('Ctrl Pts',(-57.2789630298386,7.00678599123208,-65.0784386360047));
#4878=CARTESIAN_POINT('Ctrl Pts',(-57.3513114338918,7.000803481548,-65.1507413188553));
#4879=CARTESIAN_POINT('Ctrl Pts',(-57.4238086871726,7.00007549714397,-65.2232328949033));
#4880=CARTESIAN_POINT('Ctrl Pts',(-57.4288182291591,7.00002519360456,-65.2282420445945));
#4881=CARTESIAN_POINT('Ctrl Pts',(-57.4338284813308,7.,-65.2332520968854));
#4882=CARTESIAN_POINT('Ctrl Pts',(-57.4388393646028,7.,-65.2382629801574));
#4883=CARTESIAN_POINT('Ctrl Pts',(-64.1573217308299,52.,-70.8295230700914));
#4884=CARTESIAN_POINT('Ctrl Pts',(-60.0334759384079,52.,-73.1714426667233));
#4885=CARTESIAN_POINT('Ctrl Pts',(-47.21597117791,52.,-79.4281039049114));
#4886=CARTESIAN_POINT('Ctrl Pts',(-15.1461391463506,52.,-88.6531353867328));
#4887=CARTESIAN_POINT('Ctrl Pts',(13.9085112265358,52.,-87.8090188141511));
#4888=CARTESIAN_POINT('Ctrl Pts',(32.3378139181008,52.,-83.3216895325808));
#4889=CARTESIAN_POINT('Ctrl Pts',(-64.6005754666789,52.,-71.6100409222778));
#4890=CARTESIAN_POINT('Ctrl Pts',(-60.4440152386714,52.,-73.9705389482804));
#4891=CARTESIAN_POINT('Ctrl Pts',(-47.5296213407821,52.,-80.2744749233548));
#4892=CARTESIAN_POINT('Ctrl Pts',(-15.2394868468422,52.,-89.560404286481));
#4893=CARTESIAN_POINT('Ctrl Pts',(13.9953661372275,52.,-88.7116932732312));
#4894=CARTESIAN_POINT('Ctrl Pts',(32.5501648066475,52.,-84.1938071233098));
#4895=CARTESIAN_POINT('Ctrl Pts',(-65.3679281622322,51.2465684718832,-72.9612590381398));
#4896=CARTESIAN_POINT('Ctrl Pts',(-61.1551238224003,51.2465684718832,-75.353697925733));
#4897=CARTESIAN_POINT('Ctrl Pts',(-48.0720968217591,51.2465684718832,-81.7396230957904));
#4898=CARTESIAN_POINT('Ctrl Pts',(-15.4023686763019,51.2465684718832,-91.1310920745585));
#4899=CARTESIAN_POINT('Ctrl Pts',(14.1472258170602,51.2465684718832,-90.2740218940308));
#4900=CARTESIAN_POINT('Ctrl Pts',(32.91778274994,51.2465684718832,-85.7036010177789));
#4901=CARTESIAN_POINT('Ctrl Pts',(-65.6387882160206,49.6731984257692,-73.4382118313769));
#4902=CARTESIAN_POINT('Ctrl Pts',(-61.405964186707,49.6731984257692,-75.8420198402893));
#4903=CARTESIAN_POINT('Ctrl Pts',(-48.2637973418783,49.6731984257693,-82.2568223695973));
#4904=CARTESIAN_POINT('Ctrl Pts',(-15.4593164461225,49.6731984257692,-91.6854959200193));
#4905=CARTESIAN_POINT('Ctrl Pts',(14.2001899391508,49.6731984257692,-90.8256481050288));
#4906=CARTESIAN_POINT('Ctrl Pts',(33.0475444833264,49.6731984257692,-86.2365278685412));
#4907=CARTESIAN_POINT('Ctrl Pts',(-65.6387882160206,49.,-73.4382118313769));
#4908=CARTESIAN_POINT('Ctrl Pts',(-61.4060400655826,49.,-75.8419767489045));
#4909=CARTESIAN_POINT('Ctrl Pts',(-48.2636982664811,49.,-82.2568080434021));
#4910=CARTESIAN_POINT('Ctrl Pts',(-15.4595651576732,49.,-91.6855038078933));
#4911=CARTESIAN_POINT('Ctrl Pts',(14.2004810184106,49.,-90.8255772304815));
#4912=CARTESIAN_POINT('Ctrl Pts',(33.0475444833264,49.,-86.2365278685412));
#4913=CARTESIAN_POINT('Ctrl Pts',(-63.4361781694325,52.,-71.2356041954396));
#4914=CARTESIAN_POINT('Ctrl Pts',(-59.5360707599633,52.,-73.4132071579972));
#4915=CARTESIAN_POINT('Ctrl Pts',(-46.9494741251472,52.,-79.5047629812398));
#4916=CARTESIAN_POINT('Ctrl Pts',(-15.6124631374354,52.,-88.5189951924764));
#4917=CARTESIAN_POINT('Ctrl Pts',(12.923174001934,52.,-87.8351401014066));
#4918=CARTESIAN_POINT('Ctrl Pts',(30.9291267478547,52.,-83.6566275956434));
#4919=CARTESIAN_POINT('Ctrl Pts',(-57.4388393646028,7.,-65.2382629801574));
#4920=CARTESIAN_POINT('Ctrl Pts',(-53.6022284661408,7.,-67.5164497463199));
#4921=CARTESIAN_POINT('Ctrl Pts',(-41.6272060286143,7.,-73.5809631085962));
#4922=CARTESIAN_POINT('Ctrl Pts',(-20.0507112506241,7.00000000000001,-79.8323716158887));
#4923=CARTESIAN_POINT('Ctrl Pts',(6.85059931763983,7.,-81.3055191679935));
#4924=CARTESIAN_POINT('Ctrl Pts',(24.5618072128987,7.,-78.2908184416113));
#4925=CARTESIAN_POINT('Ctrl Pts',(33.1229866358013,7.,-75.768000057249));
#4926=CARTESIAN_POINT('Ctrl Pts',(-56.9805512467652,7.,-64.4664767448729));
#4927=CARTESIAN_POINT('Ctrl Pts',(-53.1785803406058,7.,-66.7240942184666));
#4928=CARTESIAN_POINT('Ctrl Pts',(-41.3071343555278,7.,-72.7365588553543));
#4929=CARTESIAN_POINT('Ctrl Pts',(-19.9008280093397,7.00000000000001,-78.939563947462));
#4930=CARTESIAN_POINT('Ctrl Pts',(6.79957065386753,7.,-80.4020009686508));
#4931=CARTESIAN_POINT('Ctrl Pts',(24.3765036456305,7.,-77.4096648672797));
#4932=CARTESIAN_POINT('Ctrl Pts',(32.8692682086851,7.,-74.9070070539863));
#4933=CARTESIAN_POINT('Ctrl Pts',(-56.187119539355,7.75329688208338,-63.1302874644118));
#4934=CARTESIAN_POINT('Ctrl Pts',(-52.4447032477197,7.75329688208338,-65.35254129591));
#4935=CARTESIAN_POINT('Ctrl Pts',(-40.7530577143531,7.75329688208338,-71.2745829065845));
#4936=CARTESIAN_POINT('Ctrl Pts',(-19.6415055318974,7.75329688208338,-77.3940260693142));
#4937=CARTESIAN_POINT('Ctrl Pts',(6.71170662364638,7.75329688208338,-78.8376433158964));
#4938=CARTESIAN_POINT('Ctrl Pts',(24.054864191021,7.75329688208338,-75.8843714482652));
#4939=CARTESIAN_POINT('Ctrl Pts',(32.430006885965,7.75329688208338,-73.4163745848963));
#4940=CARTESIAN_POINT('Ctrl Pts',(-55.9071241590059,9.32680157423076,-62.6587574986855));
#4941=CARTESIAN_POINT('Ctrl Pts',(-52.1859059066194,9.32680157423076,-64.8684238946154));
#4942=CARTESIAN_POINT('Ctrl Pts',(-40.5575018677785,9.32680157423076,-70.7586915232686));
#4943=CARTESIAN_POINT('Ctrl Pts',(-19.5499189947367,9.32680157423077,-76.8485424952341));
#4944=CARTESIAN_POINT('Ctrl Pts',(6.68049048022759,9.32680157423076,-78.2856388557311));
#4945=CARTESIAN_POINT('Ctrl Pts',(23.9417192254533,9.32680157423076,-75.3460024621311));
#4946=CARTESIAN_POINT('Ctrl Pts',(32.2749952573913,9.32680157423076,-72.8903429160763));
#4947=CARTESIAN_POINT('Ctrl Pts',(-55.9071241590059,10.,-62.6587574986855));
#4948=CARTESIAN_POINT('Ctrl Pts',(-52.1858255615479,10.,-64.8684716036699));
#4949=CARTESIAN_POINT('Ctrl Pts',(-40.5575137425677,10.,-70.7586793022102));
#4950=CARTESIAN_POINT('Ctrl Pts',(-19.549951631532,10.,-76.8485762079034));
#4951=CARTESIAN_POINT('Ctrl Pts',(6.68058318296698,10.,-78.2856193101276));
#4952=CARTESIAN_POINT('Ctrl Pts',(23.9415605419074,10.,-75.3460492231843));
#4953=CARTESIAN_POINT('Ctrl Pts',(32.2749952573913,10.,-72.8903429160763));
#4954=CARTESIAN_POINT('',(30.5245784714874,7.,-76.5001175871891));
#4955=CARTESIAN_POINT('Ctrl Pts',(-57.4388393646028,7.,-65.2382629801574));
#4956=CARTESIAN_POINT('Ctrl Pts',(-53.6022284661408,7.,-67.5164497463199));
#4957=CARTESIAN_POINT('Ctrl Pts',(-41.6272060286143,7.,-73.5809631085962));
#4958=CARTESIAN_POINT('Ctrl Pts',(-20.0507112506241,7.00000000000001,-79.8323716158887));
#4959=CARTESIAN_POINT('Ctrl Pts',(5.94645047096702,7.,-81.2560069088479));
#4960=CARTESIAN_POINT('Ctrl Pts',(22.7754276339081,7.,-78.5846308444821));
#4961=CARTESIAN_POINT('Ctrl Pts',(30.5245922857678,7.,-76.5001689660785));
#4962=CARTESIAN_POINT('Ctrl Pts',(30.4650253493828,7.19238281470508,-75.4369571222516));
#4963=CARTESIAN_POINT('Ctrl Pts',(30.4704756535456,7.15669536505842,-75.5339586792819));
#4964=CARTESIAN_POINT('Ctrl Pts',(30.4760072712282,7.12573029334368,-75.6326230106742));
#4965=CARTESIAN_POINT('Ctrl Pts',(30.4816081265787,7.09966935280294,-75.7326004016472));
#4966=CARTESIAN_POINT('Ctrl Pts',(30.4840999291052,7.08807492419902,-75.7770800212462));
#4967=CARTESIAN_POINT('Ctrl Pts',(30.4866055198113,7.07745182174038,-75.8218197744285));
#4968=CARTESIAN_POINT('Ctrl Pts',(30.4891241648964,7.06781925428128,-75.8667897226942));
#4969=CARTESIAN_POINT('Ctrl Pts',(30.4949531322071,7.04552634720678,-75.9708648700616));
#4970=CARTESIAN_POINT('Ctrl Pts',(30.5008384364141,7.02858646398485,-76.0759320016488));
#4971=CARTESIAN_POINT('Ctrl Pts',(30.5067695267598,7.0172049925704,-76.1816145138708));
#4972=CARTESIAN_POINT('Ctrl Pts',(30.5127006171055,7.00582352115595,-76.2872970260927));
#4973=CARTESIAN_POINT('Ctrl Pts',(30.5186777301449,7.,-76.3935957988581));
#4974=CARTESIAN_POINT('Ctrl Pts',(30.5246941367322,7.,-76.500141568952));
#4975=CARTESIAN_POINT('Ctrl Pts',(32.3378139181007,7.,-83.3216895325808));
#4976=CARTESIAN_POINT('Ctrl Pts',(13.9085112257941,7.,-87.8090188143317));
#4977=CARTESIAN_POINT('Ctrl Pts',(-15.1462148665592,7.,-88.6528293289923));
#4978=CARTESIAN_POINT('Ctrl Pts',(-47.2159356531473,7.,-79.428263447579));
#4979=CARTESIAN_POINT('Ctrl Pts',(-60.0334759413132,7.,-73.1714426653087));
#4980=CARTESIAN_POINT('Ctrl Pts',(-64.157321735093,7.,-70.8295230676705));
#4981=CARTESIAN_POINT('Ctrl Pts',(32.5501648066475,7.,-84.1938071233098));
#4982=CARTESIAN_POINT('Ctrl Pts',(13.9953661364807,7.,-88.7116932734131));
#4983=CARTESIAN_POINT('Ctrl Pts',(-15.2395703488261,7.,-89.5600723588399));
#4984=CARTESIAN_POINT('Ctrl Pts',(-47.5295907673695,7.,-80.2746378631165));
#4985=CARTESIAN_POINT('Ctrl Pts',(-60.4440152415987,7.,-73.9705389468552));
#4986=CARTESIAN_POINT('Ctrl Pts',(-64.6005754709757,7.,-71.6100409198377));
#4987=CARTESIAN_POINT('Ctrl Pts',(32.9177969883624,7.75335160222477,-85.7036594944766));
#4988=CARTESIAN_POINT('Ctrl Pts',(14.1472400547273,7.75335160222477,-90.2740803709124));
#4989=CARTESIAN_POINT('Ctrl Pts',(-15.4024590681728,7.75335160222478,-91.1308048867861));
#4990=CARTESIAN_POINT('Ctrl Pts',(-48.0720764534911,7.75335160222477,-81.739863278041));
#4991=CARTESIAN_POINT('Ctrl Pts',(-61.1551535461455,7.75335160222477,-75.353750259097));
#4992=CARTESIAN_POINT('Ctrl Pts',(-65.3679578873669,7.75335160222477,-72.9613113704743));
#4993=CARTESIAN_POINT('Ctrl Pts',(33.0475444833264,9.32680157423076,-86.2365278685412));
#4994=CARTESIAN_POINT('Ctrl Pts',(14.2001899383922,9.32680157423076,-90.8256481052135));
#4995=CARTESIAN_POINT('Ctrl Pts',(-15.4593997249369,9.32680157423076,-91.685129616941));
#4996=CARTESIAN_POINT('Ctrl Pts',(-48.2637631374668,9.32680157423075,-82.2570071052417));
#4997=CARTESIAN_POINT('Ctrl Pts',(-61.405964189686,9.32680157423076,-75.8420198388391));
#4998=CARTESIAN_POINT('Ctrl Pts',(-65.6387882203962,9.32680157423076,-73.438211828892));
#4999=CARTESIAN_POINT('Ctrl Pts',(33.0475444833264,10.,-86.2365278685412));
#5000=CARTESIAN_POINT('Ctrl Pts',(14.200481017652,10.,-90.8255772306662));
#5001=CARTESIAN_POINT('Ctrl Pts',(-15.4596445660656,10.,-91.6851430048726));
#5002=CARTESIAN_POINT('Ctrl Pts',(-48.2636608674999,9.99999999999999,-82.2569956821734));
#5003=CARTESIAN_POINT('Ctrl Pts',(-61.4060400685616,10.,-75.8419767474543));
#5004=CARTESIAN_POINT('Ctrl Pts',(-65.6387882203962,10.,-73.438211828892));
#5005=CARTESIAN_POINT('',(30.9291093138709,7.,-83.65655246951));
#5006=CARTESIAN_POINT('Ctrl Pts',(30.9291498238671,7.,-83.6566218304618));
#5007=CARTESIAN_POINT('Ctrl Pts',(30.9348215997574,7.,-83.7570162204829));
#5008=CARTESIAN_POINT('Ctrl Pts',(30.9404565340195,7.00524041197072,-83.8570758591565));
#5009=CARTESIAN_POINT('Ctrl Pts',(30.9460450128041,7.01546234058246,-83.9564923159728));
#5010=CARTESIAN_POINT('Ctrl Pts',(30.9517344866937,7.02586900010089,-84.0577054290666));
#5011=CARTESIAN_POINT('Ctrl Pts',(30.9573759776222,7.04143908760271,-84.1582526247965));
#5012=CARTESIAN_POINT('Ctrl Pts',(30.9629602041435,7.06195418594976,-84.2578076940244));
#5013=CARTESIAN_POINT('Ctrl Pts',(30.9686142976779,7.08272595881381,-84.3586083458412));
#5014=CARTESIAN_POINT('Ctrl Pts',(30.9742098699534,7.10856754814334,-84.4583926880701));
#5015=CARTESIAN_POINT('Ctrl Pts',(30.9797354815472,7.13930380853347,-84.5568097669206));
#5016=CARTESIAN_POINT('Ctrl Pts',(30.9823717106639,7.15396785489337,-84.6037638396852));
#5017=CARTESIAN_POINT('Ctrl Pts',(30.9849919717962,7.1697467364692,-84.6504064445312));
#5018=CARTESIAN_POINT('Ctrl Pts',(30.9875946895424,7.18662519257485,-84.6966976737439));
#5019=CARTESIAN_POINT('Ctrl Pts',(30.9291266575065,7.,-83.6566272065021));
#5020=CARTESIAN_POINT('Ctrl Pts',(12.9231714853268,7.,-87.8351299202628));
#5021=CARTESIAN_POINT('Ctrl Pts',(-15.6125372381637,7.,-88.518695905522));
#5022=CARTESIAN_POINT('Ctrl Pts',(-46.949439637826,7.,-79.5049186223099));
#5023=CARTESIAN_POINT('Ctrl Pts',(-59.5360696274759,7.,-73.4132131064682));
#5024=CARTESIAN_POINT('Ctrl Pts',(-63.4361783638404,7.,-71.235604543613));
#5025=CARTESIAN_POINT('Origin',(-17.2689529480376,7.,-76.6085471154733));
#5026=CARTESIAN_POINT('',(31.1008823198189,7.,-86.6953376561094));
#5027=CARTESIAN_POINT('Origin',(30.3514985322656,-8.,-73.4382118314479));
#5028=CARTESIAN_POINT('Origin',(31.1008823198189,-8.,86.6953376561094));
#5029=CARTESIAN_POINT('Origin',(30.3514985322656,67.,73.4382118314479));
#5030=CARTESIAN_POINT('',(31.1008823198189,52.,86.6953376561094));
#5031=CARTESIAN_POINT('Origin',(-17.2689529480376,52.,76.6085471154733));
#5032=CARTESIAN_POINT('Origin',(-17.2689529480468,52.,-76.6085471154733));
#5033=CARTESIAN_POINT('',(0.,-8.,0.));
#5034=CARTESIAN_POINT('',(0.,-8.,0.));
#5035=CARTESIAN_POINT('',(0.,0.,0.));
#5036=CARTESIAN_POINT('',(113.,0.,0.));
#5037=CARTESIAN_POINT('',(113.,0.,0.));
#5038=CARTESIAN_POINT('',(113.,0.,0.));
#5039=CARTESIAN_POINT('polyline point',(125.,57.9999999999999,49.9999999999999));
#5040=CARTESIAN_POINT('polyline point',(125.,-6.21724893790088E-14,49.9999999999999));
#5041=CARTESIAN_POINT('polyline point',(94.1378027863693,-5.82867087928207E-14,
49.9999999999999));
#5042=CARTESIAN_POINT('polyline point',(94.1378027863693,57.9999999999999,
49.9999999999999));
#5043=CARTESIAN_POINT('',(0.,7.65671051465624E-15,49.9999999999999));
#5044=CARTESIAN_POINT('',(125.,0.,0.));
#5045=CARTESIAN_POINT('',(125.,0.,0.));
#5046=CARTESIAN_POINT('',(3.89971180777731,-2.22044604925031E-15,3.89971180777731));
#5047=CARTESIAN_POINT('',(119.7,0.,0.));
#5048=UNCERTAINTY_MEASURE_WITH_UNIT(LENGTH_MEASURE(0.01),#5052,
'DISTANCE_ACCURACY_VALUE',
'Maximum model space distance between geometric entities at asserted c
onnectivities');
#5049=UNCERTAINTY_MEASURE_WITH_UNIT(LENGTH_MEASURE(0.01),#5052,
'DISTANCE_ACCURACY_VALUE',
'Maximum model space distance between geometric entities at asserted c
onnectivities');
#5050=(
GEOMETRIC_REPRESENTATION_CONTEXT(3)
GLOBAL_UNCERTAINTY_ASSIGNED_CONTEXT((#5048))
GLOBAL_UNIT_ASSIGNED_CONTEXT((#5052,#5054,#5055))
REPRESENTATION_CONTEXT('','3D')
);
#5051=(
GEOMETRIC_REPRESENTATION_CONTEXT(3)
GLOBAL_UNCERTAINTY_ASSIGNED_CONTEXT((#5049))
GLOBAL_UNIT_ASSIGNED_CONTEXT((#5052,#5054,#5055))
REPRESENTATION_CONTEXT('','3D')
);
#5052=(
LENGTH_UNIT()
NAMED_UNIT(*)
SI_UNIT(.MILLI.,.METRE.)
);
#5053=(
LENGTH_UNIT()
NAMED_UNIT(*)
SI_UNIT(.CENTI.,.METRE.)
);
#5054=(
NAMED_UNIT(*)
PLANE_ANGLE_UNIT()
SI_UNIT($,.RADIAN.)
);
#5055=(
NAMED_UNIT(*)
SI_UNIT($,.STERADIAN.)
SOLID_ANGLE_UNIT()
);
#5056=SHAPE_DEFINITION_REPRESENTATION(#5057,#5058);
#5057=PRODUCT_DEFINITION_SHAPE('',$,#5060);
#5058=SHAPE_REPRESENTATION('',(#1861),#5050);
#5059=PRODUCT_DEFINITION_CONTEXT('part definition',#5064,'design');
#5060=PRODUCT_DEFINITION('physics lab 2 headset final2',
'physics lab 2 headset final2',#5061,#5059);
#5061=PRODUCT_DEFINITION_FORMATION('',$,#5066);
#5062=PRODUCT_RELATED_PRODUCT_CATEGORY('physics lab 2 headset final2',
'physics lab 2 headset final2',(#5066));
#5063=APPLICATION_PROTOCOL_DEFINITION('international standard',
'automotive_design',2009,#5064);
#5064=APPLICATION_CONTEXT(
'Core Data for Automotive Mechanical Design Process');
#5065=PRODUCT_CONTEXT('part definition',#5064,'mechanical');
#5066=PRODUCT('physics lab 2 headset final2',
'physics lab 2 headset final2',$,(#5065));
#5067=PRESENTATION_STYLE_ASSIGNMENT((#5069));
#5068=PRESENTATION_STYLE_ASSIGNMENT((#5070));
#5069=SURFACE_STYLE_USAGE(.BOTH.,#5073);
#5070=SURFACE_STYLE_USAGE(.BOTH.,#5074);
#5071=SURFACE_STYLE_RENDERING_WITH_PROPERTIES($,#5081,(#5072));
#5072=SURFACE_STYLE_TRANSPARENT(0.);
#5073=SURFACE_SIDE_STYLE('',(#5075,#5071));
#5074=SURFACE_SIDE_STYLE('',(#5076));
#5075=SURFACE_STYLE_FILL_AREA(#5077);
#5076=SURFACE_STYLE_FILL_AREA(#5078);
#5077=FILL_AREA_STYLE('',(#5079));
#5078=FILL_AREA_STYLE('',(#5080));
#5079=FILL_AREA_STYLE_COLOUR('',#5081);
#5080=FILL_AREA_STYLE_COLOUR('',#5082);
#5081=COLOUR_RGB('',0.749019607843137,0.749019607843137,0.749019607843137);
#5082=COLOUR_RGB('',0.913725490196078,0.913725490196078,0.);
ENDSEC;
END-ISO-10303-21;
